transaction_id,customer_id,amount_kobo,merchant_id,location,timestamp,is_fraud,fraud_pattern
TXN-004962,CUST-00219,4599176,MERCH-0005,Ibadan,2026-07-28 22:01:00.122970,0,none
TXN-008333,CUST-00027,1228132,MERCH-0097,Abuja,2026-09-19 18:59:00.412325,0,none
TXN-004623,CUST-00418,759442,MERCH-0092,Kaduna,2026-07-15 18:01:00.162716,0,none
TXN-001184,CUST-00187,3671366,MERCH-0043,Enugu,2026-09-21 10:34:00.592792,0,none
TXN-008100,CUST-00286,91499356,MERCH-0012,Kaduna,2026-07-12 12:29:00.082847,1,amount_anomaly
TXN-007709,CUST-00042,163658,MERCH-0095,Enugu,2026-07-28 07:08:00.543999,0,none
TXN-009492,CUST-00410,3460404,MERCH-0059,Ibadan,2026-09-28 19:28:00.964297,0,none
TXN-001374,CUST-00181,1730000,MERCH-0074,Kano,2026-09-23 01:27:00.242151,1,off_hours
TXN-002418,CUST-00369,3337695,MERCH-0012,Lagos,2026-08-09 16:01:00.089355,0,none
TXN-002389,CUST-00007,1245619,MERCH-0013,Abuja,2026-07-19 17:19:00.783593,0,none
TXN-009200,CUST-00432,1620498,MERCH-0038,Port Harcourt,2026-09-17 15:42:00.003505,0,none
TXN-005530,CUST-00358,2224152,MERCH-0041,Enugu,2026-08-04 19:26:00.348493,0,none
TXN-007508,CUST-00178,5869371,MERCH-0028,Kaduna,2026-08-18 10:51:00.411295,0,none
TXN-BURST-TXN-006100-1,CUST-00207,3409723,MERCH-0081,Port Harcourt,2026-09-06 17:56:00.922347,1,velocity_burst
TXN-002184,CUST-00292,3046894,MERCH-0084,Enugu,2026-09-02 14:14:00.498336,0,none
TXN-002665,CUST-00253,3757915,MERCH-0054,Kano,2026-09-15 16:46:00.538757,0,none
TXN-000040,CUST-00300,3404249,MERCH-0099,Ibadan,2026-08-31 14:50:00.166074,0,none
TXN-002010,CUST-00488,1828868,MERCH-0029,Benin City,2026-07-13 13:55:00.039448,0,none
TXN-006812,CUST-00199,5418301,MERCH-0026,Kano,2026-08-07 19:45:00.198216,0,none
TXN-004334,CUST-00366,594851,MERCH-0057,Port Harcourt,2026-09-13 02:42:00.652344,1,off_hours
TXN-004585,CUST-00447,1630627,MERCH-0079,Kaduna,2026-09-23 17:46:00.214734,0,none
TXN-007196,CUST-00048,3855870,MERCH-0085,Ibadan,2026-08-16 16:39:00.196280,0,none
TXN-003644,CUST-00135,1321219,MERCH-0044,Abuja,2026-07-08 12:35:00.481503,0,none
TXN-003356,CUST-00405,3024152,MERCH-0061,Lagos,2026-07-25 12:10:00.086772,0,none
TXN-009925,CUST-00231,2998714,MERCH-0090,Kaduna,2026-10-02 17:21:00.340283,0,none
TXN-003352,CUST-00498,3489125,MERCH-0065,Kano,2026-08-06 14:11:00.793962,0,none
TXN-000036,CUST-00323,3495737,MERCH-0012,Kaduna,2026-08-07 18:33:00.864768,0,none
TXN-000901,CUST-00104,3119600,MERCH-0050,Ibadan,2026-08-11 10:27:00.565476,0,none
TXN-006124,CUST-00209,3235069,MERCH-0044,Kaduna,2026-09-01 12:33:00.760280,0,none
TXN-002985,CUST-00461,1822678,MERCH-0077,Kano,2026-07-12 15:52:00.921718,0,none
TXN-002486,CUST-00294,2775677,MERCH-0015,Ibadan,2026-07-19 12:52:00.125986,0,none
TXN-001579,CUST-00020,2905082,MERCH-0097,Kano,2026-07-28 19:40:00.497309,0,none
TXN-003185,CUST-00035,2723667,MERCH-0068,Kano,2026-08-30 19:57:00.317441,0,none
TXN-003648,CUST-00354,2619177,MERCH-0053,Kaduna,2026-09-04 11:05:00.205850,0,none
TXN-002271,CUST-00266,4261356,MERCH-0053,Kaduna,2026-07-12 08:14:00.131168,0,none
TXN-009024,CUST-00408,1648786,MERCH-0067,Abuja,2026-07-09 10:30:00.158664,0,none
TXN-005332,CUST-00388,24812946,MERCH-0049,Port Harcourt,2026-09-17 10:16:00.825318,1,amount_anomaly
TXN-000451,CUST-00309,841444,MERCH-0031,Kaduna,2026-09-07 13:25:00.686582,0,none
TXN-000714,CUST-00033,4442073,MERCH-0059,Kano,2026-08-09 15:07:00.659301,0,none
TXN-005527,CUST-00388,1269811,MERCH-0049,Port Harcourt,2026-09-05 15:14:00.787488,0,none
TXN-003334,CUST-00427,5036640,MERCH-0036,Abuja,2026-08-15 10:06:00.757520,0,none
TXN-002040,CUST-00376,3412589,MERCH-0008,Kaduna,2026-08-04 20:09:00.679639,0,none
TXN-002289,CUST-00289,3481253,MERCH-0019,Kano,2026-08-29 16:41:00.711553,0,none
TXN-001414,CUST-00003,2669002,MERCH-0076,Lagos,2026-09-10 18:47:00.639071,0,none
TXN-005614,CUST-00422,1916477,MERCH-0088,Kaduna,2026-08-03 10:46:00.902860,0,none
TXN-000322,CUST-00400,628297,MERCH-0077,Enugu,2026-10-02 13:49:00.660180,0,none
TXN-007989,CUST-00497,2039283,MERCH-0076,Kaduna,2026-07-17 13:49:00.838903,0,none
TXN-008197,CUST-00188,3636778,MERCH-0044,Abuja,2026-09-22 12:37:00.083558,0,none
TXN-005141,CUST-00151,738324,MERCH-0074,Enugu,2026-07-15 12:35:00.000849,0,none
TXN-002292,CUST-00129,3005823,MERCH-0076,Kano,2026-07-12 17:29:00.836400,0,none
TXN-007702,CUST-00049,4392948,MERCH-0071,Port Harcourt,2026-08-10 11:03:00.445229,0,none
TXN-008748,CUST-00390,1116746,MERCH-0071,Enugu,2026-07-20 15:02:00.504622,0,none
TXN-000961,CUST-00430,3642353,MERCH-0001,Lagos,2026-07-22 11:34:00.451268,0,none
TXN-004878,CUST-00105,1634606,MERCH-0068,Lagos,2026-08-11 22:49:00.987025,0,none
TXN-005999,CUST-00303,1900235,MERCH-0091,Abuja,2026-09-04 12:18:00.594280,0,none
TXN-003048,CUST-00115,3131236,MERCH-0037,Enugu,2026-08-10 16:43:00.473286,0,none
TXN-006662,CUST-00285,3308950,MERCH-0040,Kano,2026-08-06 12:35:00.086413,0,none
TXN-009961,CUST-00477,3008116,MERCH-0067,Lagos,2026-08-13 16:34:00.740027,0,none
TXN-BURST-TXN-000693-1,CUST-00463,3975598,MERCH-0038,Port Harcourt,2026-07-15 17:02:00.816442,1,velocity_burst
TXN-007621,CUST-00192,4948338,MERCH-0057,Benin City,2026-09-02 09:27:00.340246,0,none
TXN-005435,CUST-00349,2851117,MERCH-0071,Kaduna,2026-07-21 09:55:00.078868,0,none
TXN-000851,CUST-00308,3090881,MERCH-0046,Kaduna,2026-09-22 15:37:00.109771,0,none
TXN-003015,CUST-00204,2660701,MERCH-0011,Port Harcourt,2026-08-09 08:12:00.469207,0,none
TXN-005370,CUST-00443,3006447,MERCH-0002,Benin City,2026-08-11 11:30:00.687753,0,none
TXN-008125,CUST-00368,3435552,MERCH-0020,Enugu,2026-08-21 07:54:00.992335,0,none
TXN-007763,CUST-00423,2929804,MERCH-0043,Ibadan,2026-08-27 14:04:00.580881,0,none
TXN-001023,CUST-00324,2282225,MERCH-0074,Enugu,2026-08-04 19:09:00.688092,0,none
TXN-000543,CUST-00024,1573831,MERCH-0084,Abuja,2026-09-12 18:01:00.038350,0,none
TXN-001003,CUST-00160,1077118,MERCH-0012,Lagos,2026-07-08 10:38:00.153822,0,none
TXN-004402,CUST-00124,3015038,MERCH-0084,Kaduna,2026-08-04 10:34:00.565242,0,none
TXN-002166,CUST-00013,4899142,MERCH-0012,Enugu,2026-08-12 09:18:00.022350,0,none
TXN-000591,CUST-00189,35789850,MERCH-0042,Port Harcourt,2026-10-03 09:53:00.840539,1,amount_anomaly
TXN-002612,CUST-00025,686808,MERCH-0032,Abuja,2026-09-17 10:45:00.416458,0,none
TXN-002246,CUST-00461,1873277,MERCH-0042,Kano,2026-08-10 16:47:00.775954,0,none
TXN-007984,CUST-00139,1141680,MERCH-0065,Enugu,2026-08-25 08:18:00.502504,0,none
TXN-002013,CUST-00164,4275490,MERCH-0037,Enugu,2026-07-07 12:11:00.434462,0,none
TXN-004575,CUST-00208,3868612,MERCH-0010,Port Harcourt,2026-08-22 18:44:00.972368,0,none
TXN-000488,CUST-00009,2577101,MERCH-0082,Abuja,2026-08-09 15:19:00.711092,0,none
TXN-005468,CUST-00456,2902984,MERCH-0085,Kaduna,2026-08-16 14:40:00.005328,0,none
TXN-002615,CUST-00151,790021,MERCH-0055,Enugu,2026-09-13 12:26:00.948653,0,none
TXN-007442,CUST-00426,2866372,MERCH-0024,Benin City,2026-08-17 16:51:00.628035,0,none
TXN-000501,CUST-00181,3497875,MERCH-0086,Kano,2026-08-20 18:15:00.191632,0,none
TXN-008958,CUST-00419,847617,MERCH-0064,Ibadan,2026-07-23 20:26:00.285350,0,none
TXN-000252,CUST-00121,165228320,MERCH-0048,Kaduna,2026-08-02 18:42:00.299799,1,amount_anomaly
TXN-001906,CUST-00152,3296350,MERCH-0042,Enugu,2026-08-24 14:11:00.825957,0,none
TXN-007536,CUST-00234,688252,MERCH-0061,Kano,2026-09-16 10:43:00.663271,0,none
TXN-000484,CUST-00114,4164903,MERCH-0046,Enugu,2026-09-16 18:57:00.815321,0,none
TXN-000336,CUST-00275,5675347,MERCH-0098,Enugu,2026-09-27 15:43:00.536836,0,none
TXN-002523,CUST-00398,4427685,MERCH-0005,Ibadan,2026-09-02 14:02:00.367903,0,none
TXN-007970,CUST-00463,2581154,MERCH-0092,Port Harcourt,2026-09-23 11:27:00.045727,0,none
TXN-004170,CUST-00074,5548112,MERCH-0042,Kaduna,2026-07-25 18:25:00.258735,0,none
TXN-004263,CUST-00320,1488798,MERCH-0084,Abuja,2026-09-07 11:37:00.859252,0,none
TXN-000440,CUST-00063,2389074,MERCH-0069,Enugu,2026-09-02 15:59:00.146779,0,none
TXN-005617,CUST-00254,1435692,MERCH-0077,Lagos,2026-08-14 11:43:00.111852,0,none
TXN-002955,CUST-00482,1086345,MERCH-0050,Port Harcourt,2026-09-06 13:16:00.360347,0,none
TXN-003430,CUST-00456,3694939,MERCH-0098,Kaduna,2026-09-28 09:04:00.202278,0,none
TXN-003783,CUST-00452,3536814,MERCH-0059,Ibadan,2026-09-13 17:48:00.644023,0,none
TXN-004504,CUST-00048,3750920,MERCH-0039,Ibadan,2026-07-21 13:08:00.864846,0,none
TXN-005776,CUST-00064,751517,MERCH-0049,Enugu,2026-09-23 13:17:00.412669,0,none
TXN-005651,CUST-00486,3956459,MERCH-0094,Kano,2026-09-08 20:52:00.513048,0,none
TXN-007949,CUST-00108,1329524,MERCH-0013,Lagos,2026-07-27 12:07:00.439930,0,none
TXN-002272,CUST-00020,2697806,MERCH-0094,Kano,2026-07-23 12:05:00.089952,0,none
TXN-006885,CUST-00278,4881114,MERCH-0036,Ibadan,2026-08-04 16:21:00.329508,0,none
TXN-002089,CUST-00444,1899618,MERCH-0048,Kano,2026-08-22 14:52:00.762025,0,none
TXN-008887,CUST-00455,4789662,MERCH-0029,Ibadan,2026-09-18 08:30:00.783648,0,none
TXN-005145,CUST-00061,2426744,MERCH-0049,Enugu,2026-08-03 13:05:00.666283,0,none
TXN-004723,CUST-00174,3428671,MERCH-0035,Kaduna,2026-08-27 17:51:00.527674,0,none
TXN-001804,CUST-00002,3627307,MERCH-0028,Abuja,2026-08-02 09:05:00.727272,0,none
TXN-000034,CUST-00377,782011,MERCH-0043,Ibadan,2026-07-29 18:42:00.000406,0,none
TXN-007094,CUST-00468,4463353,MERCH-0089,Ibadan,2026-09-01 09:27:00.012804,0,none
TXN-006084,CUST-00230,2428116,MERCH-0037,Enugu,2026-08-24 13:54:00.583878,0,none
TXN-006716,CUST-00131,5760078,MERCH-0094,Benin City,2026-09-14 18:17:00.764177,0,none
TXN-000120,CUST-00336,3204462,MERCH-0025,Port Harcourt,2026-08-12 11:24:00.966984,0,none
TXN-006081,CUST-00142,620241,MERCH-0045,Port Harcourt,2026-07-28 10:49:00.677603,0,none
TXN-008411,CUST-00462,3576415,MERCH-0018,Ibadan,2026-09-10 18:20:00.033646,0,none
TXN-006062,CUST-00433,4527371,MERCH-0052,Benin City,2026-07-13 13:35:00.035902,0,none
TXN-009354,CUST-00157,825628,MERCH-0082,Abuja,2026-09-16 16:15:00.555227,0,none
TXN-006499,CUST-00454,5106464,MERCH-0080,Abuja,2026-08-11 13:44:00.643607,0,none
TXN-007873,CUST-00274,3079908,MERCH-0048,Ibadan,2026-07-21 20:19:00.044963,0,none
TXN-007153,CUST-00212,4873334,MERCH-0025,Enugu,2026-09-23 11:21:00.450285,0,none
TXN-001651,CUST-00019,146457056,MERCH-0085,Abuja,2026-08-06 19:03:00.811504,1,amount_anomaly
TXN-001863,CUST-00012,1044096,MERCH-0034,Kaduna,2026-07-31 19:25:00.981064,0,none
TXN-005211,CUST-00113,853550,MERCH-0082,Kano,2026-08-12 16:46:00.985068,0,none
TXN-008258,CUST-00224,1377770,MERCH-0057,Enugu,2026-07-16 15:25:00.081644,0,none
TXN-003108,CUST-00406,397003,MERCH-0036,Benin City,2026-07-13 08:49:00.900615,0,none
TXN-002123,CUST-00448,3723652,MERCH-0041,Kaduna,2026-07-29 08:55:00.148205,0,none
TXN-002944,CUST-00259,6967525,MERCH-0039,Enugu,2026-09-24 09:15:00.061604,0,none
TXN-005050,CUST-00341,2793550,MERCH-0066,Kano,2026-07-09 06:23:00.407924,0,none
TXN-008616,CUST-00104,5605083,MERCH-0050,Ibadan,2026-07-15 19:13:00.803856,0,none
TXN-003856,CUST-00052,3923061,MERCH-0097,Abuja,2026-08-09 11:05:00.377266,0,none
TXN-004619,CUST-00230,6367435,MERCH-0092,Enugu,2026-10-01 11:24:00.629671,0,none
TXN-008754,CUST-00463,3995035,MERCH-0027,Port Harcourt,2026-07-23 10:33:00.457305,0,none
TXN-002320,CUST-00052,3139228,MERCH-0040,Abuja,2026-07-24 12:57:00.842869,0,none
TXN-006792,CUST-00338,2039062,MERCH-0023,Benin City,2026-08-01 11:15:00.622822,0,none
TXN-000097,CUST-00077,2407539,MERCH-0068,Ibadan,2026-09-22 10:43:00.024868,0,none
TXN-004054,CUST-00340,5378277,MERCH-0055,Lagos,2026-09-20 14:10:00.084094,0,none
TXN-000305,CUST-00409,600032,MERCH-0004,Kano,2026-08-30 18:02:00.448355,0,none
TXN-008804,CUST-00377,900079,MERCH-0026,Ibadan,2026-07-19 17:06:00.276944,0,none
TXN-008791,CUST-00376,4120087,MERCH-0008,Kaduna,2026-08-09 20:35:00.708898,0,none
TXN-001670,CUST-00333,2695083,MERCH-0079,Kaduna,2026-08-05 08:59:00.461335,0,none
TXN-006344,CUST-00279,1871709,MERCH-0092,Lagos,2026-08-13 11:46:00.317878,0,none
TXN-009513,CUST-00296,2354120,MERCH-0092,Kano,2026-07-14 14:27:00.047499,0,none
TXN-000319,CUST-00459,1610220,MERCH-0058,Benin City,2026-08-19 16:42:00.125719,0,none
TXN-008264,CUST-00486,4059509,MERCH-0083,Kano,2026-08-13 15:44:00.111641,1,velocity_burst
TXN-BURST-TXN-009828-0,CUST-00256,4206991,MERCH-0099,Kano,2026-08-26 10:06:30.048096,1,velocity_burst
TXN-002125,CUST-00420,8067812,MERCH-0074,Port Harcourt,2026-09-05 11:53:00.076007,0,none
TXN-004344,CUST-00391,3420483,MERCH-0074,Port Harcourt,2026-08-20 17:29:00.972788,0,none
TXN-001732,CUST-00050,2131626,MERCH-0039,Kano,2026-07-09 10:56:00.130527,0,none
TXN-001191,CUST-00350,2242471,MERCH-0010,Enugu,2026-07-12 16:46:00.064022,0,none
TXN-001852,CUST-00276,3058393,MERCH-0022,Enugu,2026-08-28 12:44:00.371808,0,none
TXN-009519,CUST-00344,1712024,MERCH-0002,Kano,2026-07-30 16:19:00.398864,0,none
TXN-003722,CUST-00336,3498536,MERCH-0025,Port Harcourt,2026-08-03 16:15:00.646838,0,none
TXN-001517,CUST-00320,1364066,MERCH-0032,Abuja,2026-09-09 13:04:00.115881,0,none
TXN-002545,CUST-00440,100901835,MERCH-0002,Kaduna,2026-08-31 17:09:00.274775,1,amount_anomaly
TXN-009646,CUST-00500,3058440,MERCH-0048,Kaduna,2026-09-11 16:34:00.293126,0,none
TXN-003081,CUST-00418,883196,MERCH-0084,Kaduna,2026-07-28 18:08:00.101724,0,none
TXN-004982,CUST-00283,3163727,MERCH-0056,Kaduna,2026-09-25 18:53:00.425911,0,none
TXN-007780,CUST-00329,4767316,MERCH-0016,Ibadan,2026-08-17 12:11:00.869352,0,none
TXN-006259,CUST-00395,1237935,MERCH-0058,Enugu,2026-08-07 21:46:00.788667,0,none
TXN-008522,CUST-00288,2316884,MERCH-0072,Lagos,2026-08-21 18:49:00.535134,0,none
TXN-006040,CUST-00323,5751570,MERCH-0086,Kaduna,2026-08-25 16:58:00.965500,0,none
TXN-000312,CUST-00345,231711,MERCH-0043,Benin City,2026-07-20 09:00:00.021029,0,none
TXN-BURST-TXN-003191-1,CUST-00296,2153639,MERCH-0049,Kano,2026-08-24 17:38:00.656305,1,velocity_burst
TXN-002847,CUST-00424,4628161,MERCH-0025,Abuja,2026-08-06 07:42:00.814910,0,none
TXN-003195,CUST-00239,619845,MERCH-0087,Kano,2026-08-09 17:49:00.305903,0,none
TXN-005268,CUST-00189,1277845,MERCH-0038,Port Harcourt,2026-07-15 12:58:00.062016,0,none
TXN-002358,CUST-00260,1515575,MERCH-0019,Kaduna,2026-07-30 08:11:00.730427,0,none
TXN-008834,CUST-00494,5226235,MERCH-0014,Kaduna,2026-09-12 17:23:00.539445,0,none
TXN-009114,CUST-00409,536474,MERCH-0100,Kano,2026-08-18 21:02:00.192908,0,none
TXN-002620,CUST-00040,1237635,MERCH-0019,Kano,2026-08-21 20:06:00.110138,0,none
TXN-009066,CUST-00180,1345988,MERCH-0074,Kaduna,2026-07-18 20:51:00.669433,0,none
TXN-000108,CUST-00179,4595246,MERCH-0039,Kano,2026-08-23 14:22:00.404130,0,none
TXN-002895,CUST-00317,982030,MERCH-0100,Ibadan,2026-07-15 11:08:00.373561,0,none
TXN-000533,CUST-00176,2816315,MERCH-0029,Benin City,2026-07-31 09:27:00.166474,0,none
TXN-006337,CUST-00297,6259233,MERCH-0090,Enugu,2026-10-03 14:31:00.996816,0,none
TXN-BURST-TXN-008067-0,CUST-00325,2468930,MERCH-0013,Kano,2026-09-08 17:12:30.703483,1,velocity_burst
TXN-009848,CUST-00322,3543524,MERCH-0096,Enugu,2026-09-11 15:31:00.965853,0,none
TXN-001200,CUST-00415,414101,MERCH-0040,Kano,2026-09-12 18:46:00.922154,0,none
TXN-008833,CUST-00377,557135,MERCH-0079,Ibadan,2026-09-20 10:23:00.601424,0,none
TXN-002139,CUST-00201,3108835,MERCH-0074,Port Harcourt,2026-09-13 10:14:00.143010,0,none
TXN-004123,CUST-00388,37219419,MERCH-0094,Port Harcourt,2026-07-10 18:46:00.518456,1,amount_anomaly
TXN-001370,CUST-00488,1361431,MERCH-0024,Benin City,2026-07-11 19:36:00.712262,0,none
TXN-003690,CUST-00034,1652213,MERCH-0045,Abuja,2026-09-04 12:20:00.319917,0,none
TXN-009741,CUST-00423,3953545,MERCH-0060,Ibadan,2026-09-07 15:33:00.870533,0,none
TXN-004399,CUST-00095,2246122,MERCH-0052,Abuja,2026-07-23 12:24:00.019448,0,none
TXN-001027,CUST-00470,1394390,MERCH-0023,Benin City,2026-08-29 15:58:00.730111,0,none
TXN-003718,CUST-00178,2657879,MERCH-0028,Kaduna,2026-08-14 12:45:00.906130,0,none
TXN-009820,CUST-00306,4902200,MERCH-0001,Ibadan,2026-07-16 00:25:00.012123,1,off_hours
TXN-009449,CUST-00367,65696948,MERCH-0074,Benin City,2026-09-22 09:08:00.691937,1,amount_anomaly
TXN-003583,CUST-00040,776989,MERCH-0019,Kano,2026-09-01 19:38:00.661210,0,none
TXN-005799,CUST-00377,672004,MERCH-0026,Ibadan,2026-09-12 15:52:00.874124,0,none
TXN-005571,CUST-00250,152997538,MERCH-0088,Kano,2026-09-18 21:38:00.726979,1,amount_anomaly
TXN-001057,CUST-00491,3606665,MERCH-0058,Abuja,2026-08-26 10:51:00.266485,0,none
TXN-009536,CUST-00168,1687006,MERCH-0038,Ibadan,2026-08-12 09:45:00.112435,0,none
TXN-009483,CUST-00247,6349164,MERCH-0008,Abuja,2026-09-13 15:56:00.101949,0,none
TXN-003689,CUST-00472,734210,MERCH-0042,Port Harcourt,2026-08-13 19:08:00.061915,0,none
TXN-003299,CUST-00435,2109029,MERCH-0085,Lagos,2026-08-08 08:37:00.313418,0,none
TXN-005326,CUST-00319,4489910,MERCH-0091,Benin City,2026-07-16 20:55:00.803334,0,none
TXN-006031,CUST-00415,458239,MERCH-0049,Kano,2026-09-18 19:04:00.849124,0,none
TXN-006829,CUST-00360,1972208,MERCH-0016,Abuja,2026-08-02 09:18:00.387572,0,none
TXN-001769,CUST-00119,2262846,MERCH-0019,Port Harcourt,2026-07-17 15:21:00.463475,0,none
TXN-005315,CUST-00486,5072857,MERCH-0083,Kano,2026-09-18 18:58:00.997293,0,none
TXN-BURST-TXN-004307-1,CUST-00451,1152619,MERCH-0065,Kano,2026-08-21 13:31:00.199691,1,velocity_burst
TXN-002628,CUST-00126,4949422,MERCH-0012,Benin City,2026-07-28 11:45:00.759607,0,none
TXN-004216,CUST-00476,1831000,MERCH-0083,Lagos,2026-09-22 16:56:00.429073,0,none
TXN-003296,CUST-00406,653546,MERCH-0063,Benin City,2026-07-15 17:42:00.985474,0,none
TXN-002993,CUST-00247,5016688,MERCH-0008,Abuja,2026-08-30 11:49:00.559977,0,none
TXN-008537,CUST-00482,343422,MERCH-0050,Port Harcourt,2026-09-25 10:48:00.289800,1,velocity_burst
TXN-007916,CUST-00373,5306445,MERCH-0085,Kaduna,2026-09-09 13:42:00.323853,0,none
TXN-000304,CUST-00223,3014900,MERCH-0030,Lagos,2026-07-20 12:59:00.805086,0,none
TXN-009385,CUST-00159,2781725,MERCH-0040,Port Harcourt,2026-08-06 12:02:00.627253,0,none
TXN-009130,CUST-00468,4618837,MERCH-0050,Ibadan,2026-09-11 16:06:00.028488,0,none
TXN-008884,CUST-00346,2936142,MERCH-0008,Abuja,2026-09-30 14:41:00.071842,0,none
TXN-006388,CUST-00055,2879901,MERCH-0100,Enugu,2026-09-08 07:58:00.413883,0,none
TXN-000796,CUST-00306,3696708,MERCH-0036,Ibadan,2026-09-25 13:31:00.703938,0,none
TXN-008971,CUST-00381,2867473,MERCH-0086,Kaduna,2026-07-14 15:13:00.630712,0,none
TXN-001285,CUST-00045,5008657,MERCH-0034,Enugu,2026-09-16 13:35:00.570686,1,velocity_burst
TXN-005230,CUST-00047,5251465,MERCH-0001,Abuja,2026-08-12 12:06:00.186486,0,none
TXN-004522,CUST-00432,1203170,MERCH-0059,Port Harcourt,2026-10-04 12:35:00.235627,0,none
TXN-001489,CUST-00148,526262,MERCH-0099,Lagos,2026-09-01 08:11:00.173193,0,none
TXN-001085,CUST-00418,1589727,MERCH-0020,Kaduna,2026-09-11 18:29:00.108089,0,none
TXN-003799,CUST-00460,4579399,MERCH-0056,Kano,2026-10-03 09:13:00.390296,0,none
TXN-004099,CUST-00315,5527634,MERCH-0070,Kaduna,2026-07-17 13:30:00.809595,1,velocity_burst
TXN-001767,CUST-00373,3817467,MERCH-0021,Kaduna,2026-07-28 15:14:00.846837,0,none
TXN-004515,CUST-00290,4540346,MERCH-0010,Ibadan,2026-08-31 08:56:00.510693,1,geo_anomaly
TXN-001156,CUST-00128,2675096,MERCH-0019,Ibadan,2026-09-03 18:29:00.562009,0,none
TXN-000566,CUST-00327,965221,MERCH-0022,Port Harcourt,2026-09-14 17:46:00.765370,0,none
TXN-007218,CUST-00351,6150745,MERCH-0006,Abuja,2026-09-19 17:58:00.522001,0,none
TXN-007258,CUST-00086,1617006,MERCH-0011,Abuja,2026-07-25 13:25:00.691637,0,none
TXN-002681,CUST-00476,2026953,MERCH-0032,Lagos,2026-09-26 14:54:00.417403,0,none
TXN-BURST-TXN-002907-0,CUST-00159,3425599,MERCH-0060,Port Harcourt,2026-09-09 10:52:30.266969,1,velocity_burst
TXN-003579,CUST-00304,660359,MERCH-0023,Abuja,2026-10-02 10:25:00.345364,0,none
TXN-002068,CUST-00489,1393204,MERCH-0007,Port Harcourt,2026-08-07 11:55:00.366157,0,none
TXN-007291,CUST-00430,2012331,MERCH-0081,Lagos,2026-08-09 19:05:00.755471,0,none
TXN-007459,CUST-00095,4313476,MERCH-0099,Abuja,2026-07-30 16:35:00.472912,0,none
TXN-001091,CUST-00415,410653,MERCH-0092,Kano,2026-09-13 20:46:00.721682,0,none
TXN-004683,CUST-00437,2346189,MERCH-0035,Kano,2026-09-20 17:15:00.000622,0,none
TXN-006706,CUST-00420,1707264,MERCH-0091,Port Harcourt,2026-08-08 10:15:00.516574,0,none
TXN-007232,CUST-00048,4006977,MERCH-0043,Ibadan,2026-09-29 09:47:00.593338,0,none
TXN-001369,CUST-00280,1216479,MERCH-0073,Enugu,2026-07-21 13:13:00.095399,0,none
TXN-004039,CUST-00063,1429908,MERCH-0051,Enugu,2026-09-04 19:13:00.584710,0,none
TXN-007392,CUST-00414,2028454,MERCH-0003,Ibadan,2026-08-06 12:33:00.789119,0,none
TXN-007624,CUST-00259,2631713,MERCH-0020,Enugu,2026-09-15 09:11:00.985122,0,none
TXN-007088,CUST-00058,3634157,MERCH-0057,Ibadan,2026-09-17 11:43:00.283976,0,none
TXN-000534,CUST-00451,735110,MERCH-0043,Kano,2026-09-01 04:28:00.059762,1,off_hours
TXN-003459,CUST-00412,3567664,MERCH-0034,Kaduna,2026-08-25 20:04:00.433729,0,none
TXN-003906,CUST-00292,2013096,MERCH-0042,Enugu,2026-07-30 16:28:00.187899,0,none
TXN-003762,CUST-00279,2372729,MERCH-0092,Lagos,2026-07-22 15:25:00.620821,0,none
TXN-005016,CUST-00148,417270,MERCH-0098,Lagos,2026-10-01 15:25:00.376381,0,none
TXN-001510,CUST-00468,3264449,MERCH-0088,Ibadan,2026-09-24 12:16:00.251051,0,none
TXN-008021,CUST-00113,724153,MERCH-0026,Kano,2026-09-01 17:57:00.145759,0,none
TXN-007325,CUST-00413,800480,MERCH-0074,Port Harcourt,2026-07-27 16:33:00.015849,0,none
TXN-006453,CUST-00117,1703388,MERCH-0094,Lagos,2026-09-27 17:09:00.912747,0,none
TXN-004448,CUST-00470,2706015,MERCH-0024,Benin City,2026-09-11 11:24:00.508120,0,none
TXN-004416,CUST-00002,2621846,MERCH-0030,Abuja,2026-08-21 17:31:00.191603,0,none
TXN-009140,CUST-00391,3015392,MERCH-0051,Port Harcourt,2026-09-05 17:15:00.566983,0,none
TXN-001703,CUST-00108,838155,MERCH-0056,Lagos,2026-09-05 02:22:00.027683,1,off_hours
TXN-001509,CUST-00056,7751541,MERCH-0086,Kano,2026-10-01 17:57:00.550246,0,none
TXN-006663,CUST-00011,2219692,MERCH-0084,Abuja,2026-08-30 17:00:00.130113,0,none
TXN-BURST-TXN-004502-1,CUST-00057,4665783,MERCH-0058,Benin City,2026-08-30 13:51:00.235861,1,velocity_burst
TXN-002288,CUST-00062,2965687,MERCH-0063,Enugu,2026-08-22 19:02:00.879731,0,none
TXN-009854,CUST-00067,2597376,MERCH-0073,Lagos,2026-07-17 17:40:00.873941,0,none
TXN-000669,CUST-00366,1351543,MERCH-0083,Port Harcourt,2026-08-11 10:29:00.795404,0,none
TXN-002151,CUST-00429,3512532,MERCH-0001,Enugu,2026-09-21 19:06:00.758082,0,none
TXN-005482,CUST-00358,1757880,MERCH-0090,Enugu,2026-07-17 14:56:00.460698,0,none
TXN-007493,CUST-00136,1378058,MERCH-0020,Enugu,2026-07-14 18:51:00.000034,0,none
TXN-008790,CUST-00450,1827408,MERCH-0083,Benin City,2026-08-23 15:28:00.672627,0,none
TXN-005136,CUST-00267,478359,MERCH-0020,Kano,2026-08-30 20:41:00.946748,0,none
TXN-008606,CUST-00418,683974,MERCH-0039,Kaduna,2026-07-16 09:48:00.424533,0,none
TXN-005957,CUST-00286,3524618,MERCH-0058,Kaduna,2026-08-08 15:21:00.675180,0,none
TXN-008482,CUST-00192,5290915,MERCH-0005,Benin City,2026-09-12 16:46:00.582516,0,none
TXN-006608,CUST-00497,1303983,MERCH-0038,Kaduna,2026-09-11 11:45:00.318660,0,none
TXN-009527,CUST-00200,871330,MERCH-0071,Kaduna,2026-09-29 22:17:00.659160,0,none
TXN-003471,CUST-00075,2624444,MERCH-0031,Benin City,2026-07-30 16:08:00.780020,0,none
TXN-000081,CUST-00493,1135673,MERCH-0087,Ibadan,2026-07-09 19:02:00.509987,0,none
TXN-007146,CUST-00130,803740,MERCH-0009,Kano,2026-08-12 17:50:00.178981,0,none
TXN-002686,CUST-00048,3421856,MERCH-0041,Ibadan,2026-08-20 09:00:00.079460,0,none
TXN-008923,CUST-00478,4791970,MERCH-0038,Benin City,2026-08-13 15:13:00.835457,0,none
TXN-007529,CUST-00057,3933478,MERCH-0058,Benin City,2026-08-06 10:18:00.700900,0,none
TXN-005251,CUST-00120,4484206,MERCH-0016,Enugu,2026-07-08 20:29:00.405992,0,none
TXN-000458,CUST-00301,501033,MERCH-0019,Benin City,2026-09-23 10:09:00.839163,0,none
TXN-005122,CUST-00473,4770045,MERCH-0091,Port Harcourt,2026-09-13 10:09:00.627991,0,none
TXN-006803,CUST-00485,4038325,MERCH-0004,Abuja,2026-08-17 16:17:00.301906,0,none
TXN-007761,CUST-00258,4398539,MERCH-0045,Kano,2026-08-27 21:12:00.032625,0,none
TXN-003871,CUST-00377,916440,MERCH-0043,Ibadan,2026-07-21 13:18:00.346952,0,none
TXN-BURST-TXN-001276-0,CUST-00076,923096,MERCH-0029,Kaduna,2026-08-02 16:46:30.917651,1,velocity_burst
TXN-000544,CUST-00392,2158055,MERCH-0038,Kaduna,2026-09-17 11:24:00.250005,0,none
TXN-009879,CUST-00135,2517189,MERCH-0044,Abuja,2026-08-21 21:29:00.949470,0,none
TXN-004266,CUST-00248,4205188,MERCH-0028,Kaduna,2026-09-12 10:08:00.305885,0,none
TXN-005341,CUST-00418,804692,MERCH-0036,Kaduna,2026-09-15 17:02:00.187838,0,none
TXN-007488,CUST-00463,3832379,MERCH-0027,Port Harcourt,2026-08-02 13:29:00.413637,0,none
TXN-008741,CUST-00358,1952779,MERCH-0042,Enugu,2026-09-27 17:34:00.783323,0,none
TXN-007753,CUST-00383,1111510,MERCH-0096,Ibadan,2026-09-22 18:26:00.723899,1,velocity_burst
TXN-004027,CUST-00427,4966066,MERCH-0001,Abuja,2026-08-08 17:19:00.289574,0,none
TXN-000736,CUST-00329,5443736,MERCH-0090,Ibadan,2026-08-05 18:03:00.880028,0,none
TXN-007732,CUST-00219,4012489,MERCH-0018,Ibadan,2026-08-08 09:30:00.085371,0,none
TXN-BURST-TXN-001688-0,CUST-00444,1982791,MERCH-0048,Kano,2026-07-29 14:57:30.601110,1,velocity_burst
TXN-003078,CUST-00383,1152187,MERCH-0031,Ibadan,2026-07-10 14:17:00.633658,0,none
TXN-008905,CUST-00421,4947902,MERCH-0022,Ibadan,2026-07-14 11:57:00.427508,0,none
TXN-009884,CUST-00208,4967002,MERCH-0010,Port Harcourt,2026-09-11 21:16:00.121344,0,none
TXN-005028,CUST-00371,4291251,MERCH-0035,Benin City,2026-07-27 17:15:00.201847,0,none
TXN-000032,CUST-00366,605027,MERCH-0057,Port Harcourt,2026-08-10 12:49:00.429026,0,none
TXN-009518,CUST-00109,4422682,MERCH-0008,Abuja,2026-08-11 16:41:00.195637,0,none
TXN-001311,CUST-00084,1334527,MERCH-0067,Ibadan,2026-09-21 10:48:00.451703,0,none
TXN-003661,CUST-00205,1211617,MERCH-0083,Port Harcourt,2026-09-10 17:24:00.466930,0,none
TXN-001719,CUST-00478,4326330,MERCH-0038,Benin City,2026-09-22 18:42:00.579087,0,none
TXN-009810,CUST-00212,4665341,MERCH-0025,Enugu,2026-08-25 08:03:00.493591,0,none
TXN-BURST-TXN-005484-2,CUST-00485,1412932,MERCH-0029,Abuja,2026-07-27 18:24:30.402301,1,velocity_burst
TXN-008490,CUST-00286,147806652,MERCH-0024,Kaduna,2026-09-20 08:15:00.224465,1,amount_anomaly
TXN-004699,CUST-00205,1399626,MERCH-0075,Port Harcourt,2026-08-29 19:01:00.889908,0,none
TXN-007256,CUST-00106,5209066,MERCH-0044,Kano,2026-09-28 07:58:00.748310,0,none
TXN-004900,CUST-00085,2133782,MERCH-0079,Kaduna,2026-07-12 16:53:00.287836,0,none
TXN-004996,CUST-00487,511664,MERCH-0077,Kano,2026-08-30 08:50:00.409680,0,none
TXN-009850,CUST-00398,3412757,MERCH-0087,Ibadan,2026-08-12 10:37:00.826733,0,none
TXN-001600,CUST-00470,1761216,MERCH-0010,Benin City,2026-09-08 17:01:00.092171,0,none
TXN-007353,CUST-00017,2017895,MERCH-0063,Ibadan,2026-08-18 14:55:00.253063,0,none
TXN-001161,CUST-00041,3103980,MERCH-0053,Ibadan,2026-08-28 08:36:00.831984,0,none
TXN-004787,CUST-00471,3876621,MERCH-0034,Abuja,2026-09-15 13:46:00.155925,0,none
TXN-007368,CUST-00265,8883793,MERCH-0064,Kaduna,2026-08-10 15:13:00.082487,0,none
TXN-007811,CUST-00072,2908250,MERCH-0069,Kaduna,2026-07-27 18:12:00.269282,0,none
TXN-009830,CUST-00055,3487231,MERCH-0100,Enugu,2026-08-04 18:28:00.222150,0,none
TXN-008119,CUST-00142,815777,MERCH-0001,Port Harcourt,2026-08-21 10:25:00.074414,0,none
TXN-006359,CUST-00102,97669250,MERCH-0085,Lagos,2026-09-29 21:54:00.742862,1,amount_anomaly
TXN-008973,CUST-00484,816288,MERCH-0088,Lagos,2026-08-08 18:30:00.258373,0,none
TXN-004197,CUST-00081,3614216,MERCH-0097,Kano,2026-08-13 12:20:00.294824,0,none
TXN-005423,CUST-00059,1083884,MERCH-0020,Benin City,2026-07-27 15:02:00.316834,0,none
TXN-003947,CUST-00479,1129976,MERCH-0100,Abuja,2026-08-13 15:15:00.735928,0,none
TXN-004880,CUST-00165,1146323,MERCH-0040,Port Harcourt,2026-07-19 18:40:00.284201,0,none
TXN-009775,CUST-00469,938016,MERCH-0080,Benin City,2026-09-18 08:06:00.970758,0,none
TXN-008198,CUST-00051,3297951,MERCH-0066,Enugu,2026-08-14 11:13:00.801492,0,none
TXN-008668,CUST-00295,487050,MERCH-0009,Kano,2026-09-14 10:48:00.016760,0,none
TXN-002099,CUST-00439,3407839,MERCH-0006,Ibadan,2026-09-01 10:19:00.849631,0,none
TXN-005061,CUST-00299,948654,MERCH-0096,Enugu,2026-08-06 08:47:00.658379,0,none
TXN-000170,CUST-00059,970941,MERCH-0091,Benin City,2026-09-28 17:23:00.140880,0,none
TXN-007276,CUST-00291,2327999,MERCH-0001,Kaduna,2026-09-03 14:50:00.425719,0,none
TXN-009819,CUST-00401,5297141,MERCH-0002,Enugu,2026-09-25 08:03:00.264519,0,none
TXN-001113,CUST-00335,2470410,MERCH-0093,Abuja,2026-07-26 11:07:00.888294,0,none
TXN-006267,CUST-00431,2474913,MERCH-0076,Ibadan,2026-07-26 10:54:00.191573,0,none
TXN-001761,CUST-00311,2604384,MERCH-0041,Kaduna,2026-07-30 18:47:00.836407,0,none
TXN-002524,CUST-00155,642515,MERCH-0025,Kano,2026-09-26 13:21:00.622542,0,none
TXN-008848,CUST-00046,709961,MERCH-0056,Port Harcourt,2026-08-29 14:43:00.055431,0,none
TXN-003170,CUST-00096,2831568,MERCH-0047,Lagos,2026-08-18 16:04:00.703002,0,none
TXN-006439,CUST-00112,5286183,MERCH-0060,Ibadan,2026-08-08 16:07:00.750607,0,none
TXN-004925,CUST-00205,1851045,MERCH-0022,Port Harcourt,2026-09-27 18:06:00.687546,0,none
TXN-007585,CUST-00057,2172594,MERCH-0096,Benin City,2026-08-07 10:48:00.014933,0,none
TXN-002909,CUST-00182,1360019,MERCH-0003,Benin City,2026-07-09 10:11:00.219389,0,none
TXN-003017,CUST-00046,1385563,MERCH-0041,Port Harcourt,2026-08-28 17:45:00.599701,0,none
TXN-000563,CUST-00344,1525951,MERCH-0002,Kano,2026-09-16 16:45:00.182884,0,none
TXN-000316,CUST-00428,1951789,MERCH-0100,Ibadan,2026-10-03 19:40:00.488655,0,none
TXN-005961,CUST-00263,4281286,MERCH-0002,Ibadan,2026-07-23 14:35:00.179571,0,none
TXN-006755,CUST-00340,2418171,MERCH-0052,Lagos,2026-08-10 19:02:00.672651,0,none
TXN-008362,CUST-00042,591120,MERCH-0095,Enugu,2026-07-09 08:03:00.072960,0,none
TXN-003523,CUST-00290,5097880,MERCH-0032,Kano,2026-08-23 08:34:00.764391,0,none
TXN-006992,CUST-00077,2501956,MERCH-0071,Ibadan,2026-07-24 12:27:00.996178,0,none
TXN-001407,CUST-00145,927892,MERCH-0007,Abuja,2026-07-12 14:54:00.751264,0,none
TXN-001512,CUST-00159,1215817,MERCH-0010,Port Harcourt,2026-09-01 10:37:00.784623,0,none
TXN-008384,CUST-00046,823427,MERCH-0041,Port Harcourt,2026-09-30 08:08:00.763095,0,none
TXN-008072,CUST-00450,2217550,MERCH-0007,Benin City,2026-09-19 11:41:00.620218,1,velocity_burst
TXN-002169,CUST-00142,677099,MERCH-0073,Port Harcourt,2026-07-26 18:40:00.959564,0,none
TXN-003012,CUST-00177,1193858,MERCH-0061,Benin City,2026-08-16 15:51:00.195846,0,none
TXN-001122,CUST-00386,3503607,MERCH-0062,Kaduna,2026-09-10 18:57:00.568814,0,none
TXN-001596,CUST-00184,5603301,MERCH-0070,Abuja,2026-08-24 09:18:00.117421,0,none
TXN-007285,CUST-00172,3589966,MERCH-0087,Ibadan,2026-08-03 11:11:00.241502,0,none
TXN-007485,CUST-00430,4278410,MERCH-0087,Lagos,2026-08-28 13:42:00.125014,0,none
TXN-009552,CUST-00320,1761818,MERCH-0019,Abuja,2026-07-18 11:13:00.718871,0,none
TXN-008617,CUST-00399,1258547,MERCH-0017,Kano,2026-09-06 18:56:00.895917,0,none
TXN-006464,CUST-00288,4152359,MERCH-0072,Lagos,2026-09-22 16:05:00.859277,0,none
TXN-004666,CUST-00494,5495635,MERCH-0023,Kaduna,2026-07-22 08:19:00.363689,0,none
TXN-004152,CUST-00335,2650977,MERCH-0078,Abuja,2026-07-14 10:59:00.470377,0,none
TXN-003101,CUST-00187,4755873,MERCH-0084,Enugu,2026-10-04 12:29:00.278186,0,none
TXN-009498,CUST-00003,3395076,MERCH-0036,Lagos,2026-08-14 16:21:00.698358,0,none
TXN-005194,CUST-00238,2815169,MERCH-0033,Kaduna,2026-09-06 16:49:00.207969,0,none
TXN-008237,CUST-00439,4643396,MERCH-0091,Ibadan,2026-08-05 15:50:00.273968,0,none
TXN-000971,CUST-00033,3360770,MERCH-0080,Kano,2026-07-25 11:46:00.266150,0,none
TXN-004008,CUST-00161,6623311,MERCH-0006,Enugu,2026-08-12 17:53:00.277900,0,none
TXN-007959,CUST-00301,518526,MERCH-0015,Benin City,2026-09-29 14:02:00.013952,0,none
TXN-005765,CUST-00107,4071206,MERCH-0070,Abuja,2026-07-19 15:09:00.019240,0,none
TXN-003161,CUST-00086,1952197,MERCH-0023,Abuja,2026-09-02 19:36:00.145038,0,none
TXN-004793,CUST-00254,1966384,MERCH-0058,Lagos,2026-08-29 09:56:00.663461,0,none
TXN-008541,CUST-00193,827454,MERCH-0078,Kano,2026-07-23 17:06:00.481636,0,none
TXN-003873,CUST-00464,1819612,MERCH-0046,Benin City,2026-07-18 22:32:00.979845,0,none
TXN-003617,CUST-00313,3321477,MERCH-0063,Kaduna,2026-09-14 19:01:00.676100,0,none
TXN-008672,CUST-00444,2018947,MERCH-0012,Kano,2026-09-23 08:18:00.776115,0,none
TXN-000762,CUST-00375,2490096,MERCH-0019,Kano,2026-08-05 12:09:00.206973,0,none
TXN-007602,CUST-00123,802930,MERCH-0050,Kano,2026-08-26 19:36:00.217579,0,none
TXN-009017,CUST-00026,1313171,MERCH-0032,Kaduna,2026-09-18 10:13:00.339547,0,none
TXN-006153,CUST-00093,2959726,MERCH-0061,Port Harcourt,2026-08-06 12:07:00.512983,0,none
TXN-000347,CUST-00370,4599443,MERCH-0049,Kano,2026-09-23 11:47:00.257127,0,none
TXN-006350,CUST-00391,2633785,MERCH-0007,Port Harcourt,2026-07-14 18:36:00.038547,0,none
TXN-005072,CUST-00137,1326958,MERCH-0013,Kaduna,2026-08-13 18:23:00.662925,0,none
TXN-BURST-TXN-001246-0,CUST-00167,2872323,MERCH-0040,Abuja,2026-07-18 13:37:30.327309,1,velocity_burst
TXN-006422,CUST-00053,1440377,MERCH-0061,Ibadan,2026-08-25 17:40:00.666407,0,none
TXN-002488,CUST-00022,3142285,MERCH-0008,Ibadan,2026-07-10 15:00:00.657029,0,none
TXN-005666,CUST-00415,963370,MERCH-0091,Kano,2026-10-04 08:53:00.639799,0,none
TXN-001248,CUST-00462,3246130,MERCH-0078,Ibadan,2026-09-11 10:31:00.470381,0,none
TXN-009852,CUST-00469,1352319,MERCH-0029,Benin City,2026-07-20 17:41:00.159515,0,none
TXN-006838,CUST-00155,664908,MERCH-0083,Kano,2026-07-26 13:16:00.900908,0,none
TXN-003483,CUST-00109,4699405,MERCH-0042,Abuja,2026-07-19 09:32:00.937727,0,none
TXN-000915,CUST-00386,3385729,MERCH-0074,Kaduna,2026-09-12 08:49:00.681828,0,none
TXN-009100,CUST-00314,694035,MERCH-0022,Port Harcourt,2026-09-20 19:11:00.321073,0,none
TXN-008017,CUST-00452,3716675,MERCH-0059,Ibadan,2026-09-06 18:32:00.975877,0,none
TXN-009583,CUST-00411,3284551,MERCH-0088,Ibadan,2026-10-03 15:10:00.781565,0,none
TXN-009464,CUST-00453,1148186,MERCH-0096,Kaduna,2026-09-22 19:05:00.299319,0,none
TXN-009015,CUST-00308,6115563,MERCH-0046,Kaduna,2026-09-04 16:11:00.803753,0,none
TXN-007496,CUST-00411,1784501,MERCH-0088,Ibadan,2026-08-30 16:24:00.513318,0,none
TXN-006111,CUST-00439,2343268,MERCH-0021,Ibadan,2026-07-23 10:29:00.239419,0,none
TXN-001278,CUST-00166,1406454,MERCH-0043,Kano,2026-09-18 10:49:00.290046,0,none
TXN-006393,CUST-00053,3210278,MERCH-0061,Ibadan,2026-07-11 08:36:00.473146,0,none
TXN-008349,CUST-00110,5285432,MERCH-0068,Port Harcourt,2026-09-23 17:14:00.660291,0,none
TXN-000593,CUST-00491,2319502,MERCH-0041,Abuja,2026-09-10 18:55:00.962673,0,none
TXN-005875,CUST-00322,2360828,MERCH-0096,Enugu,2026-07-13 08:01:00.008449,0,none
TXN-008303,CUST-00042,531038,MERCH-0032,Enugu,2026-09-05 09:54:00.211703,0,none
TXN-BURST-TXN-001688-2,CUST-00444,1982791,MERCH-0048,Kano,2026-07-29 14:58:30.601110,1,velocity_burst
TXN-002211,CUST-00272,3892655,MERCH-0053,Kaduna,2026-10-02 09:38:00.277532,0,none
TXN-007739,CUST-00363,4323211,MERCH-0023,Enugu,2026-07-29 19:30:00.780872,0,none
TXN-000519,CUST-00053,2096438,MERCH-0032,Ibadan,2026-08-25 08:23:00.281637,0,none
TXN-008845,CUST-00137,1086335,MERCH-0013,Kaduna,2026-09-07 14:41:00.205968,0,none
TXN-004036,CUST-00407,1056672,MERCH-0094,Ibadan,2026-09-19 15:34:00.078419,0,none
TXN-006250,CUST-00065,4703220,MERCH-0097,Ibadan,2026-09-25 10:20:00.262487,0,none
TXN-003709,CUST-00020,3496716,MERCH-0070,Kano,2026-08-20 16:06:00.317755,0,none
TXN-008760,CUST-00411,2771517,MERCH-0051,Ibadan,2026-09-03 18:46:00.878731,0,none
TXN-008162,CUST-00222,3455431,MERCH-0040,Port Harcourt,2026-08-02 18:21:00.610454,0,none
TXN-005015,CUST-00381,3438554,MERCH-0086,Kaduna,2026-10-02 15:49:00.259074,0,none
TXN-007800,CUST-00326,1417677,MERCH-0055,Lagos,2026-09-29 07:17:00.766081,0,none
TXN-007282,CUST-00312,4017009,MERCH-0025,Lagos,2026-07-30 21:54:00.179933,0,none
TXN-006168,CUST-00043,2073033,MERCH-0040,Abuja,2026-07-15 17:19:00.391420,0,none
TXN-005093,CUST-00031,883589,MERCH-0031,Kano,2026-08-20 11:17:00.284472,0,none
TXN-005503,CUST-00031,743588,MERCH-0016,Kano,2026-08-16 18:17:00.311615,0,none
TXN-003679,CUST-00348,2062031,MERCH-0002,Abuja,2026-07-11 12:55:00.819552,0,none
TXN-002693,CUST-00429,1713340,MERCH-0069,Enugu,2026-07-29 11:04:00.955701,0,none
TXN-008075,CUST-00277,5452612,MERCH-0068,Kaduna,2026-09-25 22:08:00.419823,0,none
TXN-003843,CUST-00417,687537,MERCH-0014,Abuja,2026-09-02 14:42:00.230921,0,none
TXN-002255,CUST-00464,1666470,MERCH-0046,Benin City,2026-09-03 17:11:00.572524,0,none
TXN-005837,CUST-00430,4662932,MERCH-0001,Lagos,2026-10-04 17:22:00.025088,0,none
TXN-004565,CUST-00206,2889091,MERCH-0006,Kano,2026-08-22 16:13:00.246692,0,none
TXN-003950,CUST-00258,2177538,MERCH-0086,Kano,2026-09-02 11:22:00.013180,0,none
TXN-003320,CUST-00058,2508516,MERCH-0010,Ibadan,2026-08-22 15:42:00.843455,0,none
TXN-BURST-TXN-003338-0,CUST-00340,4527192,MERCH-0054,Lagos,2026-08-14 19:25:30.814962,1,velocity_burst
TXN-001524,CUST-00042,977494,MERCH-0032,Enugu,2026-09-25 10:02:00.703835,1,velocity_burst
TXN-001181,CUST-00102,3764965,MERCH-0063,Lagos,2026-07-08 14:07:00.139380,0,none
TXN-000374,CUST-00331,2547264,MERCH-0097,Abuja,2026-08-27 12:13:00.199119,0,none
TXN-009736,CUST-00056,3455252,MERCH-0059,Kano,2026-08-02 15:44:00.927924,0,none
TXN-002871,CUST-00326,1763664,MERCH-0089,Lagos,2026-10-02 08:27:00.307609,0,none
TXN-001112,CUST-00419,1293258,MERCH-0064,Ibadan,2026-09-09 14:40:00.243490,0,none
TXN-004481,CUST-00283,48275260,MERCH-0088,Kaduna,2026-07-26 22:11:00.586614,1,amount_anomaly
TXN-004386,CUST-00085,3198856,MERCH-0073,Kaduna,2026-07-10 14:10:00.558468,0,none
TXN-009964,CUST-00111,1342797,MERCH-0031,Kano,2026-07-31 12:39:00.326633,0,none
TXN-009557,CUST-00222,2577023,MERCH-0054,Port Harcourt,2026-07-16 15:18:00.127561,0,none
TXN-007396,CUST-00388,1816804,MERCH-0010,Port Harcourt,2026-08-12 15:28:00.800965,0,none
TXN-007263,CUST-00288,4882892,MERCH-0032,Lagos,2026-09-12 13:55:00.323142,0,none
TXN-004047,CUST-00417,383515,MERCH-0039,Abuja,2026-08-05 14:56:00.748105,0,none
TXN-008840,CUST-00178,4459370,MERCH-0003,Kaduna,2026-08-19 15:05:00.206236,0,none
TXN-005956,CUST-00436,3230768,MERCH-0061,Abuja,2026-07-27 19:13:00.119267,0,none
TXN-005988,CUST-00341,3907214,MERCH-0027,Kano,2026-07-25 08:15:00.966076,0,none
TXN-001531,CUST-00193,1186283,MERCH-0050,Kano,2026-09-20 09:33:00.505391,0,none
TXN-004330,CUST-00415,595280,MERCH-0040,Kano,2026-09-17 20:00:00.855892,0,none
TXN-002590,CUST-00064,1670113,MERCH-0034,Enugu,2026-07-13 12:54:00.946031,0,none
TXN-009786,CUST-00366,941456,MERCH-0083,Port Harcourt,2026-07-24 10:52:00.499715,0,none
TXN-000260,CUST-00349,4977402,MERCH-0092,Kaduna,2026-09-29 13:36:00.764267,0,none
TXN-007303,CUST-00348,1407104,MERCH-0032,Abuja,2026-10-03 17:13:00.216432,0,none
TXN-007825,CUST-00348,1584708,MERCH-0002,Abuja,2026-10-04 14:31:00.822159,0,none
TXN-BURST-TXN-001692-2,CUST-00472,195205,MERCH-0100,Port Harcourt,2026-08-24 15:59:30.230992,1,velocity_burst
TXN-BURST-TXN-008072-0,CUST-00450,2217550,MERCH-0007,Benin City,2026-09-19 11:41:30.620218,1,velocity_burst
TXN-BURST-TXN-003388-0,CUST-00409,864665,MERCH-0068,Kano,2026-08-19 08:02:30.157512,1,velocity_burst
TXN-008232,CUST-00070,1506124,MERCH-0045,Ibadan,2026-09-18 08:11:00.131429,0,none
TXN-008154,CUST-00220,5029991,MERCH-0018,Benin City,2026-07-16 13:03:00.472731,0,none
TXN-004574,CUST-00158,3098496,MERCH-0081,Benin City,2026-10-02 11:10:00.166885,0,none
TXN-002956,CUST-00460,4039845,MERCH-0066,Kano,2026-07-16 17:03:00.802125,0,none
TXN-007614,CUST-00131,3147172,MERCH-0006,Benin City,2026-08-29 11:09:00.151737,0,none
TXN-BURST-TXN-006940-0,CUST-00084,847116,MERCH-0100,Ibadan,2026-08-30 14:58:30.755365,1,velocity_burst
TXN-008010,CUST-00373,6376211,MERCH-0085,Kaduna,2026-07-18 11:32:00.559985,0,none
TXN-001559,CUST-00358,1761274,MERCH-0095,Enugu,2026-09-26 09:01:00.209654,0,none
TXN-002408,CUST-00269,4124990,MERCH-0070,Kaduna,2026-10-02 12:50:00.112864,0,none
TXN-008280,CUST-00462,3597709,MERCH-0053,Ibadan,2026-09-09 09:57:00.195933,0,none
TXN-006097,CUST-00415,598643,MERCH-0036,Kano,2026-07-17 16:20:00.054039,0,none
TXN-009545,CUST-00115,1117958,MERCH-0046,Enugu,2026-07-14 22:16:00.802083,0,none
TXN-005045,CUST-00162,1257852,MERCH-0023,Kano,2026-07-08 18:09:00.020350,0,none
TXN-001951,CUST-00097,3060258,MERCH-0017,Kaduna,2026-08-29 15:39:00.754229,0,none
TXN-BURST-TXN-009651-0,CUST-00378,3606796,MERCH-0019,Kano,2026-07-13 08:55:30.502407,1,velocity_burst
TXN-002890,CUST-00409,1277964,MERCH-0068,Kano,2026-07-12 16:14:00.543793,0,none
TXN-006055,CUST-00261,1225927,MERCH-0058,Enugu,2026-08-16 15:58:00.398283,0,none
TXN-007439,CUST-00255,3460106,MERCH-0030,Lagos,2026-08-01 07:21:00.859103,0,none
TXN-001088,CUST-00159,1500717,MERCH-0058,Port Harcourt,2026-08-17 11:17:00.879149,0,none
TXN-003061,CUST-00284,2092124,MERCH-0020,Abuja,2026-07-16 12:28:00.560575,0,none
TXN-002958,CUST-00249,4710740,MERCH-0053,Lagos,2026-09-10 15:27:00.769562,0,none
TXN-009502,CUST-00010,2532115,MERCH-0035,Ibadan,2026-07-18 13:48:00.463367,0,none
TXN-000296,CUST-00271,844762,MERCH-0048,Kano,2026-09-14 17:05:00.473943,0,none
TXN-001077,CUST-00045,6044158,MERCH-0075,Enugu,2026-09-01 11:47:00.048002,0,none
TXN-000048,CUST-00194,5482955,MERCH-0018,Kaduna,2026-09-27 19:08:00.151675,0,none
TXN-004149,CUST-00319,5888143,MERCH-0038,Benin City,2026-07-11 16:27:00.790195,0,none
TXN-000795,CUST-00483,3379680,MERCH-0083,Enugu,2026-09-09 13:48:00.990420,0,none
TXN-006969,CUST-00175,4224715,MERCH-0045,Kano,2026-09-12 08:05:00.950153,0,none
TXN-001656,CUST-00095,2935660,MERCH-0066,Abuja,2026-07-19 16:55:00.609914,0,none
TXN-006875,CUST-00393,2188680,MERCH-0022,Kaduna,2026-07-31 06:31:00.934708,0,none
TXN-BURST-TXN-006100-0,CUST-00207,3409723,MERCH-0081,Port Harcourt,2026-09-06 17:55:30.922347,1,velocity_burst
TXN-000287,CUST-00376,2668307,MERCH-0008,Kaduna,2026-09-20 11:10:00.473831,0,none
TXN-006207,CUST-00444,1853700,MERCH-0035,Kano,2026-07-08 17:58:00.259551,0,none
TXN-009378,CUST-00436,4053153,MERCH-0033,Abuja,2026-08-20 21:57:00.302013,0,none
TXN-000928,CUST-00291,2304278,MERCH-0043,Kaduna,2026-08-05 15:13:00.393322,0,none
TXN-008961,CUST-00130,3662853,MERCH-0054,Kano,2026-07-27 15:44:00.436167,0,none
TXN-004510,CUST-00355,767911,MERCH-0040,Benin City,2026-07-17 12:38:00.083824,0,none
TXN-003056,CUST-00065,3638553,MERCH-0036,Ibadan,2026-09-10 13:51:00.851246,0,none
TXN-008895,CUST-00113,796030,MERCH-0055,Kano,2026-09-27 11:43:00.872800,0,none
TXN-BURST-TXN-003366-2,CUST-00474,5664286,MERCH-0054,Kano,2026-10-02 06:45:30.054516,1,velocity_burst
TXN-002827,CUST-00024,1545079,MERCH-0060,Abuja,2026-07-18 17:21:00.830312,0,none
TXN-001537,CUST-00263,3201513,MERCH-0016,Ibadan,2026-09-02 11:03:00.565927,0,none
TXN-004939,CUST-00252,2496189,MERCH-0032,Lagos,2026-08-26 22:33:00.477032,0,none
TXN-009240,CUST-00445,1402825,MERCH-0062,Kano,2026-08-07 19:06:00.895538,0,none
TXN-006187,CUST-00293,4983454,MERCH-0082,Ibadan,2026-08-28 10:35:00.502704,0,none
TXN-003273,CUST-00292,6013598,MERCH-0039,Enugu,2026-09-20 09:04:00.758165,0,none
TXN-005885,CUST-00007,666414,MERCH-0013,Abuja,2026-08-16 14:16:00.999619,0,none
TXN-003400,CUST-00199,3637414,MERCH-0026,Kano,2026-10-04 10:16:00.456656,0,none
TXN-004470,CUST-00402,4485890,MERCH-0098,Abuja,2026-09-11 18:33:00.047770,0,none
TXN-009197,CUST-00175,2969847,MERCH-0004,Kano,2026-09-19 19:27:00.730534,0,none
TXN-004763,CUST-00293,5177379,MERCH-0095,Ibadan,2026-09-27 12:04:00.764231,0,none
TXN-005197,CUST-00470,3133559,MERCH-0024,Benin City,2026-09-25 16:36:00.196941,0,none
TXN-007517,CUST-00252,3827965,MERCH-0049,Lagos,2026-07-17 18:05:00.579617,0,none
TXN-009737,CUST-00120,4177413,MERCH-0034,Enugu,2026-09-27 20:39:00.876367,0,none
TXN-007554,CUST-00439,2505335,MERCH-0091,Ibadan,2026-09-30 15:45:00.766020,0,none
TXN-003543,CUST-00381,2396487,MERCH-0079,Kaduna,2026-07-26 14:42:00.437399,0,none
TXN-001069,CUST-00083,4790557,MERCH-0020,Abuja,2026-08-13 13:14:00.305058,0,none
TXN-006461,CUST-00393,1939958,MERCH-0022,Kaduna,2026-07-15 07:04:00.429063,0,none
TXN-008601,CUST-00382,1445039,MERCH-0024,Port Harcourt,2026-07-30 09:22:00.654958,0,none
TXN-005507,CUST-00291,2831697,MERCH-0001,Kaduna,2026-08-09 16:58:00.231480,0,none
TXN-009271,CUST-00009,1691047,MERCH-0049,Abuja,2026-09-22 18:31:00.776919,0,none
TXN-009202,CUST-00073,3186957,MERCH-0058,Enugu,2026-08-18 13:00:00.246294,0,none
TXN-001982,CUST-00109,5425235,MERCH-0008,Abuja,2026-09-17 11:09:00.526740,0,none
TXN-009936,CUST-00233,924576,MERCH-0088,Ibadan,2026-07-21 15:29:00.613671,0,none
TXN-006001,CUST-00164,421810,MERCH-0013,Enugu,2026-08-05 17:18:00.832173,0,none
TXN-007133,CUST-00042,961888,MERCH-0095,Enugu,2026-08-17 20:42:00.609084,0,none
TXN-001731,CUST-00408,1501034,MERCH-0048,Abuja,2026-09-17 16:18:00.154876,0,none
TXN-001826,CUST-00020,1543499,MERCH-0097,Kano,2026-09-07 10:39:00.350154,0,none
TXN-005709,CUST-00397,4515627,MERCH-0050,Benin City,2026-08-07 18:24:00.696129,0,none
TXN-004845,CUST-00386,3107454,MERCH-0088,Kaduna,2026-07-26 15:39:00.647393,0,none
TXN-001351,CUST-00017,2701743,MERCH-0100,Ibadan,2026-08-22 13:50:00.341527,0,none
TXN-BURST-TXN-003514-1,CUST-00031,1726968,MERCH-0077,Kano,2026-09-25 14:35:00.244827,1,velocity_burst
TXN-001624,CUST-00335,785948,MERCH-0078,Abuja,2026-08-24 18:57:00.198779,0,none
TXN-004158,CUST-00125,45546080,MERCH-0031,Enugu,2026-09-29 11:51:00.218008,1,amount_anomaly
TXN-000211,CUST-00144,4614552,MERCH-0042,Enugu,2026-09-30 19:34:00.360932,0,none
TXN-008579,CUST-00274,1601475,MERCH-0035,Ibadan,2026-08-01 10:33:00.422597,0,none
TXN-002923,CUST-00162,1135113,MERCH-0011,Kano,2026-09-14 11:51:00.574426,0,none
TXN-004602,CUST-00277,5498834,MERCH-0068,Kaduna,2026-09-30 14:59:00.813166,0,none
TXN-004374,CUST-00398,3472550,MERCH-0092,Ibadan,2026-09-17 13:12:00.533330,0,none
TXN-004192,CUST-00207,2150210,MERCH-0070,Port Harcourt,2026-09-11 21:46:00.803938,0,none
TXN-009370,CUST-00250,1341214,MERCH-0070,Kano,2026-09-23 18:57:00.801836,0,none
TXN-005941,CUST-00498,4562811,MERCH-0051,Kano,2026-09-02 13:58:00.255755,0,none
TXN-000938,CUST-00106,3999916,MERCH-0080,Kano,2026-09-21 13:52:00.520699,0,none
TXN-009906,CUST-00011,2929958,MERCH-0084,Abuja,2026-07-26 10:10:00.419914,0,none
TXN-009382,CUST-00074,2428614,MERCH-0024,Kaduna,2026-07-10 13:41:00.965498,0,none
TXN-007204,CUST-00066,1005389,MERCH-0032,Lagos,2026-08-24 11:49:00.087833,0,none
TXN-008521,CUST-00476,720299,MERCH-0079,Lagos,2026-07-11 17:19:00.707137,0,none
TXN-005338,CUST-00101,2197981,MERCH-0018,Enugu,2026-08-24 19:40:00.644607,0,none
TXN-004618,CUST-00313,3421048,MERCH-0098,Kaduna,2026-07-17 19:48:00.963252,0,none
TXN-003388,CUST-00409,864665,MERCH-0068,Kano,2026-08-19 08:02:00.157512,1,velocity_burst
TXN-007086,CUST-00114,1363278,MERCH-0038,Enugu,2026-07-18 18:55:00.587879,0,none
TXN-000107,CUST-00474,4233536,MERCH-0052,Kano,2026-07-21 19:23:00.650469,0,none
TXN-006386,CUST-00140,6208745,MERCH-0036,Kano,2026-07-09 11:33:00.584356,0,none
TXN-006631,CUST-00120,2900129,MERCH-0069,Enugu,2026-09-21 11:29:00.708820,0,none
TXN-001684,CUST-00324,2810367,MERCH-0042,Enugu,2026-09-27 11:56:00.322544,0,none
TXN-009744,CUST-00372,959762,MERCH-0100,Kano,2026-07-09 15:01:00.835087,0,none
TXN-005513,CUST-00357,1010621,MERCH-0051,Kaduna,2026-09-12 10:42:00.679894,0,none
TXN-008662,CUST-00032,1718889,MERCH-0031,Abuja,2026-08-25 21:06:00.462194,0,none
TXN-BURST-TXN-000917-2,CUST-00207,3459907,MERCH-0083,Port Harcourt,2026-09-26 20:01:30.439031,1,velocity_burst
TXN-001331,CUST-00479,1263360,MERCH-0086,Abuja,2026-07-11 18:22:00.736174,0,none
TXN-002158,CUST-00266,3285801,MERCH-0029,Kaduna,2026-08-08 07:38:00.163783,0,none
TXN-003283,CUST-00500,3299114,MERCH-0006,Kaduna,2026-07-22 14:40:00.538285,0,none
TXN-006399,CUST-00340,2756732,MERCH-0090,Lagos,2026-08-16 15:10:00.828956,0,none
TXN-007108,CUST-00048,4513710,MERCH-0093,Ibadan,2026-09-05 17:03:00.649426,0,none
TXN-003621,CUST-00484,1407920,MERCH-0039,Lagos,2026-08-13 11:07:00.743189,0,none
TXN-002856,CUST-00285,3120563,MERCH-0040,Kano,2026-07-18 16:57:00.382593,0,none
TXN-007467,CUST-00151,788041,MERCH-0091,Enugu,2026-07-11 13:30:00.885142,0,none
TXN-008486,CUST-00386,3163696,MERCH-0062,Benin City,2026-07-12 12:49:00.713683,1,geo_anomaly
TXN-005906,CUST-00048,4077674,MERCH-0039,Ibadan,2026-09-10 16:13:00.158557,0,none
TXN-003571,CUST-00330,2007972,MERCH-0050,Enugu,2026-10-02 14:15:00.066982,0,none
TXN-005407,CUST-00217,732379,MERCH-0071,Port Harcourt,2026-09-22 13:25:00.173850,0,none
TXN-007367,CUST-00375,2251555,MERCH-0090,Kano,2026-09-28 13:16:00.079476,0,none
TXN-006670,CUST-00043,4895417,MERCH-0026,Abuja,2026-08-06 16:04:00.087088,0,none
TXN-004865,CUST-00398,4618217,MERCH-0074,Ibadan,2026-08-17 08:46:00.506072,0,none
TXN-BURST-TXN-008814-2,CUST-00423,4666579,MERCH-0034,Ibadan,2026-07-26 13:52:30.128040,1,velocity_burst
TXN-000030,CUST-00037,2380744,MERCH-0033,Port Harcourt,2026-07-27 12:12:00.769827,0,none
TXN-003791,CUST-00032,3801733,MERCH-0086,Abuja,2026-08-23 22:02:00.376847,0,none
TXN-001146,CUST-00488,2371211,MERCH-0021,Benin City,2026-07-16 21:59:00.194705,0,none
TXN-006725,CUST-00278,1326293,MERCH-0036,Ibadan,2026-08-03 12:17:00.420993,0,none
TXN-005747,CUST-00328,4259052,MERCH-0062,Enugu,2026-07-11 07:56:00.401629,0,none
TXN-008985,CUST-00062,2351902,MERCH-0063,Enugu,2026-09-07 14:24:00.633235,0,none
TXN-001958,CUST-00151,570490,MERCH-0074,Enugu,2026-08-02 09:13:00.540916,0,none
TXN-006569,CUST-00119,3016668,MERCH-0097,Port Harcourt,2026-07-13 09:44:00.479166,0,none
TXN-005397,CUST-00016,3941561,MERCH-0039,Port Harcourt,2026-07-11 13:42:00.495179,0,none
TXN-003438,CUST-00302,3911389,MERCH-0067,Benin City,2026-07-12 20:30:00.467835,0,none
TXN-009221,CUST-00204,2518082,MERCH-0037,Port Harcourt,2026-07-14 20:06:00.708260,0,none
TXN-007775,CUST-00153,2556545,MERCH-0032,Kaduna,2026-09-18 07:58:00.362569,0,none
TXN-000109,CUST-00305,3116284,MERCH-0085,Enugu,2026-09-12 12:39:00.586306,1,velocity_burst
TXN-001148,CUST-00414,3200560,MERCH-0088,Ibadan,2026-07-25 09:33:00.894350,0,none
TXN-005392,CUST-00186,4202957,MERCH-0040,Lagos,2026-08-31 14:42:00.952619,0,none
TXN-007038,CUST-00449,3505492,MERCH-0032,Ibadan,2026-09-16 20:42:00.617093,0,none
TXN-000766,CUST-00472,559039,MERCH-0006,Port Harcourt,2026-09-12 17:54:00.044221,0,none
TXN-009520,CUST-00439,1954488,MERCH-0038,Ibadan,2026-07-08 17:30:00.649688,1,velocity_burst
TXN-006837,CUST-00461,600432,MERCH-0078,Kano,2026-07-15 12:51:00.165346,0,none
TXN-006561,CUST-00393,2150397,MERCH-0011,Kaduna,2026-09-12 12:44:00.132850,0,none
TXN-006970,CUST-00385,4370012,MERCH-0001,Abuja,2026-08-13 16:10:00.975359,0,none
TXN-002961,CUST-00494,5151903,MERCH-0078,Kaduna,2026-08-19 08:50:00.817660,0,none
TXN-007835,CUST-00413,839264,MERCH-0029,Port Harcourt,2026-09-03 16:49:00.296478,0,none
TXN-002649,CUST-00260,3707421,MERCH-0008,Kaduna,2026-08-14 18:45:00.119306,0,none
TXN-002030,CUST-00339,681130,MERCH-0006,Abuja,2026-08-01 14:18:00.625132,0,none
TXN-006926,CUST-00124,2825017,MERCH-0020,Kaduna,2026-08-25 18:40:00.468896,0,none
TXN-000933,CUST-00096,5285518,MERCH-0097,Lagos,2026-10-01 13:13:00.283804,0,none
TXN-004827,CUST-00068,3507891,MERCH-0015,Port Harcourt,2026-08-07 19:06:00.220594,0,none
TXN-005607,CUST-00041,2665769,MERCH-0021,Ibadan,2026-07-27 18:07:00.259498,0,none
TXN-000266,CUST-00444,1338601,MERCH-0080,Kano,2026-07-23 11:27:00.880945,0,none
TXN-005355,CUST-00336,1283038,MERCH-0096,Port Harcourt,2026-10-03 14:10:00.168203,0,none
TXN-007553,CUST-00057,3584856,MERCH-0071,Benin City,2026-07-23 14:04:00.114383,0,none
TXN-BURST-TXN-008491-0,CUST-00439,3275794,MERCH-0006,Ibadan,2026-08-21 15:32:30.511557,1,velocity_burst
TXN-006609,CUST-00171,590754,MERCH-0058,Kaduna,2026-09-19 17:38:00.240852,0,none
TXN-005462,CUST-00491,2713836,MERCH-0058,Abuja,2026-08-17 16:22:00.035361,0,none
TXN-005525,CUST-00099,2254479,MERCH-0016,Lagos,2026-09-10 10:21:00.932443,0,none
TXN-007729,CUST-00337,4867296,MERCH-0002,Kaduna,2026-09-23 15:12:00.622148,0,none
TXN-005610,CUST-00069,3880999,MERCH-0081,Lagos,2026-08-27 16:48:00.050652,0,none
TXN-002514,CUST-00159,3780353,MERCH-0058,Port Harcourt,2026-09-20 17:13:00.354696,0,none
TXN-004475,CUST-00338,1354754,MERCH-0088,Benin City,2026-09-28 12:55:00.038220,0,none
TXN-007343,CUST-00418,1611403,MERCH-0042,Kaduna,2026-07-14 10:40:00.001243,0,none
TXN-001108,CUST-00223,5010344,MERCH-0093,Lagos,2026-09-27 18:46:00.263380,0,none
TXN-000294,CUST-00078,6429081,MERCH-0025,Benin City,2026-09-20 13:51:00.146254,0,none
TXN-004503,CUST-00059,2002604,MERCH-0020,Benin City,2026-09-13 11:45:00.689167,0,none
TXN-001884,CUST-00312,4798719,MERCH-0050,Lagos,2026-09-16 13:23:00.722388,0,none
TXN-006811,CUST-00457,2182280,MERCH-0048,Lagos,2026-07-23 19:40:00.990076,0,none
TXN-001955,CUST-00381,1814516,MERCH-0049,Kaduna,2026-08-18 13:54:00.510304,0,none
TXN-002996,CUST-00301,985561,MERCH-0015,Benin City,2026-07-31 17:17:00.952959,0,none
TXN-004943,CUST-00052,3045976,MERCH-0097,Abuja,2026-07-15 11:20:00.128149,0,none
TXN-000577,CUST-00401,5144198,MERCH-0002,Enugu,2026-08-17 13:38:00.072237,0,none
TXN-004345,CUST-00083,4024831,MERCH-0088,Abuja,2026-07-16 13:50:00.353861,0,none
TXN-009550,CUST-00311,2104783,MERCH-0018,Kaduna,2026-09-09 15:02:00.116219,0,none
TXN-009291,CUST-00391,3840341,MERCH-0074,Port Harcourt,2026-09-30 13:01:00.476842,0,none
TXN-001447,CUST-00141,3635390,MERCH-0087,Ibadan,2026-07-24 18:49:00.540912,0,none
TXN-007323,CUST-00383,962811,MERCH-0010,Ibadan,2026-07-13 03:39:00.007410,1,off_hours
TXN-000015,CUST-00408,2678484,MERCH-0067,Abuja,2026-07-19 17:27:00.792494,0,none
TXN-004961,CUST-00390,2824753,MERCH-0090,Enugu,2026-09-01 17:54:00.239429,0,none
TXN-003470,CUST-00278,4586511,MERCH-0070,Ibadan,2026-09-26 18:35:00.733994,0,none
TXN-002349,CUST-00371,6976772,MERCH-0035,Benin City,2026-09-08 11:09:00.756469,0,none
TXN-003106,CUST-00492,1224473,MERCH-0032,Port Harcourt,2026-08-06 14:54:00.711863,0,none
TXN-005121,CUST-00337,3955378,MERCH-0010,Kaduna,2026-08-06 16:57:00.893234,0,none
TXN-003423,CUST-00464,1789843,MERCH-0082,Benin City,2026-09-10 21:10:00.780314,0,none
TXN-001150,CUST-00051,1371177,MERCH-0087,Enugu,2026-08-26 11:20:00.352127,0,none
TXN-BURST-TXN-006480-1,CUST-00494,4472794,MERCH-0083,Kaduna,2026-09-09 08:14:00.006072,1,velocity_burst
TXN-004631,CUST-00038,1621150,MERCH-0099,Lagos,2026-09-08 16:58:00.228539,0,none
TXN-000674,CUST-00212,4176506,MERCH-0074,Enugu,2026-09-10 14:42:00.022131,0,none
TXN-004141,CUST-00248,2909313,MERCH-0096,Kaduna,2026-07-12 10:48:00.269034,0,none
TXN-005757,CUST-00426,2769814,MERCH-0041,Benin City,2026-07-19 20:26:00.902956,0,none
TXN-002302,CUST-00126,4451966,MERCH-0016,Benin City,2026-07-25 12:36:00.287190,0,none
TXN-004555,CUST-00112,3196784,MERCH-0087,Ibadan,2026-08-22 20:52:00.431055,0,none
TXN-000093,CUST-00419,357147,MERCH-0088,Ibadan,2026-08-05 13:47:00.664078,0,none
TXN-002474,CUST-00119,2576620,MERCH-0029,Port Harcourt,2026-09-14 07:18:00.515819,0,none
TXN-003376,CUST-00287,751288,MERCH-0012,Enugu,2026-08-10 09:55:00.629583,0,none
TXN-003264,CUST-00307,1282238,MERCH-0015,Abuja,2026-08-29 16:50:00.079550,0,none
TXN-BURST-TXN-005991-2,CUST-00403,3682667,MERCH-0078,Abuja,2026-08-31 19:20:30.164130,1,velocity_burst
TXN-003603,CUST-00485,3227554,MERCH-0061,Abuja,2026-09-07 13:31:00.860543,0,none
TXN-005932,CUST-00370,3180240,MERCH-0081,Kano,2026-08-10 08:36:00.170695,0,none
TXN-000497,CUST-00155,856797,MERCH-0019,Kano,2026-07-22 11:58:00.420940,0,none
TXN-009935,CUST-00140,6876775,MERCH-0072,Kano,2026-08-12 03:25:00.845691,1,off_hours
TXN-007158,CUST-00317,2544136,MERCH-0045,Ibadan,2026-08-01 15:39:00.180892,0,none
TXN-002228,CUST-00417,402459,MERCH-0014,Abuja,2026-10-04 17:01:00.308216,0,none
TXN-009367,CUST-00040,496602,MERCH-0019,Kano,2026-08-15 17:22:00.223947,0,none
TXN-005131,CUST-00472,492333,MERCH-0100,Port Harcourt,2026-07-31 20:30:00.361180,0,none
TXN-008135,CUST-00015,1480036,MERCH-0001,Lagos,2026-09-17 20:13:00.020053,0,none
TXN-007539,CUST-00463,3114285,MERCH-0038,Port Harcourt,2026-09-27 18:31:00.076391,0,none
TXN-000884,CUST-00012,2577016,MERCH-0072,Kaduna,2026-10-03 12:58:00.331252,0,none
TXN-006690,CUST-00352,2041025,MERCH-0002,Kaduna,2026-09-19 15:24:00.799026,0,none
TXN-004023,CUST-00158,2558620,MERCH-0057,Benin City,2026-07-24 11:17:00.074031,0,none
TXN-005595,CUST-00262,732415,MERCH-0086,Ibadan,2026-08-27 14:30:00.369451,0,none
TXN-004265,CUST-00019,1854460,MERCH-0061,Abuja,2026-09-06 22:36:00.948646,0,none
TXN-002407,CUST-00097,113618916,MERCH-0071,Kaduna,2026-09-13 10:46:00.867845,1,amount_anomaly
TXN-005024,CUST-00069,3411244,MERCH-0081,Lagos,2026-07-29 10:18:00.745364,0,none
TXN-003795,CUST-00410,1069845,MERCH-0059,Ibadan,2026-07-17 06:15:00.277510,0,none
TXN-006373,CUST-00497,1702208,MERCH-0076,Kaduna,2026-09-28 11:38:00.052844,0,none
TXN-009377,CUST-00200,603601,MERCH-0048,Port Harcourt,2026-09-20 21:44:00.617974,1,geo_anomaly
TXN-002754,CUST-00301,839781,MERCH-0054,Benin City,2026-07-28 12:53:00.127117,0,none
TXN-006490,CUST-00367,1498225,MERCH-0074,Benin City,2026-08-14 17:48:00.000629,0,none
TXN-005285,CUST-00466,979753,MERCH-0033,Lagos,2026-09-07 17:25:00.722895,0,none
TXN-002253,CUST-00106,2470768,MERCH-0034,Kano,2026-07-29 13:13:00.827865,0,none
TXN-009034,CUST-00483,2609798,MERCH-0001,Enugu,2026-08-19 19:33:00.760959,0,none
TXN-005506,CUST-00389,3391884,MERCH-0022,Abuja,2026-08-13 22:12:00.436149,0,none
TXN-002767,CUST-00175,6239491,MERCH-0051,Kano,2026-08-12 11:04:00.015160,0,none
TXN-007603,CUST-00479,1273660,MERCH-0009,Abuja,2026-08-06 12:22:00.684528,0,none
TXN-007056,CUST-00200,585787,MERCH-0012,Kaduna,2026-09-04 20:29:00.280186,0,none
TXN-004866,CUST-00033,3804419,MERCH-0059,Kano,2026-07-08 09:15:00.500274,0,none
TXN-004278,CUST-00148,626994,MERCH-0018,Lagos,2026-07-13 23:04:00.782450,1,off_hours
TXN-001942,CUST-00210,3937851,MERCH-0014,Benin City,2026-09-23 12:26:00.136766,0,none
TXN-003896,CUST-00294,1879346,MERCH-0076,Ibadan,2026-09-24 12:45:00.746838,0,none
TXN-000389,CUST-00152,1694879,MERCH-0080,Enugu,2026-09-24 11:36:00.464870,0,none
TXN-001902,CUST-00102,2964254,MERCH-0069,Lagos,2026-07-17 21:39:00.176151,0,none
TXN-007640,CUST-00192,3878941,MERCH-0005,Benin City,2026-08-21 17:22:00.871665,0,none
TXN-008564,CUST-00269,5679377,MERCH-0093,Kaduna,2026-07-11 11:06:00.449912,0,none
TXN-002329,CUST-00177,2881623,MERCH-0018,Benin City,2026-08-28 08:11:00.283601,0,none
TXN-002153,CUST-00129,2159089,MERCH-0031,Kano,2026-09-02 12:05:00.648503,0,none
TXN-004376,CUST-00243,1158624,MERCH-0059,Port Harcourt,2026-07-12 17:56:00.173447,0,none
TXN-000857,CUST-00317,3005444,MERCH-0100,Ibadan,2026-09-30 06:29:00.431080,0,none
TXN-003469,CUST-00071,2543840,MERCH-0054,Enugu,2026-09-27 08:06:00.959045,0,none
TXN-002860,CUST-00134,99771939,MERCH-0013,Benin City,2026-09-06 13:59:00.821851,1,amount_anomaly
TXN-000089,CUST-00112,4160978,MERCH-0037,Ibadan,2026-07-25 10:31:00.947968,0,none
TXN-000511,CUST-00391,2406031,MERCH-0074,Port Harcourt,2026-10-04 08:05:00.974013,0,none
TXN-004460,CUST-00068,3423528,MERCH-0092,Port Harcourt,2026-07-14 09:32:00.828901,0,none
TXN-006886,CUST-00381,2716731,MERCH-0076,Kaduna,2026-08-30 18:20:00.173343,0,none
TXN-006694,CUST-00024,1683351,MERCH-0094,Abuja,2026-09-19 17:19:00.437020,0,none
TXN-002111,CUST-00407,1726865,MERCH-0094,Ibadan,2026-08-12 18:02:00.874887,0,none
TXN-006839,CUST-00411,1995701,MERCH-0051,Ibadan,2026-08-13 11:13:00.069446,0,none
TXN-008085,CUST-00028,3833304,MERCH-0050,Enugu,2026-09-14 17:53:00.621257,0,none
TXN-004695,CUST-00310,56993664,MERCH-0054,Abuja,2026-07-10 10:05:00.810440,1,amount_anomaly
TXN-003051,CUST-00480,1627045,MERCH-0056,Enugu,2026-08-02 09:33:00.527336,0,none
TXN-001394,CUST-00207,2962679,MERCH-0064,Port Harcourt,2026-08-12 18:10:00.909122,0,none
TXN-002710,CUST-00069,2152859,MERCH-0010,Lagos,2026-09-27 21:45:00.805049,0,none
TXN-009339,CUST-00051,2597505,MERCH-0028,Enugu,2026-08-07 12:17:00.312605,0,none
TXN-000734,CUST-00174,1903577,MERCH-0021,Kaduna,2026-08-12 16:49:00.884135,0,none
TXN-BURST-TXN-000654-2,CUST-00003,1564906,MERCH-0036,Lagos,2026-08-20 10:42:30.658473,1,velocity_burst
TXN-000652,CUST-00015,1822214,MERCH-0015,Lagos,2026-07-27 17:53:00.917802,0,none
TXN-004072,CUST-00455,3870116,MERCH-0029,Ibadan,2026-08-20 19:50:00.420413,0,none
TXN-005519,CUST-00052,3368382,MERCH-0031,Abuja,2026-07-18 19:01:00.305815,0,none
TXN-008027,CUST-00187,5429666,MERCH-0037,Enugu,2026-07-11 15:41:00.565481,0,none
TXN-003132,CUST-00197,2851608,MERCH-0023,Kaduna,2026-07-20 19:39:00.736970,0,none
TXN-006197,CUST-00440,3157025,MERCH-0086,Kaduna,2026-08-31 11:19:00.721578,1,velocity_burst
TXN-006324,CUST-00290,2309334,MERCH-0033,Kano,2026-07-21 13:17:00.531493,0,none
TXN-006152,CUST-00279,1889742,MERCH-0092,Lagos,2026-09-24 08:43:00.033770,0,none
TXN-004454,CUST-00182,956922,MERCH-0065,Benin City,2026-08-31 15:06:00.138570,0,none
TXN-001211,CUST-00147,506324,MERCH-0068,Enugu,2026-07-17 14:11:00.038567,0,none
TXN-000417,CUST-00217,1096251,MERCH-0036,Port Harcourt,2026-09-15 16:31:00.415656,0,none
TXN-001473,CUST-00143,645367,MERCH-0028,Enugu,2026-08-23 17:06:00.992549,0,none
TXN-000622,CUST-00406,965403,MERCH-0063,Benin City,2026-08-16 08:18:00.864691,0,none
TXN-007221,CUST-00049,3753225,MERCH-0054,Port Harcourt,2026-07-11 19:57:00.932767,0,none
TXN-000719,CUST-00026,2159221,MERCH-0057,Kaduna,2026-10-04 10:06:00.900783,0,none
TXN-006714,CUST-00443,4801773,MERCH-0098,Benin City,2026-10-03 18:09:00.642097,0,none
TXN-007019,CUST-00113,701295,MERCH-0026,Kano,2026-09-25 20:41:00.078784,0,none
TXN-008090,CUST-00127,931441,MERCH-0073,Ibadan,2026-09-07 14:03:00.969774,0,none
TXN-001124,CUST-00229,6294391,MERCH-0036,Ibadan,2026-07-17 09:02:00.608387,0,none
TXN-006652,CUST-00225,2133596,MERCH-0100,Kano,2026-07-21 07:21:00.744063,0,none
TXN-006023,CUST-00394,1536567,MERCH-0070,Kaduna,2026-08-02 12:33:00.873417,0,none
TXN-002128,CUST-00272,2910925,MERCH-0068,Kaduna,2026-07-08 06:51:00.772890,0,none
TXN-007912,CUST-00013,4366534,MERCH-0064,Enugu,2026-08-05 11:38:00.469714,0,none
TXN-006798,CUST-00356,8046099,MERCH-0012,Enugu,2026-07-26 09:46:00.882654,0,none
TXN-000959,CUST-00035,5767386,MERCH-0039,Kano,2026-07-29 17:08:00.931596,0,none
TXN-003016,CUST-00102,2371491,MERCH-0063,Lagos,2026-08-02 15:14:00.269805,0,none
TXN-BURST-TXN-006512-2,CUST-00466,1552779,MERCH-0033,Lagos,2026-07-09 08:02:30.141685,1,velocity_burst
TXN-003652,CUST-00138,1750490,MERCH-0016,Benin City,2026-09-22 15:50:00.408416,1,velocity_burst
TXN-000009,CUST-00247,2268979,MERCH-0059,Abuja,2026-09-23 13:23:00.032735,0,none
TXN-000400,CUST-00152,3039773,MERCH-0042,Enugu,2026-09-10 08:01:00.698233,0,none
TXN-003530,CUST-00360,3045435,MERCH-0041,Abuja,2026-09-25 08:40:00.429382,0,none
TXN-006955,CUST-00287,1820125,MERCH-0071,Enugu,2026-08-11 14:55:00.751363,0,none
TXN-001924,CUST-00141,4126244,MERCH-0072,Ibadan,2026-08-07 17:38:00.817116,0,none
TXN-006400,CUST-00118,1734192,MERCH-0022,Enugu,2026-07-14 08:30:00.504677,0,none
TXN-003308,CUST-00145,1049049,MERCH-0055,Abuja,2026-09-27 16:24:00.750684,0,none
TXN-009611,CUST-00347,3735878,MERCH-0074,Kano,2026-09-16 13:04:00.489555,0,none
TXN-004013,CUST-00445,2086190,MERCH-0062,Kano,2026-09-22 12:59:00.690714,0,none
TXN-004420,CUST-00085,4370938,MERCH-0080,Kaduna,2026-09-04 11:57:00.893797,0,none
TXN-004068,CUST-00043,103851776,MERCH-0059,Abuja,2026-07-24 12:40:00.173399,1,amount_anomaly
TXN-005845,CUST-00312,4493298,MERCH-0050,Lagos,2026-09-03 07:53:00.506501,0,none
TXN-003025,CUST-00230,5324715,MERCH-0092,Enugu,2026-09-22 12:16:00.795550,0,none
TXN-002679,CUST-00213,4334725,MERCH-0003,Kano,2026-09-29 11:19:00.078789,0,none
TXN-004229,CUST-00263,1624305,MERCH-0025,Ibadan,2026-07-12 07:09:00.096007,0,none
TXN-008543,CUST-00178,2170857,MERCH-0033,Port Harcourt,2026-09-16 14:53:00.354306,1,geo_anomaly
TXN-005063,CUST-00127,472257,MERCH-0009,Ibadan,2026-07-16 16:57:00.593878,0,none
TXN-008886,CUST-00449,3895603,MERCH-0094,Ibadan,2026-08-07 13:50:00.959428,0,none
TXN-004872,CUST-00138,1715645,MERCH-0046,Benin City,2026-08-28 10:37:00.954682,0,none
TXN-007213,CUST-00135,1574150,MERCH-0052,Abuja,2026-09-17 15:45:00.382665,0,none
TXN-009347,CUST-00346,2490187,MERCH-0066,Abuja,2026-09-28 11:48:00.915230,0,none
TXN-000583,CUST-00063,1955681,MERCH-0011,Enugu,2026-08-14 18:47:00.233130,0,none
TXN-003402,CUST-00118,1593659,MERCH-0065,Enugu,2026-08-05 18:34:00.251958,0,none
TXN-000625,CUST-00241,656241,MERCH-0043,Ibadan,2026-09-13 18:13:00.137980,0,none
TXN-000569,CUST-00164,4745082,MERCH-0013,Enugu,2026-09-30 16:17:00.836913,0,none
TXN-000731,CUST-00117,3726676,MERCH-0012,Lagos,2026-09-26 16:54:00.413855,0,none
TXN-008592,CUST-00225,3274554,MERCH-0061,Kano,2026-09-05 07:22:00.447342,0,none
TXN-001786,CUST-00166,2018862,MERCH-0090,Kano,2026-09-07 22:23:00.859146,0,none
TXN-001409,CUST-00252,3265064,MERCH-0032,Lagos,2026-09-10 19:04:00.483762,0,none
TXN-001748,CUST-00266,2792892,MERCH-0006,Abuja,2026-09-26 12:34:00.912107,1,geo_anomaly
TXN-008560,CUST-00226,5068317,MERCH-0062,Kano,2026-09-28 16:46:00.493666,0,none
TXN-003211,CUST-00377,463924,MERCH-0043,Ibadan,2026-09-07 21:42:00.421108,0,none
TXN-006761,CUST-00418,741905,MERCH-0020,Kaduna,2026-09-24 09:50:00.831168,0,none
TXN-000361,CUST-00298,2926307,MERCH-0097,Abuja,2026-07-20 10:01:00.537781,0,none
TXN-004415,CUST-00232,1551452,MERCH-0029,Port Harcourt,2026-09-04 15:52:00.961648,0,none
TXN-005376,CUST-00100,4953244,MERCH-0032,Kano,2026-08-21 18:18:00.318712,0,none
TXN-000292,CUST-00068,4228741,MERCH-0021,Port Harcourt,2026-08-26 15:17:00.469087,0,none
TXN-004975,CUST-00107,2720162,MERCH-0063,Abuja,2026-07-27 21:16:00.103146,0,none
TXN-000102,CUST-00205,1666233,MERCH-0076,Port Harcourt,2026-07-12 14:49:00.623628,0,none
TXN-009078,CUST-00096,3302676,MERCH-0067,Lagos,2026-10-05 09:58:00.002397,0,none
TXN-001114,CUST-00251,1518332,MERCH-0097,Benin City,2026-09-13 14:01:00.547569,0,none
TXN-001617,CUST-00024,1381259,MERCH-0084,Abuja,2026-10-02 12:52:00.979719,0,none
TXN-003353,CUST-00025,929424,MERCH-0025,Abuja,2026-07-20 19:55:00.674225,0,none
TXN-009061,CUST-00250,874101,MERCH-0085,Kano,2026-07-13 14:01:00.175375,0,none
TXN-001419,CUST-00355,708222,MERCH-0031,Benin City,2026-09-27 11:05:00.844085,0,none
TXN-BURST-TXN-001524-1,CUST-00042,977494,MERCH-0032,Enugu,2026-09-25 10:03:00.703835,1,velocity_burst
TXN-007349,CUST-00045,4909161,MERCH-0023,Enugu,2026-07-08 15:55:00.284256,0,none
TXN-004292,CUST-00385,5756656,MERCH-0053,Abuja,2026-07-16 09:37:00.568947,0,none
TXN-006830,CUST-00330,1894280,MERCH-0050,Enugu,2026-08-28 18:16:00.901110,0,none
TXN-003980,CUST-00248,2794687,MERCH-0028,Kaduna,2026-09-18 13:39:00.472938,0,none
TXN-003150,CUST-00262,901115,MERCH-0086,Ibadan,2026-09-10 14:57:00.550061,0,none
TXN-008332,CUST-00023,2884864,MERCH-0017,Ibadan,2026-07-30 13:48:00.291366,0,none
TXN-004367,CUST-00459,1354793,MERCH-0058,Benin City,2026-10-02 17:58:00.213487,0,none
TXN-002426,CUST-00032,5064857,MERCH-0092,Abuja,2026-08-24 16:41:00.139970,0,none
TXN-002466,CUST-00079,5267632,MERCH-0062,Abuja,2026-07-15 08:25:00.069772,0,none
TXN-003468,CUST-00362,2242131,MERCH-0092,Lagos,2026-08-24 18:47:00.822653,0,none
TXN-007797,CUST-00470,49406346,MERCH-0095,Benin City,2026-08-11 14:29:00.978230,1,amount_anomaly
TXN-006131,CUST-00389,3403693,MERCH-0004,Abuja,2026-09-04 18:38:00.959494,0,none
TXN-009281,CUST-00317,1804565,MERCH-0012,Ibadan,2026-08-18 16:11:00.412911,0,none
TXN-002725,CUST-00322,4744162,MERCH-0089,Enugu,2026-08-20 13:58:00.439790,0,none
TXN-005366,CUST-00065,5851035,MERCH-0011,Ibadan,2026-09-05 13:19:00.116378,0,none
TXN-005840,CUST-00273,1007875,MERCH-0014,Port Harcourt,2026-08-06 18:57:00.227307,0,none
TXN-000564,CUST-00265,4037628,MERCH-0066,Kaduna,2026-09-01 17:31:00.680342,0,none
TXN-009404,CUST-00117,2695191,MERCH-0096,Lagos,2026-08-04 11:58:00.432229,0,none
TXN-006196,CUST-00480,1441880,MERCH-0020,Enugu,2026-09-26 16:44:00.118144,0,none
TXN-003774,CUST-00041,2864050,MERCH-0023,Ibadan,2026-09-29 23:39:00.568581,1,off_hours
TXN-BURST-TXN-004112-1,CUST-00325,5283028,MERCH-0081,Kano,2026-07-12 18:18:00.932992,1,velocity_burst
TXN-007506,CUST-00444,1890617,MERCH-0094,Kano,2026-09-15 10:03:00.245160,0,none
TXN-BURST-TXN-002714-1,CUST-00453,1402712,MERCH-0064,Kaduna,2026-09-14 12:33:00.152874,1,velocity_burst
TXN-007809,CUST-00099,4387536,MERCH-0083,Lagos,2026-07-20 16:20:00.964225,0,none
TXN-000064,CUST-00303,2603959,MERCH-0006,Abuja,2026-07-11 09:23:00.491630,0,none
TXN-001741,CUST-00163,1384066,MERCH-0047,Lagos,2026-07-17 15:16:00.233001,0,none
TXN-003935,CUST-00248,1802573,MERCH-0010,Kaduna,2026-08-17 16:40:00.862919,0,none
TXN-001251,CUST-00145,1108257,MERCH-0087,Abuja,2026-08-12 13:43:00.154113,0,none
TXN-003694,CUST-00413,367929,MERCH-0074,Port Harcourt,2026-07-22 16:10:00.344056,0,none
TXN-008425,CUST-00028,3447365,MERCH-0001,Enugu,2026-07-23 11:22:00.284038,0,none
TXN-002475,CUST-00187,5561593,MERCH-0035,Enugu,2026-07-31 16:10:00.974084,0,none
TXN-007389,CUST-00048,1310093,MERCH-0043,Ibadan,2026-08-15 09:18:00.713403,0,none
TXN-004002,CUST-00005,3999907,MERCH-0006,Abuja,2026-09-30 09:13:00.659407,0,none
TXN-006454,CUST-00454,1189148,MERCH-0082,Abuja,2026-08-24 15:51:00.418404,0,none
TXN-008742,CUST-00178,3397032,MERCH-0003,Kaduna,2026-07-27 12:38:00.660292,0,none
TXN-002129,CUST-00273,552912,MERCH-0013,Port Harcourt,2026-09-17 15:10:00.586797,0,none
TXN-004562,CUST-00071,1906707,MERCH-0054,Enugu,2026-07-12 09:44:00.560009,0,none
TXN-004103,CUST-00091,2929750,MERCH-0030,Lagos,2026-08-05 12:04:00.366390,0,none
TXN-009287,CUST-00463,2612031,MERCH-0027,Port Harcourt,2026-09-12 10:04:00.031947,0,none
TXN-002933,CUST-00016,3608419,MERCH-0039,Port Harcourt,2026-09-09 10:35:00.575760,0,none
TXN-001348,CUST-00109,4490050,MERCH-0008,Abuja,2026-08-27 18:30:00.934337,0,none
TXN-007423,CUST-00191,3533819,MERCH-0082,Benin City,2026-09-11 20:45:00.231658,0,none
TXN-000246,CUST-00208,5789567,MERCH-0059,Port Harcourt,2026-08-10 12:35:00.835881,0,none
TXN-005517,CUST-00385,1402165,MERCH-0054,Abuja,2026-10-05 11:05:00.822727,0,none
TXN-008766,CUST-00168,2291803,MERCH-0038,Ibadan,2026-07-31 11:35:00.976321,0,none
TXN-001892,CUST-00376,2196925,MERCH-0012,Kaduna,2026-08-03 17:55:00.003461,0,none
TXN-007978,CUST-00297,4814833,MERCH-0069,Enugu,2026-07-07 18:39:00.107375,0,none
TXN-005841,CUST-00367,1599867,MERCH-0022,Benin City,2026-09-01 08:52:00.157964,0,none
TXN-004333,CUST-00187,4653053,MERCH-0043,Enugu,2026-08-06 12:25:00.578366,0,none
TXN-000334,CUST-00373,4306417,MERCH-0021,Kaduna,2026-07-19 16:14:00.174969,0,none
TXN-001836,CUST-00089,1621623,MERCH-0037,Kano,2026-09-28 06:17:00.120618,0,none
TXN-002311,CUST-00295,754533,MERCH-0053,Kano,2026-09-26 14:29:00.176137,0,none
TXN-006282,CUST-00198,2218616,MERCH-0038,Kaduna,2026-10-02 16:33:00.176874,0,none
TXN-006384,CUST-00226,5635695,MERCH-0068,Kano,2026-07-14 19:29:00.897024,0,none
TXN-007627,CUST-00293,6919003,MERCH-0038,Ibadan,2026-09-20 17:14:00.185089,0,none
TXN-006724,CUST-00333,1958145,MERCH-0012,Kaduna,2026-07-29 14:37:00.446417,0,none
TXN-000264,CUST-00190,3166219,MERCH-0089,Abuja,2026-08-05 08:00:00.810131,0,none
TXN-007991,CUST-00200,1229858,MERCH-0048,Kaduna,2026-08-10 10:54:00.116905,0,none
TXN-005492,CUST-00380,1028465,MERCH-0021,Enugu,2026-07-08 18:59:00.213225,0,none
TXN-009366,CUST-00259,4593468,MERCH-0020,Kano,2026-08-27 14:13:00.965334,1,geo_anomaly
TXN-000953,CUST-00040,811892,MERCH-0046,Kano,2026-09-01 13:26:00.676447,0,none
TXN-000656,CUST-00442,1617731,MERCH-0023,Port Harcourt,2026-07-13 13:20:00.994256,0,none
TXN-000624,CUST-00351,6666069,MERCH-0009,Abuja,2026-07-30 07:00:00.824431,0,none
TXN-001808,CUST-00242,664871,MERCH-0040,Port Harcourt,2026-09-15 12:32:00.628777,0,none
TXN-008247,CUST-00168,3341362,MERCH-0038,Port Harcourt,2026-08-01 11:28:00.457019,1,geo_anomaly
TXN-002233,CUST-00472,452970,MERCH-0081,Port Harcourt,2026-09-21 20:28:00.327971,0,none
TXN-003003,CUST-00193,631412,MERCH-0005,Kano,2026-09-09 08:18:00.621883,0,none
TXN-002518,CUST-00371,5004851,MERCH-0073,Benin City,2026-07-16 14:37:00.007826,0,none
TXN-007666,CUST-00118,1213389,MERCH-0065,Enugu,2026-09-18 13:24:00.323942,0,none
TXN-002621,CUST-00138,1714422,MERCH-0072,Benin City,2026-09-07 17:35:00.746371,0,none
TXN-004162,CUST-00381,3546984,MERCH-0040,Kaduna,2026-08-01 09:41:00.362469,0,none
TXN-006477,CUST-00297,4428530,MERCH-0077,Enugu,2026-09-11 20:52:00.651368,0,none
TXN-005360,CUST-00445,1911469,MERCH-0050,Kano,2026-09-11 09:52:00.048035,0,none
TXN-000368,CUST-00322,214579050,MERCH-0036,Enugu,2026-07-26 11:26:00.508118,1,amount_anomaly
TXN-007515,CUST-00066,1031017,MERCH-0009,Lagos,2026-09-15 14:02:00.211854,0,none
TXN-000737,CUST-00324,3568299,MERCH-0071,Enugu,2026-08-17 13:26:00.803423,0,none
TXN-001255,CUST-00414,2540580,MERCH-0088,Ibadan,2026-08-04 08:07:00.210299,0,none
TXN-003288,CUST-00378,3983828,MERCH-0003,Kano,2026-07-12 16:28:00.471959,0,none
TXN-BURST-TXN-001276-1,CUST-00076,923096,MERCH-0029,Kaduna,2026-08-02 16:47:00.917651,1,velocity_burst
TXN-008421,CUST-00418,702856,MERCH-0036,Kaduna,2026-09-08 14:18:00.832470,0,none
TXN-003743,CUST-00037,1968512,MERCH-0027,Port Harcourt,2026-09-28 12:46:00.012184,0,none
TXN-000578,CUST-00153,3797648,MERCH-0032,Kaduna,2026-08-06 19:57:00.925639,0,none
TXN-005153,CUST-00299,761327,MERCH-0096,Enugu,2026-09-22 14:33:00.120297,0,none
TXN-007867,CUST-00343,1266476,MERCH-0086,Ibadan,2026-07-16 13:17:00.475894,0,none
TXN-004933,CUST-00061,5203179,MERCH-0062,Enugu,2026-08-01 17:49:00.230031,0,none
TXN-009692,CUST-00387,2308119,MERCH-0041,Ibadan,2026-09-06 12:01:00.227014,0,none
TXN-002390,CUST-00351,4176627,MERCH-0009,Benin City,2026-09-08 15:07:00.785470,1,geo_anomaly
TXN-009578,CUST-00075,3246280,MERCH-0025,Benin City,2026-07-22 20:40:00.321137,0,none
TXN-002237,CUST-00031,1704032,MERCH-0052,Kano,2026-08-14 18:05:00.684520,0,none
TXN-004157,CUST-00239,459314,MERCH-0087,Kano,2026-07-25 09:31:00.949116,0,none
TXN-002192,CUST-00462,3298093,MERCH-0078,Ibadan,2026-07-21 20:16:00.579333,0,none
TXN-001881,CUST-00396,2400607,MERCH-0013,Kaduna,2026-07-18 18:55:00.368077,0,none
TXN-001784,CUST-00072,1933499,MERCH-0062,Kaduna,2026-09-06 15:00:00.423753,0,none
TXN-001714,CUST-00343,1229832,MERCH-0079,Ibadan,2026-08-03 14:51:00.259544,0,none
TXN-004849,CUST-00203,1633357,MERCH-0020,Kano,2026-09-18 09:36:00.803008,0,none
TXN-007414,CUST-00070,1003922,MERCH-0045,Ibadan,2026-09-13 12:18:00.555163,0,none
TXN-004884,CUST-00316,1408710,MERCH-0095,Benin City,2026-09-01 13:09:00.622842,0,none
TXN-BURST-TXN-001931-0,CUST-00381,1992391,MERCH-0029,Kaduna,2026-09-04 19:16:30.829703,1,velocity_burst
TXN-004721,CUST-00328,3359719,MERCH-0091,Enugu,2026-09-13 11:24:00.846968,0,none
TXN-000077,CUST-00227,6933103,MERCH-0088,Kano,2026-09-01 04:54:00.686252,1,off_hours
TXN-005545,CUST-00065,112171644,MERCH-0033,Ibadan,2026-07-19 15:14:00.260250,1,amount_anomaly
TXN-BURST-TXN-009161-0,CUST-00140,3713430,MERCH-0036,Kano,2026-10-04 15:51:30.892228,1,velocity_burst
TXN-008542,CUST-00297,6294541,MERCH-0082,Enugu,2026-08-07 21:00:00.034941,0,none
TXN-007966,CUST-00340,3672061,MERCH-0090,Lagos,2026-08-29 10:43:00.006689,0,none
TXN-006396,CUST-00151,699663,MERCH-0074,Enugu,2026-07-22 14:21:00.973967,0,none
TXN-009993,CUST-00217,1306053,MERCH-0036,Port Harcourt,2026-07-20 13:55:00.146609,0,none
TXN-005653,CUST-00253,1943866,MERCH-0079,Kano,2026-09-24 09:07:00.298495,0,none
TXN-005497,CUST-00187,4344226,MERCH-0007,Enugu,2026-08-05 11:10:00.037569,0,none
TXN-002964,CUST-00024,2095881,MERCH-0060,Abuja,2026-09-22 12:41:00.945660,0,none
TXN-007064,CUST-00474,4506516,MERCH-0052,Kano,2026-08-24 12:42:00.752259,0,none
TXN-008643,CUST-00229,2569888,MERCH-0037,Ibadan,2026-09-30 13:28:00.781209,0,none
TXN-006473,CUST-00153,5234758,MERCH-0032,Kaduna,2026-07-15 16:22:00.514916,0,none
TXN-009198,CUST-00369,3208544,MERCH-0062,Lagos,2026-08-03 21:05:00.426775,0,none
TXN-007598,CUST-00223,6146804,MERCH-0030,Lagos,2026-09-26 15:28:00.579165,0,none
TXN-004903,CUST-00094,2062111,MERCH-0037,Abuja,2026-08-22 13:05:00.356566,0,none
TXN-003525,CUST-00022,1255768,MERCH-0081,Ibadan,2026-08-21 16:38:00.110846,0,none
TXN-001689,CUST-00182,1412283,MERCH-0071,Benin City,2026-08-16 21:18:00.610082,0,none
TXN-003383,CUST-00246,1552930,MERCH-0063,Kano,2026-07-22 17:46:00.760190,0,none
TXN-000684,CUST-00445,1508118,MERCH-0084,Kano,2026-07-31 20:38:00.367100,0,none
TXN-008298,CUST-00367,1601744,MERCH-0022,Benin City,2026-09-11 15:13:00.487767,0,none
TXN-000004,CUST-00469,922131,MERCH-0057,Benin City,2026-07-25 19:30:00.028097,0,none
TXN-000648,CUST-00270,2164145,MERCH-0001,Lagos,2026-09-17 12:58:00.120359,0,none
TXN-005182,CUST-00224,1192493,MERCH-0025,Enugu,2026-08-18 08:40:00.525813,0,none
TXN-001083,CUST-00340,3183023,MERCH-0052,Lagos,2026-07-22 10:34:00.005575,0,none
TXN-008844,CUST-00089,1041314,MERCH-0037,Kano,2026-10-03 18:12:00.767748,0,none
TXN-002222,CUST-00049,3638708,MERCH-0017,Port Harcourt,2026-08-06 08:33:00.369028,0,none
TXN-000291,CUST-00249,5308165,MERCH-0024,Lagos,2026-08-21 12:16:00.070850,0,none
TXN-002546,CUST-00263,3802308,MERCH-0002,Ibadan,2026-09-28 16:10:00.175280,0,none
TXN-008539,CUST-00227,4482229,MERCH-0083,Kano,2026-10-04 17:14:00.508676,0,none
TXN-000677,CUST-00380,1213377,MERCH-0021,Enugu,2026-09-25 14:02:00.617802,0,none
TXN-BURST-TXN-000888-1,CUST-00482,1319085,MERCH-0052,Port Harcourt,2026-08-07 19:57:00.449950,1,velocity_burst
TXN-001471,CUST-00067,1877121,MERCH-0028,Lagos,2026-07-30 16:32:00.168416,0,none
TXN-007179,CUST-00267,479207,MERCH-0043,Kano,2026-10-01 17:19:00.744300,0,none
TXN-001459,CUST-00076,2546085,MERCH-0029,Kaduna,2026-07-09 19:28:00.515416,0,none
TXN-005820,CUST-00283,2850385,MERCH-0085,Kaduna,2026-08-13 21:05:00.339303,0,none
TXN-005859,CUST-00440,2680375,MERCH-0002,Kaduna,2026-08-13 09:26:00.381874,0,none
TXN-004930,CUST-00402,3115593,MERCH-0100,Abuja,2026-09-04 08:32:00.602820,0,none
TXN-007700,CUST-00296,3605226,MERCH-0092,Kano,2026-07-26 12:12:00.207226,0,none
TXN-004443,CUST-00048,1454797,MERCH-0093,Ibadan,2026-07-10 18:50:00.244808,0,none
TXN-003350,CUST-00004,5214226,MERCH-0028,Kano,2026-09-16 08:38:00.916099,0,none
TXN-005839,CUST-00276,4278779,MERCH-0022,Enugu,2026-10-03 12:19:00.912066,0,none
TXN-001632,CUST-00302,3059930,MERCH-0061,Benin City,2026-09-07 12:52:00.095970,0,none
TXN-000136,CUST-00310,2430859,MERCH-0077,Abuja,2026-08-30 15:34:00.107893,0,none
TXN-005748,CUST-00500,3366143,MERCH-0034,Kaduna,2026-08-26 11:48:00.410118,0,none
TXN-002109,CUST-00192,3799882,MERCH-0078,Benin City,2026-10-03 18:57:00.658571,0,none
TXN-004105,CUST-00458,7448647,MERCH-0051,Kano,2026-09-13 11:40:00.681561,0,none
TXN-008842,CUST-00444,576441,MERCH-0048,Kano,2026-08-03 11:30:00.842495,0,none
TXN-002413,CUST-00196,3009130,MERCH-0100,Kaduna,2026-09-27 10:59:00.097643,0,none
TXN-009514,CUST-00443,2045307,MERCH-0002,Benin City,2026-08-12 16:54:00.218553,0,none
TXN-007557,CUST-00201,4125372,MERCH-0053,Port Harcourt,2026-09-23 15:12:00.652872,0,none
TXN-009479,CUST-00346,3481660,MERCH-0064,Abuja,2026-09-05 10:19:00.061572,0,none
TXN-000186,CUST-00146,4605767,MERCH-0066,Kaduna,2026-10-01 16:47:00.186835,0,none
TXN-008544,CUST-00209,5304802,MERCH-0041,Kaduna,2026-08-22 16:02:00.026178,0,none
TXN-001577,CUST-00470,2096571,MERCH-0088,Benin City,2026-07-28 18:57:00.069063,0,none
TXN-006260,CUST-00499,2398261,MERCH-0021,Lagos,2026-08-22 10:22:00.573142,0,none
TXN-BURST-TXN-002655-1,CUST-00019,3708372,MERCH-0017,Abuja,2026-10-02 11:00:00.636584,1,velocity_burst
TXN-002875,CUST-00013,5056034,MERCH-0066,Enugu,2026-08-04 13:10:00.605830,0,none
TXN-007745,CUST-00065,4426055,MERCH-0036,Ibadan,2026-09-11 20:20:00.293201,0,none
TXN-003754,CUST-00293,4996831,MERCH-0063,Ibadan,2026-09-16 19:19:00.052879,0,none
TXN-003155,CUST-00368,4228319,MERCH-0046,Enugu,2026-08-29 06:20:00.424475,0,none
TXN-001692,CUST-00472,195205,MERCH-0100,Port Harcourt,2026-08-24 15:58:00.230992,1,velocity_burst
TXN-007451,CUST-00115,114902828,MERCH-0100,Enugu,2026-07-12 13:55:00.244985,1,amount_anomaly
TXN-007306,CUST-00175,5359707,MERCH-0007,Kano,2026-07-21 14:35:00.859250,0,none
TXN-006327,CUST-00311,2055757,MERCH-0024,Kaduna,2026-09-07 12:28:00.422276,0,none
TXN-009253,CUST-00297,7046398,MERCH-0077,Enugu,2026-07-08 12:01:00.397213,0,none
TXN-000331,CUST-00020,2394685,MERCH-0026,Kano,2026-09-30 15:57:00.476663,0,none
TXN-002378,CUST-00163,1817058,MERCH-0047,Lagos,2026-07-25 19:09:00.463114,0,none
TXN-008583,CUST-00198,1240106,MERCH-0070,Kaduna,2026-07-23 08:30:00.568971,0,none
TXN-001157,CUST-00094,1368190,MERCH-0059,Abuja,2026-10-01 16:18:00.792977,0,none
TXN-004085,CUST-00354,961265,MERCH-0001,Kaduna,2026-09-12 18:45:00.473425,0,none
TXN-006423,CUST-00331,2620938,MERCH-0100,Abuja,2026-09-14 17:45:00.586799,0,none
TXN-001218,CUST-00229,3903626,MERCH-0072,Ibadan,2026-09-13 09:34:00.390213,0,none
TXN-000550,CUST-00462,2739761,MERCH-0078,Ibadan,2026-08-08 13:01:00.652925,0,none
TXN-004442,CUST-00397,6163579,MERCH-0061,Benin City,2026-09-14 14:41:00.965065,0,none
TXN-004708,CUST-00497,1224849,MERCH-0099,Kaduna,2026-08-02 17:10:00.034644,0,none
TXN-009509,CUST-00227,3028317,MERCH-0093,Kano,2026-09-05 16:48:00.709289,0,none
TXN-009735,CUST-00283,2460072,MERCH-0085,Kaduna,2026-08-31 17:20:00.021469,0,none
TXN-000382,CUST-00300,3339153,MERCH-0089,Ibadan,2026-08-19 08:56:00.209421,0,none
TXN-000867,CUST-00241,502080,MERCH-0035,Ibadan,2026-09-03 08:33:00.943244,0,none
TXN-000132,CUST-00116,1361412,MERCH-0099,Ibadan,2026-07-18 15:57:00.458515,0,none
TXN-004202,CUST-00107,2569493,MERCH-0092,Abuja,2026-09-24 10:03:00.477454,0,none
TXN-003992,CUST-00018,4358477,MERCH-0031,Abuja,2026-10-03 09:40:00.776618,0,none
TXN-000705,CUST-00260,2834811,MERCH-0054,Kaduna,2026-09-29 16:54:00.640799,0,none
TXN-009934,CUST-00028,4707067,MERCH-0034,Enugu,2026-09-02 13:15:00.208737,0,none
TXN-004128,CUST-00146,3995252,MERCH-0045,Kaduna,2026-09-14 16:00:00.631456,0,none
TXN-003239,CUST-00265,6944816,MERCH-0064,Kaduna,2026-09-11 15:06:00.040821,0,none
TXN-005712,CUST-00347,2633794,MERCH-0074,Kano,2026-07-11 20:39:00.368624,0,none
TXN-009472,CUST-00185,4348561,MERCH-0100,Kaduna,2026-08-18 07:18:00.645213,0,none
TXN-008831,CUST-00183,3112011,MERCH-0094,Enugu,2026-07-24 09:20:00.620652,0,none
TXN-007114,CUST-00273,385330,MERCH-0020,Port Harcourt,2026-09-10 11:32:00.236105,0,none
TXN-001544,CUST-00265,4071449,MERCH-0066,Kaduna,2026-08-28 16:47:00.404946,0,none
TXN-005548,CUST-00158,2124554,MERCH-0081,Benin City,2026-07-17 12:54:00.870364,0,none
TXN-006171,CUST-00357,1878540,MERCH-0051,Kaduna,2026-07-08 16:26:00.489836,0,none
TXN-006052,CUST-00125,2905240,MERCH-0047,Enugu,2026-07-17 10:03:00.894863,0,none
TXN-BURST-TXN-003740-1,CUST-00255,4110011,MERCH-0028,Lagos,2026-09-12 11:04:00.633713,1,velocity_burst
TXN-006687,CUST-00436,2276343,MERCH-0071,Abuja,2026-07-28 12:29:00.751304,0,none
TXN-009155,CUST-00249,5964261,MERCH-0009,Lagos,2026-09-22 13:04:00.714316,0,none
TXN-003102,CUST-00056,6052362,MERCH-0059,Kano,2026-09-22 14:12:00.568623,0,none
TXN-006104,CUST-00116,1550011,MERCH-0099,Ibadan,2026-08-31 14:37:00.961245,0,none
TXN-004881,CUST-00489,2212880,MERCH-0073,Port Harcourt,2026-09-22 11:37:00.364849,0,none
TXN-008192,CUST-00427,6020269,MERCH-0008,Abuja,2026-07-19 15:31:00.921388,0,none
TXN-004221,CUST-00341,3630911,MERCH-0027,Kano,2026-08-30 18:15:00.050687,0,none
TXN-003943,CUST-00271,307994,MERCH-0079,Kano,2026-07-07 07:25:00.361420,0,none
TXN-003007,CUST-00322,5582423,MERCH-0096,Enugu,2026-07-18 16:17:00.788895,0,none
TXN-004075,CUST-00025,891004,MERCH-0025,Abuja,2026-08-01 15:37:00.722288,0,none
TXN-007342,CUST-00363,6106147,MERCH-0072,Enugu,2026-09-06 10:52:00.517493,0,none
TXN-001513,CUST-00267,528256,MERCH-0075,Kano,2026-07-27 14:50:00.172684,0,none
TXN-003711,CUST-00458,5659888,MERCH-0059,Kano,2026-08-18 08:45:00.614834,0,none
TXN-008356,CUST-00500,1586618,MERCH-0009,Kaduna,2026-09-05 11:51:00.635488,0,none
TXN-007947,CUST-00093,2081791,MERCH-0043,Port Harcourt,2026-07-28 19:26:00.918273,0,none
TXN-010000,CUST-00006,2662439,MERCH-0047,Abuja,2026-08-27 21:31:00.554438,0,none
TXN-003099,CUST-00102,1538937,MERCH-0069,Lagos,2026-09-26 11:17:00.526183,0,none
TXN-002795,CUST-00496,74071766,MERCH-0071,Lagos,2026-08-01 13:15:00.378886,1,amount_anomaly
TXN-009206,CUST-00106,4440818,MERCH-0080,Kano,2026-08-14 07:44:00.074234,0,none
TXN-008511,CUST-00078,3768094,MERCH-0093,Benin City,2026-09-15 20:34:00.195148,0,none
TXN-007566,CUST-00283,1813462,MERCH-0049,Kaduna,2026-07-12 21:51:00.878675,0,none
TXN-005263,CUST-00126,3978160,MERCH-0012,Benin City,2026-09-15 20:01:00.259876,0,none
TXN-005245,CUST-00193,1435880,MERCH-0078,Kano,2026-09-28 18:45:00.033501,0,none
TXN-002639,CUST-00385,4538154,MERCH-0050,Abuja,2026-09-21 15:55:00.181201,0,none
TXN-009624,CUST-00457,4336680,MERCH-0090,Lagos,2026-09-24 14:09:00.946186,0,none
TXN-009499,CUST-00436,4097536,MERCH-0033,Abuja,2026-07-23 12:56:00.611136,0,none
TXN-BURST-TXN-009181-0,CUST-00043,3479278,MERCH-0045,Abuja,2026-09-22 20:05:30.749238,1,velocity_burst
TXN-001635,CUST-00023,2968871,MERCH-0053,Ibadan,2026-08-31 15:34:00.856936,0,none
TXN-003064,CUST-00459,1541031,MERCH-0085,Benin City,2026-08-05 16:24:00.582370,0,none
TXN-001922,CUST-00466,1292173,MERCH-0088,Lagos,2026-08-09 17:18:00.905690,0,none
TXN-001254,CUST-00270,5617096,MERCH-0001,Lagos,2026-08-20 17:48:00.936033,0,none
TXN-008002,CUST-00456,5095877,MERCH-0029,Kaduna,2026-07-10 18:54:00.824067,0,none
TXN-002393,CUST-00229,3891607,MERCH-0036,Ibadan,2026-08-07 19:14:00.819028,0,none
TXN-006392,CUST-00104,6327534,MERCH-0061,Ibadan,2026-07-31 13:33:00.478190,0,none
TXN-003167,CUST-00444,1904493,MERCH-0012,Kano,2026-07-11 17:45:00.868585,0,none
TXN-008448,CUST-00051,2973664,MERCH-0028,Enugu,2026-09-19 19:19:00.287302,0,none
TXN-009881,CUST-00030,2976841,MERCH-0062,Lagos,2026-08-24 15:23:00.905659,0,none
TXN-002508,CUST-00051,1384699,MERCH-0061,Enugu,2026-09-17 20:37:00.758394,0,none
TXN-005909,CUST-00414,977841,MERCH-0017,Ibadan,2026-07-17 16:25:00.873224,0,none
TXN-005095,CUST-00463,2846934,MERCH-0080,Port Harcourt,2026-08-01 16:46:00.099353,0,none
TXN-004576,CUST-00303,3792831,MERCH-0091,Abuja,2026-07-17 19:42:00.954764,0,none
TXN-BURST-TXN-001952-1,CUST-00258,2797248,MERCH-0045,Kano,2026-07-13 19:37:00.207999,1,velocity_burst
TXN-002900,CUST-00256,7026360,MERCH-0099,Kano,2026-08-08 16:12:00.704515,0,none
TXN-003729,CUST-00455,3836910,MERCH-0059,Ibadan,2026-07-30 10:25:00.467936,0,none
TXN-000145,CUST-00014,1465595,MERCH-0049,Lagos,2026-07-17 16:36:00.159836,0,none
TXN-009341,CUST-00076,3676555,MERCH-0038,Kaduna,2026-07-12 15:16:00.635102,0,none
TXN-BURST-TXN-006197-1,CUST-00440,3157025,MERCH-0086,Kaduna,2026-08-31 11:20:00.721578,1,velocity_burst
TXN-002110,CUST-00410,1452365,MERCH-0007,Ibadan,2026-09-11 16:03:00.487994,0,none
TXN-000759,CUST-00229,6432461,MERCH-0037,Ibadan,2026-09-25 17:35:00.203146,0,none
TXN-009501,CUST-00149,1508214,MERCH-0049,Port Harcourt,2026-08-04 13:35:00.170121,0,none
TXN-006331,CUST-00196,4778716,MERCH-0034,Kaduna,2026-08-20 11:23:00.169203,0,none
TXN-002936,CUST-00146,5761302,MERCH-0097,Kaduna,2026-10-04 20:58:00.045598,0,none
TXN-005299,CUST-00224,2257434,MERCH-0090,Enugu,2026-07-12 09:09:00.535419,0,none
TXN-003393,CUST-00276,2326808,MERCH-0090,Enugu,2026-07-23 19:39:00.843446,0,none
TXN-001627,CUST-00249,3901561,MERCH-0009,Lagos,2026-09-23 16:14:00.394571,0,none
TXN-006524,CUST-00332,312874,MERCH-0084,Kano,2026-08-28 20:19:00.684149,0,none
TXN-005945,CUST-00383,430544,MERCH-0031,Ibadan,2026-07-17 13:17:00.080466,0,none
TXN-005488,CUST-00371,7557855,MERCH-0073,Benin City,2026-09-18 14:24:00.333694,0,none
TXN-009089,CUST-00096,4293117,MERCH-0097,Lagos,2026-09-23 09:33:00.228476,0,none
TXN-005339,CUST-00007,1099398,MERCH-0013,Abuja,2026-08-14 13:18:00.086325,0,none
TXN-008164,CUST-00109,2494083,MERCH-0008,Abuja,2026-08-13 17:18:00.020305,0,none
TXN-005539,CUST-00478,6564874,MERCH-0006,Benin City,2026-10-02 19:53:00.623184,0,none
TXN-000001,CUST-00336,2826125,MERCH-0096,Port Harcourt,2026-09-25 13:47:00.468082,0,none
TXN-009218,CUST-00003,2441821,MERCH-0036,Lagos,2026-09-16 13:25:00.104149,0,none
TXN-000350,CUST-00125,3812957,MERCH-0031,Enugu,2026-07-16 06:11:00.020143,0,none
TXN-004003,CUST-00478,3413559,MERCH-0025,Benin City,2026-09-30 10:16:00.497230,0,none
TXN-006336,CUST-00364,1305687,MERCH-0016,Ibadan,2026-09-03 11:13:00.329561,0,none
TXN-003594,CUST-00354,3124949,MERCH-0001,Kaduna,2026-08-04 16:35:00.177516,0,none
TXN-002587,CUST-00078,5999831,MERCH-0016,Benin City,2026-07-17 10:51:00.237450,0,none
TXN-009555,CUST-00423,3463872,MERCH-0048,Ibadan,2026-09-22 19:30:00.974643,0,none
TXN-003205,CUST-00402,3866810,MERCH-0098,Abuja,2026-08-06 07:50:00.523087,0,none
TXN-009567,CUST-00222,3859511,MERCH-0015,Port Harcourt,2026-07-25 15:59:00.216174,0,none
TXN-008678,CUST-00279,1866105,MERCH-0097,Lagos,2026-07-27 13:30:00.494802,0,none
TXN-003858,CUST-00357,1486266,MERCH-0051,Kaduna,2026-07-21 18:26:00.022411,0,none
TXN-003059,CUST-00355,578261,MERCH-0094,Benin City,2026-09-09 12:56:00.250030,0,none
TXN-002190,CUST-00225,4207649,MERCH-0095,Kano,2026-09-12 15:35:00.079895,0,none
TXN-006073,CUST-00378,4200792,MERCH-0003,Kano,2026-07-17 10:25:00.946800,0,none
TXN-004533,CUST-00234,188683,MERCH-0062,Kano,2026-09-17 14:13:00.799528,0,none
TXN-004569,CUST-00393,2823423,MERCH-0022,Kaduna,2026-08-02 16:36:00.133490,0,none
TXN-007558,CUST-00392,938557,MERCH-0055,Kaduna,2026-09-04 06:20:00.812000,0,none
TXN-005520,CUST-00141,4686411,MERCH-0089,Ibadan,2026-09-15 12:25:00.103458,0,none
TXN-004188,CUST-00133,900639,MERCH-0019,Kaduna,2026-08-22 14:47:00.915247,0,none
TXN-005668,CUST-00035,3414516,MERCH-0039,Kano,2026-08-16 14:53:00.510136,0,none
TXN-008216,CUST-00006,1995644,MERCH-0080,Abuja,2026-09-02 21:09:00.520222,0,none
TXN-004238,CUST-00499,869810,MERCH-0021,Lagos,2026-09-08 15:36:00.681696,0,none
TXN-002037,CUST-00311,1777552,MERCH-0037,Kaduna,2026-07-25 15:17:00.402355,0,none
TXN-001079,CUST-00437,1970798,MERCH-0078,Kano,2026-10-05 06:19:00.750640,0,none
TXN-001609,CUST-00029,4386499,MERCH-0025,Kaduna,2026-10-04 17:38:00.318143,0,none
TXN-008262,CUST-00042,597003,MERCH-0095,Enugu,2026-08-09 15:42:00.155694,0,none
TXN-006721,CUST-00094,1162301,MERCH-0098,Abuja,2026-08-22 13:51:00.657698,0,none
TXN-004437,CUST-00400,922862,MERCH-0009,Enugu,2026-08-04 18:38:00.051946,0,none
TXN-001618,CUST-00030,3121446,MERCH-0062,Lagos,2026-08-07 06:08:00.564891,0,none
TXN-003773,CUST-00083,2173470,MERCH-0020,Abuja,2026-08-26 13:15:00.053301,0,none
TXN-006070,CUST-00153,3818594,MERCH-0032,Kaduna,2026-08-15 16:52:00.282907,0,none
TXN-000783,CUST-00097,4213344,MERCH-0071,Kaduna,2026-07-23 07:42:00.615918,0,none
TXN-004490,CUST-00390,1864443,MERCH-0027,Enugu,2026-07-30 15:14:00.354449,0,none
TXN-003995,CUST-00305,5590726,MERCH-0051,Enugu,2026-07-13 17:21:00.996378,0,none
TXN-000317,CUST-00063,1810068,MERCH-0011,Enugu,2026-08-09 18:08:00.100428,0,none
TXN-001954,CUST-00242,630997,MERCH-0008,Port Harcourt,2026-07-10 13:01:00.183916,0,none
TXN-005365,CUST-00327,1212699,MERCH-0047,Port Harcourt,2026-09-06 10:20:00.349819,0,none
TXN-005734,CUST-00374,2686592,MERCH-0023,Ibadan,2026-09-05 16:33:00.971033,0,none
TXN-001964,CUST-00198,891662,MERCH-0071,Kaduna,2026-07-16 20:26:00.537417,0,none
TXN-001966,CUST-00247,7052686,MERCH-0008,Abuja,2026-09-14 09:18:00.258916,0,none
TXN-BURST-TXN-008491-1,CUST-00439,3275794,MERCH-0006,Ibadan,2026-08-21 15:33:00.511557,1,velocity_burst
TXN-002532,CUST-00135,2722855,MERCH-0059,Abuja,2026-08-14 16:25:00.279421,0,none
TXN-008427,CUST-00380,1647234,MERCH-0082,Enugu,2026-09-17 17:13:00.742719,0,none
TXN-008892,CUST-00165,2523867,MERCH-0084,Port Harcourt,2026-08-07 14:07:00.399726,0,none
TXN-004976,CUST-00200,1086375,MERCH-0060,Kaduna,2026-09-07 19:07:00.455212,0,none
TXN-003046,CUST-00406,679308,MERCH-0036,Benin City,2026-08-18 13:48:00.313392,0,none
TXN-005796,CUST-00017,1443530,MERCH-0063,Ibadan,2026-08-15 18:58:00.399012,0,none
TXN-004658,CUST-00094,1247759,MERCH-0052,Abuja,2026-09-13 13:53:00.496122,0,none
TXN-001433,CUST-00400,1138367,MERCH-0019,Enugu,2026-10-02 14:13:00.285680,0,none
TXN-002877,CUST-00098,700347,MERCH-0071,Kaduna,2026-09-20 17:03:00.971965,0,none
TXN-005377,CUST-00251,1635778,MERCH-0068,Benin City,2026-08-28 18:47:00.664171,0,none
TXN-000104,CUST-00203,1769095,MERCH-0020,Kano,2026-09-10 18:12:00.321165,0,none
TXN-003772,CUST-00180,1276959,MERCH-0069,Kaduna,2026-07-10 11:33:00.458399,0,none
TXN-002338,CUST-00140,3530520,MERCH-0098,Kano,2026-07-23 17:05:00.032136,0,none
TXN-009046,CUST-00416,4351860,MERCH-0075,Benin City,2026-08-13 16:27:00.500243,1,velocity_burst
TXN-BURST-TXN-004349-2,CUST-00236,934891,MERCH-0002,Kano,2026-09-20 10:24:30.176822,1,velocity_burst
TXN-002816,CUST-00051,3801680,MERCH-0066,Enugu,2026-09-23 19:33:00.387123,0,none
TXN-000757,CUST-00076,2177694,MERCH-0003,Kaduna,2026-08-01 10:03:00.356894,0,none
TXN-001693,CUST-00323,1489126,MERCH-0086,Kaduna,2026-07-24 17:44:00.218224,0,none
TXN-003027,CUST-00297,4617811,MERCH-0069,Enugu,2026-08-01 14:32:00.908309,0,none
TXN-005827,CUST-00474,6015559,MERCH-0069,Kano,2026-09-10 09:13:00.210502,0,none
TXN-004682,CUST-00242,625002,MERCH-0031,Port Harcourt,2026-07-17 19:35:00.364571,0,none
TXN-009073,CUST-00248,2913094,MERCH-0096,Kaduna,2026-07-07 08:09:00.335355,0,none
TXN-007564,CUST-00495,1494681,MERCH-0010,Port Harcourt,2026-09-24 17:03:00.027325,0,none
TXN-002305,CUST-00158,3270588,MERCH-0061,Benin City,2026-08-16 15:41:00.313088,0,none
TXN-001834,CUST-00429,4030543,MERCH-0048,Enugu,2026-07-18 19:03:00.034025,0,none
TXN-002949,CUST-00480,1023280,MERCH-0095,Enugu,2026-09-22 10:07:00.564524,0,none
TXN-006934,CUST-00223,4912400,MERCH-0093,Benin City,2026-07-27 15:21:00.678612,1,geo_anomaly
TXN-009237,CUST-00335,2778520,MERCH-0085,Abuja,2026-07-17 17:35:00.447839,0,none
TXN-008656,CUST-00202,4635847,MERCH-0100,Abuja,2026-07-29 17:49:00.744565,0,none
TXN-002834,CUST-00301,799785,MERCH-0094,Benin City,2026-09-23 10:17:00.581634,0,none
TXN-009751,CUST-00498,5263269,MERCH-0051,Kano,2026-08-02 18:49:00.987002,0,none
TXN-000568,CUST-00078,4623976,MERCH-0093,Benin City,2026-07-07 14:26:00.456755,0,none
TXN-003112,CUST-00185,2937850,MERCH-0092,Kaduna,2026-07-10 10:54:00.291325,0,none
TXN-008806,CUST-00448,5560095,MERCH-0034,Kaduna,2026-09-25 11:44:00.266546,0,none
TXN-002070,CUST-00218,1277683,MERCH-0047,Abuja,2026-09-20 13:59:00.478041,0,none
TXN-BURST-TXN-000117-1,CUST-00319,4861637,MERCH-0035,Benin City,2026-09-02 18:02:00.361992,1,velocity_burst
TXN-003895,CUST-00115,2001586,MERCH-0100,Enugu,2026-09-16 07:17:00.843680,0,none
TXN-002920,CUST-00352,1650675,MERCH-0002,Kaduna,2026-09-18 08:54:00.659583,0,none
TXN-007188,CUST-00044,3292643,MERCH-0036,Ibadan,2026-07-31 15:17:00.334291,0,none
TXN-006119,CUST-00152,2234730,MERCH-0080,Enugu,2026-08-07 06:48:00.397071,0,none
TXN-BURST-TXN-005743-1,CUST-00040,527008,MERCH-0019,Kano,2026-10-02 18:07:00.584061,1,velocity_burst
TXN-004830,CUST-00339,410012,MERCH-0034,Abuja,2026-09-10 15:39:00.343921,0,none
TXN-009675,CUST-00406,854581,MERCH-0063,Benin City,2026-08-21 19:03:00.979300,0,none
TXN-008403,CUST-00471,3908824,MERCH-0075,Abuja,2026-08-14 07:46:00.758670,0,none
TXN-006855,CUST-00251,1852826,MERCH-0097,Benin City,2026-07-24 09:58:00.234095,0,none
TXN-009368,CUST-00442,3234451,MERCH-0006,Port Harcourt,2026-09-30 09:51:00.827076,0,none
TXN-001209,CUST-00127,652135,MERCH-0017,Ibadan,2026-08-11 06:03:00.123355,0,none
TXN-000765,CUST-00109,3908421,MERCH-0006,Abuja,2026-07-08 15:23:00.751655,0,none
TXN-004599,CUST-00270,3256829,MERCH-0007,Lagos,2026-09-25 13:09:00.310994,0,none
TXN-000037,CUST-00063,1867709,MERCH-0004,Enugu,2026-08-12 14:56:00.227304,0,none
TXN-004829,CUST-00281,461563,MERCH-0030,Kano,2026-07-26 20:04:00.373666,0,none
TXN-BURST-TXN-006297-1,CUST-00281,1267071,MERCH-0013,Kano,2026-08-15 14:25:00.921469,1,velocity_burst
TXN-005886,CUST-00231,3018468,MERCH-0090,Kaduna,2026-08-17 18:21:00.306654,0,none
TXN-006211,CUST-00016,4368356,MERCH-0081,Port Harcourt,2026-09-11 09:26:00.653512,0,none
TXN-009441,CUST-00213,6107944,MERCH-0064,Kano,2026-07-25 10:57:00.514573,0,none
TXN-005643,CUST-00222,5304108,MERCH-0054,Port Harcourt,2026-09-20 12:55:00.793823,0,none
TXN-009986,CUST-00178,3228841,MERCH-0028,Kaduna,2026-07-08 18:04:00.861432,0,none
TXN-008705,CUST-00259,6092097,MERCH-0069,Enugu,2026-09-13 21:14:00.773711,0,none
TXN-005158,CUST-00470,1587781,MERCH-0024,Benin City,2026-07-23 10:23:00.012614,0,none
TXN-005699,CUST-00141,6312716,MERCH-0072,Ibadan,2026-07-09 11:19:00.629220,0,none
TXN-008254,CUST-00092,2692130,MERCH-0084,Lagos,2026-08-05 10:25:00.103208,0,none
TXN-008733,CUST-00149,5411202,MERCH-0056,Port Harcourt,2026-09-25 16:47:00.969904,0,none
TXN-002751,CUST-00324,1948595,MERCH-0044,Enugu,2026-07-21 15:06:00.646872,0,none
TXN-009215,CUST-00038,1407814,MERCH-0099,Lagos,2026-07-28 16:10:00.813654,0,none
TXN-008654,CUST-00104,3366209,MERCH-0050,Ibadan,2026-08-15 06:54:00.776614,0,none
TXN-005232,CUST-00155,1332590,MERCH-0066,Kano,2026-08-27 16:29:00.568377,0,none
TXN-003707,CUST-00024,923035,MERCH-0007,Abuja,2026-08-06 10:48:00.371768,0,none
TXN-007967,CUST-00489,1607845,MERCH-0097,Port Harcourt,2026-07-16 07:31:00.775871,0,none
TXN-007475,CUST-00291,2451334,MERCH-0043,Kaduna,2026-09-13 10:19:00.794395,0,none
TXN-001454,CUST-00479,1528551,MERCH-0100,Abuja,2026-09-01 08:16:00.591001,0,none
TXN-BURST-TXN-003845-2,CUST-00398,6954742,MERCH-0074,Ibadan,2026-08-17 18:41:30.720369,1,velocity_burst
TXN-004191,CUST-00434,2105791,MERCH-0016,Ibadan,2026-08-28 07:03:00.298955,0,none
TXN-009219,CUST-00333,2462795,MERCH-0012,Kaduna,2026-07-12 10:48:00.358379,0,none
TXN-008819,CUST-00034,1120946,MERCH-0032,Abuja,2026-09-18 17:14:00.520971,0,none
TXN-000638,CUST-00390,1619041,MERCH-0053,Enugu,2026-09-25 14:20:00.715267,0,none
TXN-001072,CUST-00372,652289,MERCH-0008,Kano,2026-08-27 09:50:00.515882,0,none
TXN-004455,CUST-00139,1051390,MERCH-0046,Enugu,2026-09-19 17:40:00.720769,0,none
TXN-005966,CUST-00050,3266834,MERCH-0037,Kano,2026-07-21 18:49:00.336430,0,none
TXN-002250,CUST-00092,1951923,MERCH-0084,Lagos,2026-08-27 10:58:00.647715,0,none
TXN-006913,CUST-00174,4197434,MERCH-0035,Kaduna,2026-10-02 16:01:00.598061,0,none
TXN-001196,CUST-00246,1356108,MERCH-0027,Kano,2026-07-18 12:31:00.475857,0,none
TXN-008899,CUST-00191,3633280,MERCH-0082,Benin City,2026-07-22 16:58:00.340047,0,none
TXN-000150,CUST-00084,2117186,MERCH-0080,Ibadan,2026-09-21 13:02:00.896024,0,none
TXN-007039,CUST-00393,3090573,MERCH-0082,Kaduna,2026-08-23 10:31:00.213964,0,none
TXN-009028,CUST-00252,3365711,MERCH-0045,Lagos,2026-07-10 09:55:00.693331,0,none
TXN-007601,CUST-00418,1163562,MERCH-0084,Kaduna,2026-07-09 13:25:00.395698,0,none
TXN-004227,CUST-00072,1602997,MERCH-0084,Kaduna,2026-08-11 17:09:00.835490,0,none
TXN-008368,CUST-00411,3649874,MERCH-0016,Ibadan,2026-07-11 18:15:00.172653,0,none
TXN-008102,CUST-00298,3105705,MERCH-0083,Abuja,2026-09-30 17:47:00.941066,0,none
TXN-002200,CUST-00295,666343,MERCH-0038,Kano,2026-07-28 16:39:00.812389,0,none
TXN-002516,CUST-00260,2579342,MERCH-0018,Kaduna,2026-08-29 08:32:00.342571,0,none
TXN-008725,CUST-00076,2872310,MERCH-0003,Kaduna,2026-08-30 12:27:00.851137,0,none
TXN-000802,CUST-00209,2255652,MERCH-0041,Kaduna,2026-07-31 10:54:00.292046,0,none
TXN-006379,CUST-00179,1342106,MERCH-0039,Kano,2026-07-08 10:43:00.849710,0,none
TXN-009851,CUST-00360,1507723,MERCH-0069,Abuja,2026-08-05 12:58:00.089321,0,none
TXN-002276,CUST-00108,602266,MERCH-0056,Lagos,2026-08-01 07:36:00.982836,0,none
TXN-000743,CUST-00455,5038241,MERCH-0029,Ibadan,2026-09-10 12:05:00.128889,0,none
TXN-001225,CUST-00141,3887285,MERCH-0087,Ibadan,2026-07-29 19:03:00.492203,0,none
TXN-004826,CUST-00224,1493125,MERCH-0025,Enugu,2026-07-08 10:08:00.523642,0,none
TXN-007769,CUST-00045,4009803,MERCH-0034,Enugu,2026-09-11 11:06:00.534375,0,none
TXN-009228,CUST-00447,1697341,MERCH-0017,Kaduna,2026-09-19 13:32:00.518496,0,none
TXN-002321,CUST-00451,1330438,MERCH-0065,Kano,2026-09-01 11:35:00.163283,0,none
TXN-003521,CUST-00026,1245443,MERCH-0010,Kaduna,2026-09-15 14:05:00.522561,0,none
TXN-001685,CUST-00233,1082785,MERCH-0013,Ibadan,2026-08-14 21:47:00.869975,0,none
TXN-BURST-TXN-009774-1,CUST-00163,2471073,MERCH-0048,Lagos,2026-08-02 15:59:00.357750,1,velocity_burst
TXN-BURST-TXN-002263-0,CUST-00308,7191906,MERCH-0079,Kaduna,2026-09-14 19:49:30.546250,1,velocity_burst
TXN-004093,CUST-00321,2234099,MERCH-0054,Benin City,2026-07-27 10:23:00.513322,0,none
TXN-000800,CUST-00284,3068573,MERCH-0049,Abuja,2026-09-26 17:06:00.226578,0,none
TXN-004819,CUST-00301,771890,MERCH-0011,Benin City,2026-08-22 18:44:00.853458,0,none
TXN-004958,CUST-00412,5109905,MERCH-0012,Kaduna,2026-07-21 17:17:00.213398,0,none
TXN-004418,CUST-00280,480328,MERCH-0031,Enugu,2026-07-28 18:45:00.347611,0,none
TXN-007047,CUST-00347,2902545,MERCH-0093,Kano,2026-09-09 13:14:00.702516,0,none
TXN-007563,CUST-00328,2813548,MERCH-0017,Enugu,2026-09-06 07:53:00.009696,0,none
TXN-003465,CUST-00041,2513653,MERCH-0031,Ibadan,2026-08-27 11:59:00.112705,0,none
TXN-004210,CUST-00317,3070131,MERCH-0045,Ibadan,2026-08-26 18:00:00.320734,0,none
TXN-007747,CUST-00313,4108929,MERCH-0073,Kaduna,2026-08-24 20:22:00.087781,0,none
TXN-001340,CUST-00030,1117396,MERCH-0066,Lagos,2026-09-14 18:15:00.903844,0,none
TXN-001189,CUST-00342,4185575,MERCH-0094,Benin City,2026-08-14 11:26:00.288605,0,none
TXN-006408,CUST-00468,3217437,MERCH-0086,Ibadan,2026-09-06 15:32:00.165969,0,none
TXN-005406,CUST-00355,545803,MERCH-0094,Benin City,2026-08-19 18:26:00.488791,0,none
TXN-000587,CUST-00131,5123920,MERCH-0094,Benin City,2026-07-10 15:44:00.900561,0,none
TXN-009526,CUST-00416,6177686,MERCH-0067,Benin City,2026-08-25 10:23:00.347720,0,none
TXN-004166,CUST-00292,1666472,MERCH-0077,Enugu,2026-07-25 17:51:00.606364,0,none
TXN-005768,CUST-00168,3108787,MERCH-0038,Ibadan,2026-08-06 11:03:00.709139,0,none
TXN-006502,CUST-00215,3127262,MERCH-0056,Kaduna,2026-09-22 17:08:00.497218,0,none
TXN-008996,CUST-00105,1896403,MERCH-0059,Lagos,2026-08-01 20:59:00.308214,0,none
TXN-004048,CUST-00193,1322179,MERCH-0078,Kano,2026-07-10 11:57:00.817217,0,none
TXN-008762,CUST-00260,2232264,MERCH-0018,Kaduna,2026-09-19 09:14:00.859663,0,none
TXN-000024,CUST-00498,4449374,MERCH-0051,Kano,2026-08-20 14:17:00.817801,0,none
TXN-004746,CUST-00169,6534217,MERCH-0085,Abuja,2026-07-23 18:05:00.004059,0,none
TXN-005847,CUST-00264,2196576,MERCH-0071,Kaduna,2026-07-20 14:05:00.315816,0,none
TXN-000790,CUST-00087,5378734,MERCH-0090,Kaduna,2026-09-12 10:11:00.234249,0,none
TXN-002685,CUST-00043,3750575,MERCH-0040,Abuja,2026-10-02 21:57:00.627656,0,none
TXN-003533,CUST-00458,4484770,MERCH-0051,Kano,2026-09-16 20:20:00.547856,0,none
TXN-005649,CUST-00037,4257472,MERCH-0082,Port Harcourt,2026-07-25 18:54:00.451780,0,none
TXN-005551,CUST-00153,2134524,MERCH-0032,Kaduna,2026-07-28 11:50:00.280044,0,none
TXN-008035,CUST-00499,1744622,MERCH-0058,Lagos,2026-07-26 10:32:00.259159,0,none
TXN-BURST-TXN-009823-2,CUST-00266,4464315,MERCH-0006,Kaduna,2026-09-26 17:48:30.476675,1,velocity_burst
TXN-002086,CUST-00434,2124222,MERCH-0022,Ibadan,2026-09-22 09:36:00.831187,0,none
TXN-003095,CUST-00349,3360396,MERCH-0005,Kaduna,2026-08-14 12:19:00.667295,0,none
TXN-008611,CUST-00031,789649,MERCH-0031,Kano,2026-08-21 18:12:00.391225,0,none
TXN-009143,CUST-00326,1238126,MERCH-0089,Lagos,2026-09-03 08:14:00.952804,0,none
TXN-003413,CUST-00329,3903371,MERCH-0016,Ibadan,2026-08-18 14:15:00.771165,0,none
TXN-006995,CUST-00488,2793849,MERCH-0029,Benin City,2026-07-19 16:14:00.916687,0,none
TXN-000606,CUST-00103,2245010,MERCH-0074,Benin City,2026-07-13 14:36:00.362486,0,none
TXN-004318,CUST-00011,2870891,MERCH-0083,Abuja,2026-09-29 17:43:00.255220,0,none
TXN-009891,CUST-00302,1834037,MERCH-0062,Benin City,2026-08-01 14:36:00.738570,0,none
TXN-000994,CUST-00332,646452,MERCH-0084,Kano,2026-07-28 22:01:00.998831,0,none
TXN-009047,CUST-00100,5869262,MERCH-0032,Kano,2026-07-22 14:48:00.245019,0,none
TXN-001352,CUST-00221,1789384,MERCH-0091,Benin City,2026-08-08 12:03:00.520521,0,none
TXN-005759,CUST-00148,308401,MERCH-0033,Lagos,2026-10-01 20:35:00.687952,0,none
TXN-002234,CUST-00484,1421417,MERCH-0038,Lagos,2026-08-08 18:35:00.843890,0,none
TXN-BURST-TXN-001478-2,CUST-00109,7105205,MERCH-0006,Abuja,2026-09-11 13:33:30.214965,1,velocity_burst
TXN-003280,CUST-00436,4366897,MERCH-0061,Abuja,2026-09-27 21:05:00.362520,0,none
TXN-009054,CUST-00149,2844385,MERCH-0056,Port Harcourt,2026-08-18 14:56:00.996985,0,none
TXN-003024,CUST-00193,1390466,MERCH-0050,Kano,2026-08-21 10:13:00.847959,0,none
TXN-002863,CUST-00356,4950203,MERCH-0012,Enugu,2026-09-14 14:30:00.462007,0,none
TXN-BURST-TXN-009161-2,CUST-00140,3713430,MERCH-0036,Kano,2026-10-04 15:52:30.892228,1,velocity_burst
TXN-004768,CUST-00164,1910549,MERCH-0037,Enugu,2026-08-14 11:36:00.946482,0,none
TXN-006642,CUST-00419,774963,MERCH-0084,Ibadan,2026-09-02 12:23:00.037602,0,none
TXN-BURST-TXN-006519-1,CUST-00184,5109977,MERCH-0100,Abuja,2026-07-17 13:40:00.002971,1,velocity_burst
TXN-003354,CUST-00141,5250805,MERCH-0089,Ibadan,2026-07-12 21:55:00.718369,0,none
TXN-006201,CUST-00231,2813970,MERCH-0090,Kaduna,2026-07-27 16:30:00.255286,0,none
TXN-006404,CUST-00207,2590072,MERCH-0064,Port Harcourt,2026-08-07 13:46:00.804704,0,none
TXN-007252,CUST-00496,3217895,MERCH-0071,Lagos,2026-09-14 18:08:00.126721,0,none
TXN-BURST-TXN-003116-2,CUST-00443,2279931,MERCH-0002,Benin City,2026-07-07 17:27:30.350635,1,velocity_burst
TXN-006905,CUST-00470,2568365,MERCH-0024,Benin City,2026-09-03 08:05:00.761517,0,none
TXN-006460,CUST-00411,4070522,MERCH-0031,Ibadan,2026-08-05 18:27:00.813793,0,none
TXN-006966,CUST-00370,839463,MERCH-0049,Kano,2026-09-22 16:35:00.591104,0,none
TXN-008514,CUST-00258,2505493,MERCH-0045,Kano,2026-07-26 10:58:00.681950,0,none
TXN-005266,CUST-00064,1866354,MERCH-0042,Enugu,2026-09-11 14:37:00.263533,0,none
TXN-002610,CUST-00087,5302422,MERCH-0091,Kaduna,2026-09-01 17:41:00.902185,0,none
TXN-004774,CUST-00344,57074480,MERCH-0022,Kano,2026-08-16 12:35:00.109889,1,amount_anomaly
TXN-009979,CUST-00401,3331354,MERCH-0067,Ibadan,2026-08-25 14:40:00.673409,1,geo_anomaly
TXN-008277,CUST-00121,2776139,MERCH-0048,Kaduna,2026-08-01 15:10:00.365146,0,none
TXN-007847,CUST-00262,243227,MERCH-0025,Ibadan,2026-09-07 10:15:00.460252,0,none
TXN-009912,CUST-00460,4615388,MERCH-0100,Kano,2026-07-23 12:10:00.330281,0,none
TXN-000268,CUST-00196,3750673,MERCH-0100,Kaduna,2026-07-12 17:13:00.490604,0,none
TXN-006902,CUST-00058,3171241,MERCH-0092,Ibadan,2026-08-25 21:13:00.933207,0,none
TXN-001806,CUST-00001,596622,MERCH-0014,Abuja,2026-09-24 09:57:00.689529,0,none
TXN-009801,CUST-00206,2015981,MERCH-0083,Kano,2026-08-03 10:29:00.637443,0,none
TXN-004780,CUST-00362,2515424,MERCH-0046,Lagos,2026-08-17 19:30:00.742952,0,none
TXN-005641,CUST-00280,1513747,MERCH-0087,Enugu,2026-07-14 13:33:00.627969,0,none
TXN-005834,CUST-00319,6245054,MERCH-0066,Benin City,2026-07-20 00:03:00.424170,1,off_hours
TXN-000739,CUST-00156,1299332,MERCH-0020,Ibadan,2026-07-12 07:52:00.869392,0,none
TXN-003502,CUST-00212,3392737,MERCH-0098,Enugu,2026-10-05 15:36:00.857108,0,none
TXN-000966,CUST-00340,3587732,MERCH-0065,Lagos,2026-08-24 16:44:00.914116,0,none
TXN-000253,CUST-00059,846719,MERCH-0050,Benin City,2026-08-27 14:11:00.431257,0,none
TXN-005696,CUST-00225,2990338,MERCH-0095,Kano,2026-08-10 12:44:00.617705,0,none
TXN-002496,CUST-00410,1924910,MERCH-0059,Ibadan,2026-07-21 13:09:00.107346,0,none
TXN-000051,CUST-00291,2370515,MERCH-0043,Kaduna,2026-07-09 13:55:00.667787,0,none
TXN-004690,CUST-00188,3842019,MERCH-0024,Abuja,2026-09-22 18:42:00.689265,0,none
TXN-007567,CUST-00115,4031998,MERCH-0046,Enugu,2026-09-04 08:28:00.810344,0,none
TXN-002614,CUST-00269,6223604,MERCH-0070,Kaduna,2026-08-27 16:09:00.033920,0,none
TXN-000873,CUST-00297,3745646,MERCH-0090,Enugu,2026-07-07 16:21:00.213598,0,none
TXN-008562,CUST-00294,5065315,MERCH-0070,Ibadan,2026-09-15 01:35:00.104543,1,off_hours
TXN-003574,CUST-00202,4508704,MERCH-0082,Abuja,2026-07-08 12:50:00.754432,0,none
TXN-007264,CUST-00409,1497510,MERCH-0073,Kano,2026-09-04 13:06:00.440414,0,none
TXN-007473,CUST-00266,4412082,MERCH-0029,Kaduna,2026-10-02 14:52:00.339460,0,none
TXN-009755,CUST-00151,595423,MERCH-0091,Enugu,2026-08-03 14:06:00.295094,0,none
TXN-002021,CUST-00437,2761448,MERCH-0067,Kano,2026-09-26 14:30:00.407987,0,none
TXN-001781,CUST-00388,1877668,MERCH-0049,Port Harcourt,2026-09-24 08:12:00.690893,0,none
TXN-000249,CUST-00281,1373571,MERCH-0013,Kano,2026-09-27 15:13:00.254546,0,none
TXN-003089,CUST-00445,1318344,MERCH-0054,Kano,2026-09-26 21:43:00.524643,0,none
TXN-008219,CUST-00441,6856904,MERCH-0093,Abuja,2026-07-19 11:40:00.175967,0,none
TXN-009700,CUST-00336,2743713,MERCH-0083,Port Harcourt,2026-08-08 19:01:00.014542,0,none
TXN-002565,CUST-00211,1417526,MERCH-0013,Kaduna,2026-07-11 20:39:00.309186,0,none
TXN-009542,CUST-00329,6034896,MERCH-0016,Ibadan,2026-08-20 13:12:00.184550,0,none
TXN-000972,CUST-00086,3611291,MERCH-0011,Abuja,2026-08-27 13:32:00.843040,0,none
TXN-006560,CUST-00263,1981904,MERCH-0002,Ibadan,2026-09-18 15:49:00.605357,0,none
TXN-007131,CUST-00252,2751045,MERCH-0069,Lagos,2026-08-13 17:27:00.914048,0,none
TXN-008805,CUST-00225,2194801,MERCH-0061,Kano,2026-09-02 07:26:00.436059,0,none
TXN-008462,CUST-00060,1067722,MERCH-0070,Ibadan,2026-10-04 12:13:00.951277,0,none
TXN-004776,CUST-00245,5402897,MERCH-0026,Abuja,2026-07-22 21:46:00.135458,0,none
TXN-006241,CUST-00351,3033178,MERCH-0052,Enugu,2026-07-10 11:54:00.928419,1,geo_anomaly
TXN-001792,CUST-00241,536669,MERCH-0058,Ibadan,2026-09-13 08:19:00.457489,0,none
TXN-BURST-TXN-003796-1,CUST-00006,2556966,MERCH-0081,Abuja,2026-09-09 15:18:00.028211,1,velocity_burst
TXN-000448,CUST-00312,2548498,MERCH-0050,Lagos,2026-09-07 13:50:00.746821,0,none
TXN-007400,CUST-00081,4377163,MERCH-0082,Kano,2026-08-24 08:55:00.232560,0,none
TXN-007234,CUST-00308,3715159,MERCH-0015,Kaduna,2026-07-16 13:47:00.873197,0,none
TXN-005080,CUST-00304,1100178,MERCH-0032,Abuja,2026-08-10 12:06:00.638353,0,none
TXN-001361,CUST-00182,1422860,MERCH-0082,Benin City,2026-09-16 10:35:00.116045,0,none
TXN-002056,CUST-00393,2361257,MERCH-0011,Kaduna,2026-09-26 10:29:00.374609,0,none
TXN-007523,CUST-00258,4244881,MERCH-0045,Kano,2026-07-23 20:30:00.971905,0,none
TXN-003990,CUST-00246,1844550,MERCH-0063,Kano,2026-09-20 22:01:00.073042,0,none
TXN-004834,CUST-00099,4626255,MERCH-0083,Lagos,2026-10-01 14:45:00.603652,0,none
TXN-000462,CUST-00237,1901797,MERCH-0065,Port Harcourt,2026-07-18 17:48:00.869370,0,none
TXN-003060,CUST-00311,3498133,MERCH-0024,Kaduna,2026-09-08 19:32:00.048831,0,none
TXN-002120,CUST-00188,2152285,MERCH-0048,Abuja,2026-07-23 19:01:00.030725,0,none
TXN-005973,CUST-00167,3504538,MERCH-0024,Abuja,2026-07-08 13:40:00.282835,0,none
TXN-006002,CUST-00191,2448634,MERCH-0086,Benin City,2026-09-30 18:25:00.315672,0,none
TXN-001176,CUST-00458,5588652,MERCH-0026,Kano,2026-10-01 20:29:00.307981,0,none
TXN-000377,CUST-00081,3015209,MERCH-0038,Kano,2026-07-25 07:57:00.077347,0,none
TXN-000411,CUST-00239,488528,MERCH-0097,Kano,2026-09-17 18:35:00.834717,0,none
TXN-005769,CUST-00485,3169946,MERCH-0061,Abuja,2026-09-03 13:43:00.439061,0,none
TXN-004285,CUST-00381,4110917,MERCH-0086,Kaduna,2026-08-19 22:09:00.939702,0,none
TXN-005324,CUST-00013,3261784,MERCH-0012,Enugu,2026-08-30 14:17:00.957829,0,none
TXN-002555,CUST-00039,2512481,MERCH-0091,Kano,2026-07-27 15:05:00.395281,0,none
TXN-007810,CUST-00123,811521,MERCH-0050,Kano,2026-08-14 12:46:00.404417,0,none
TXN-001502,CUST-00130,260889,MERCH-0061,Kano,2026-08-01 13:00:00.212669,0,none
TXN-009867,CUST-00348,3941560,MERCH-0032,Abuja,2026-07-21 11:41:00.346954,0,none
TXN-002115,CUST-00233,683949,MERCH-0092,Ibadan,2026-08-08 14:41:00.275882,0,none
TXN-008978,CUST-00225,3825623,MERCH-0094,Kano,2026-09-02 08:16:00.797321,0,none
TXN-001733,CUST-00460,4720523,MERCH-0023,Kano,2026-08-29 16:15:00.649234,0,none
TXN-004140,CUST-00330,1983078,MERCH-0050,Enugu,2026-08-23 09:39:00.760134,0,none
TXN-008770,CUST-00296,2855255,MERCH-0092,Kano,2026-09-20 16:56:00.576350,0,none
TXN-000275,CUST-00261,1284648,MERCH-0048,Enugu,2026-07-19 13:14:00.068950,0,none
TXN-002824,CUST-00218,1615618,MERCH-0047,Abuja,2026-09-24 14:37:00.786150,0,none
TXN-009609,CUST-00081,4134532,MERCH-0097,Kano,2026-07-21 15:54:00.394471,0,none
TXN-009871,CUST-00334,1761360,MERCH-0041,Kano,2026-09-12 19:21:00.345234,0,none
TXN-002465,CUST-00139,1287663,MERCH-0046,Enugu,2026-09-09 19:44:00.874119,0,none
TXN-004451,CUST-00003,1823545,MERCH-0036,Lagos,2026-07-28 15:55:00.261594,0,none
TXN-009033,CUST-00372,876011,MERCH-0008,Kano,2026-08-07 12:31:00.770910,0,none
TXN-002677,CUST-00170,3411749,MERCH-0022,Kano,2026-07-27 01:04:00.651335,1,off_hours
TXN-009419,CUST-00107,1884250,MERCH-0070,Abuja,2026-08-30 14:25:00.745515,0,none
TXN-006316,CUST-00341,2780356,MERCH-0020,Benin City,2026-07-09 15:58:00.404418,1,geo_anomaly
TXN-004101,CUST-00082,2014658,MERCH-0015,Lagos,2026-08-08 15:26:00.495277,0,none
TXN-005864,CUST-00386,4717642,MERCH-0088,Kaduna,2026-09-30 19:33:00.205231,0,none
TXN-009727,CUST-00225,4844373,MERCH-0091,Kano,2026-08-16 20:07:00.219617,0,none
TXN-000468,CUST-00341,2388853,MERCH-0027,Kano,2026-08-27 12:11:00.689067,0,none
TXN-007186,CUST-00118,1920229,MERCH-0065,Enugu,2026-07-23 17:09:00.854767,0,none
TXN-004338,CUST-00420,4996254,MERCH-0093,Port Harcourt,2026-07-20 10:20:00.323864,0,none
TXN-001497,CUST-00251,1849894,MERCH-0068,Benin City,2026-07-15 07:36:00.033560,0,none
TXN-002887,CUST-00134,4509004,MERCH-0078,Benin City,2026-09-03 11:23:00.121532,0,none
TXN-001776,CUST-00290,1791884,MERCH-0032,Kano,2026-08-14 14:55:00.690306,0,none
TXN-004413,CUST-00086,1701888,MERCH-0023,Abuja,2026-08-01 16:31:00.131134,0,none
TXN-000514,CUST-00209,4508210,MERCH-0019,Kaduna,2026-08-05 15:12:00.501185,0,none
TXN-007764,CUST-00455,4128133,MERCH-0043,Ibadan,2026-09-13 17:41:00.517043,0,none
TXN-001598,CUST-00257,4639377,MERCH-0072,Kano,2026-08-10 13:39:00.928101,0,none
TXN-002928,CUST-00021,3875918,MERCH-0029,Port Harcourt,2026-07-21 21:02:00.393358,0,none
TXN-008431,CUST-00426,1619315,MERCH-0100,Benin City,2026-08-21 23:46:00.533362,1,off_hours
TXN-000922,CUST-00395,2312709,MERCH-0034,Enugu,2026-08-19 11:28:00.897791,0,none
TXN-004056,CUST-00318,2785219,MERCH-0073,Ibadan,2026-08-24 19:23:00.316913,0,none
TXN-008168,CUST-00288,3319215,MERCH-0093,Lagos,2026-08-06 15:59:00.199906,0,none
TXN-002261,CUST-00354,3332301,MERCH-0030,Kaduna,2026-07-15 14:53:00.929019,0,none
TXN-002134,CUST-00458,3702646,MERCH-0051,Kano,2026-08-08 13:20:00.585756,0,none
TXN-000475,CUST-00237,1563682,MERCH-0070,Port Harcourt,2026-09-02 08:17:00.053611,0,none
TXN-008143,CUST-00361,4788844,MERCH-0039,Ibadan,2026-09-27 14:20:00.886901,0,none
TXN-008257,CUST-00026,1479385,MERCH-0010,Kaduna,2026-07-30 16:36:00.692552,0,none
TXN-004899,CUST-00185,4288378,MERCH-0059,Kaduna,2026-08-12 19:17:00.662291,0,none
TXN-006619,CUST-00396,97544376,MERCH-0090,Kaduna,2026-07-20 07:58:00.377899,1,amount_anomaly
TXN-004485,CUST-00088,2849128,MERCH-0015,Abuja,2026-09-06 14:25:00.026292,0,none
TXN-005459,CUST-00474,6932412,MERCH-0069,Kano,2026-07-31 09:49:00.828365,0,none
TXN-006120,CUST-00105,1542982,MERCH-0002,Lagos,2026-07-10 10:38:00.921485,0,none
TXN-007212,CUST-00493,5344236,MERCH-0062,Ibadan,2026-08-09 10:00:00.030287,0,none
TXN-000481,CUST-00297,4486293,MERCH-0047,Enugu,2026-08-07 18:18:00.205985,0,none
TXN-003275,CUST-00221,2670215,MERCH-0044,Benin City,2026-09-22 09:13:00.525597,0,none
TXN-BURST-TXN-003097-2,CUST-00346,3895358,MERCH-0059,Abuja,2026-09-02 11:59:30.871860,1,velocity_burst
TXN-003949,CUST-00240,1983664,MERCH-0086,Enugu,2026-08-19 15:58:00.785861,0,none
TXN-003444,CUST-00302,3154324,MERCH-0061,Benin City,2026-09-22 15:53:00.259097,0,none
TXN-004373,CUST-00490,3471954,MERCH-0031,Abuja,2026-09-08 12:16:00.126933,0,none
TXN-009939,CUST-00246,2112820,MERCH-0015,Kano,2026-07-13 13:00:00.866792,0,none
TXN-008133,CUST-00207,1788435,MERCH-0081,Port Harcourt,2026-09-03 12:35:00.853980,0,none
TXN-009593,CUST-00069,1720486,MERCH-0026,Lagos,2026-09-19 21:15:00.624303,0,none
TXN-003827,CUST-00009,2326113,MERCH-0060,Abuja,2026-09-13 13:13:00.536684,0,none
TXN-006933,CUST-00151,710762,MERCH-0091,Enugu,2026-07-08 14:54:00.926435,0,none
TXN-006712,CUST-00069,3382402,MERCH-0092,Lagos,2026-09-14 15:54:00.344454,0,none
TXN-008826,CUST-00468,5272732,MERCH-0089,Ibadan,2026-09-06 21:35:00.922028,0,none
TXN-006330,CUST-00460,4703732,MERCH-0062,Kano,2026-07-23 07:23:00.978341,0,none
TXN-009265,CUST-00453,1055062,MERCH-0016,Kaduna,2026-09-02 17:34:00.092649,0,none
TXN-008829,CUST-00096,5331115,MERCH-0097,Lagos,2026-08-08 17:48:00.011392,0,none
TXN-003777,CUST-00223,4526101,MERCH-0068,Lagos,2026-08-10 12:55:00.694788,0,none
TXN-008491,CUST-00439,3275794,MERCH-0006,Ibadan,2026-08-21 15:32:00.511557,1,velocity_burst
TXN-006858,CUST-00059,1611276,MERCH-0091,Benin City,2026-07-24 11:02:00.777778,0,none
TXN-004163,CUST-00200,582019,MERCH-0048,Kaduna,2026-09-25 20:52:00.206852,0,none
TXN-000715,CUST-00317,3165977,MERCH-0016,Ibadan,2026-09-09 14:21:00.832256,0,none
TXN-003146,CUST-00461,903508,MERCH-0054,Kano,2026-09-16 21:29:00.417071,0,none
TXN-009858,CUST-00322,3698531,MERCH-0059,Enugu,2026-08-02 07:01:00.428565,0,none
TXN-002484,CUST-00441,1994501,MERCH-0030,Abuja,2026-07-09 09:38:00.427857,0,none
TXN-008535,CUST-00274,3544120,MERCH-0035,Ibadan,2026-09-14 10:42:00.915605,0,none
TXN-005831,CUST-00163,2272720,MERCH-0079,Lagos,2026-09-14 18:59:00.953798,0,none
TXN-006449,CUST-00354,1529600,MERCH-0030,Kaduna,2026-09-30 18:12:00.951593,0,none
TXN-009713,CUST-00345,1619566,MERCH-0043,Benin City,2026-07-28 13:07:00.558179,0,none
TXN-007227,CUST-00160,950847,MERCH-0083,Lagos,2026-09-19 17:50:00.278577,0,none
TXN-001021,CUST-00189,1021583,MERCH-0038,Port Harcourt,2026-08-25 12:15:00.279618,0,none
TXN-000706,CUST-00432,3127405,MERCH-0067,Port Harcourt,2026-09-21 08:56:00.730484,0,none
TXN-008882,CUST-00109,4364449,MERCH-0006,Abuja,2026-07-09 11:36:00.840970,0,none
TXN-006325,CUST-00212,4027539,MERCH-0098,Enugu,2026-07-19 14:44:00.417466,0,none
TXN-007952,CUST-00276,3804916,MERCH-0008,Enugu,2026-07-08 21:27:00.973680,0,none
TXN-009358,CUST-00487,1066385,MERCH-0069,Kano,2026-07-19 09:04:00.685251,0,none
TXN-004794,CUST-00312,2300738,MERCH-0025,Lagos,2026-09-07 21:21:00.304408,0,none
TXN-009417,CUST-00143,1430945,MERCH-0028,Enugu,2026-09-23 10:34:00.917294,0,none
TXN-000909,CUST-00331,4923838,MERCH-0097,Abuja,2026-09-09 16:32:00.048915,0,none
TXN-BURST-TXN-006270-2,CUST-00068,3361351,MERCH-0096,Port Harcourt,2026-09-05 07:30:30.171260,1,velocity_burst
TXN-002983,CUST-00483,3834741,MERCH-0083,Enugu,2026-09-01 16:42:00.895639,0,none
TXN-008846,CUST-00011,1754288,MERCH-0084,Abuja,2026-08-07 19:31:00.668398,0,none
TXN-008255,CUST-00162,1440234,MERCH-0065,Kano,2026-08-23 16:51:00.433180,0,none
TXN-001671,CUST-00115,104809,MERCH-0030,Enugu,2026-07-25 09:54:00.817922,0,none
TXN-002515,CUST-00315,4610173,MERCH-0035,Kaduna,2026-07-30 06:59:00.664274,0,none
TXN-BURST-TXN-003213-2,CUST-00399,1327964,MERCH-0028,Kano,2026-09-08 10:15:30.000565,1,velocity_burst
TXN-000595,CUST-00466,1624556,MERCH-0033,Lagos,2026-10-02 11:05:00.628713,0,none
TXN-004701,CUST-00007,1019958,MERCH-0049,Abuja,2026-08-10 18:21:00.907048,0,none
TXN-000441,CUST-00256,5127030,MERCH-0042,Kano,2026-07-11 10:00:00.125144,0,none
TXN-004668,CUST-00084,1125141,MERCH-0029,Ibadan,2026-08-02 13:04:00.751809,0,none
TXN-005980,CUST-00027,1140312,MERCH-0022,Abuja,2026-08-03 10:07:00.304419,0,none
TXN-009369,CUST-00354,1877001,MERCH-0030,Kaduna,2026-08-05 12:47:00.536600,0,none
TXN-009384,CUST-00402,5352819,MERCH-0076,Abuja,2026-07-12 17:57:00.876075,0,none
TXN-BURST-TXN-001931-2,CUST-00381,1992391,MERCH-0029,Kaduna,2026-09-04 19:17:30.829703,1,velocity_burst
TXN-000011,CUST-00006,5702177,MERCH-0080,Abuja,2026-09-06 17:18:00.088205,0,none
TXN-005851,CUST-00115,3086678,MERCH-0064,Enugu,2026-08-08 15:00:00.641537,0,none
TXN-BURST-TXN-001128-0,CUST-00024,1199274,MERCH-0087,Abuja,2026-08-02 13:42:30.554009,1,velocity_burst
TXN-001796,CUST-00008,5301531,MERCH-0027,Port Harcourt,2026-08-21 12:18:00.242662,0,none
TXN-003953,CUST-00377,391224,MERCH-0026,Ibadan,2026-08-27 12:44:00.429336,0,none
TXN-000094,CUST-00335,3298800,MERCH-0085,Abuja,2026-08-25 19:59:00.994213,0,none
TXN-001916,CUST-00012,2252819,MERCH-0072,Kaduna,2026-07-27 19:16:00.890525,0,none
TXN-009330,CUST-00063,1510708,MERCH-0076,Enugu,2026-08-03 13:13:00.571132,0,none
TXN-009703,CUST-00323,3825742,MERCH-0094,Kaduna,2026-07-19 18:59:00.879131,0,none
TXN-006928,CUST-00008,3986411,MERCH-0035,Port Harcourt,2026-09-27 10:51:00.556733,0,none
TXN-005262,CUST-00320,1489974,MERCH-0084,Abuja,2026-08-16 11:08:00.229515,0,none
TXN-005187,CUST-00444,1808850,MERCH-0094,Kano,2026-09-10 09:39:00.022814,0,none
TXN-005278,CUST-00452,2450408,MERCH-0057,Ibadan,2026-08-03 12:58:00.103611,0,none
TXN-000293,CUST-00440,2193924,MERCH-0002,Kaduna,2026-09-28 18:47:00.543573,0,none
TXN-000789,CUST-00271,521875,MERCH-0048,Kano,2026-07-17 10:34:00.981053,0,none
TXN-003539,CUST-00133,461098,MERCH-0017,Kaduna,2026-08-25 06:28:00.176189,0,none
TXN-005550,CUST-00190,3686774,MERCH-0089,Abuja,2026-07-31 11:25:00.784672,0,none
TXN-007718,CUST-00021,2228952,MERCH-0029,Port Harcourt,2026-08-10 18:21:00.787469,0,none
TXN-005750,CUST-00363,4943184,MERCH-0072,Enugu,2026-09-07 18:14:00.229222,0,none
TXN-001607,CUST-00255,1443945,MERCH-0097,Lagos,2026-07-10 21:19:00.580950,0,none
TXN-005412,CUST-00201,4349096,MERCH-0041,Port Harcourt,2026-07-28 09:05:00.345955,0,none
TXN-003874,CUST-00307,1053926,MERCH-0034,Abuja,2026-08-17 15:00:00.601474,0,none
TXN-005096,CUST-00141,2577979,MERCH-0078,Ibadan,2026-08-01 13:07:00.768395,0,none
TXN-001319,CUST-00052,1387958,MERCH-0012,Abuja,2026-08-12 19:50:00.167500,0,none
TXN-008731,CUST-00397,3620180,MERCH-0054,Benin City,2026-09-18 15:08:00.895323,0,none
TXN-002424,CUST-00048,3808348,MERCH-0093,Ibadan,2026-07-27 14:21:00.528091,0,none
TXN-004897,CUST-00216,4790439,MERCH-0073,Benin City,2026-07-14 10:57:00.192138,0,none
TXN-002517,CUST-00093,1109653,MERCH-0042,Port Harcourt,2026-07-21 18:41:00.855779,0,none
TXN-007670,CUST-00437,2815749,MERCH-0085,Kano,2026-07-27 06:28:00.098263,0,none
TXN-009374,CUST-00061,5593812,MERCH-0046,Enugu,2026-07-12 15:38:00.376931,0,none
TXN-004908,CUST-00216,5385965,MERCH-0073,Benin City,2026-07-10 11:08:00.417892,0,none
TXN-003882,CUST-00088,3983993,MERCH-0015,Abuja,2026-08-02 22:22:00.334087,0,none
TXN-008657,CUST-00008,4382943,MERCH-0035,Port Harcourt,2026-09-07 12:38:00.494368,0,none
TXN-006674,CUST-00077,4198168,MERCH-0045,Ibadan,2026-08-22 20:18:00.672490,0,none
TXN-BURST-TXN-008072-1,CUST-00450,2217550,MERCH-0007,Benin City,2026-09-19 11:42:00.620218,1,velocity_burst
TXN-BURST-TXN-008172-1,CUST-00172,1738001,MERCH-0057,Ibadan,2026-07-21 09:22:00.982123,1,velocity_burst
TXN-002520,CUST-00084,1000138,MERCH-0077,Ibadan,2026-09-26 14:38:00.608230,0,none
TXN-003414,CUST-00330,862685,MERCH-0050,Enugu,2026-08-28 11:34:00.477419,0,none
TXN-006102,CUST-00483,3502767,MERCH-0097,Enugu,2026-09-24 13:53:00.435763,0,none
TXN-004231,CUST-00272,2949895,MERCH-0003,Kaduna,2026-09-17 10:44:00.393193,0,none
TXN-003446,CUST-00498,6883253,MERCH-0065,Kano,2026-07-12 16:27:00.932818,0,none
TXN-003035,CUST-00100,4454681,MERCH-0071,Kano,2026-08-22 10:36:00.647479,0,none
TXN-007377,CUST-00338,1230230,MERCH-0061,Benin City,2026-09-01 18:13:00.603261,0,none
TXN-006389,CUST-00457,2272040,MERCH-0064,Lagos,2026-08-31 09:28:00.982843,0,none
TXN-006367,CUST-00135,2538900,MERCH-0052,Abuja,2026-09-07 13:20:00.319778,0,none
TXN-003985,CUST-00369,1667549,MERCH-0071,Lagos,2026-08-19 17:56:00.538057,0,none
TXN-003001,CUST-00039,3160319,MERCH-0015,Kano,2026-09-05 12:52:00.343409,0,none
TXN-002535,CUST-00341,3238368,MERCH-0020,Kano,2026-08-26 11:35:00.504842,0,none
TXN-007667,CUST-00468,6332069,MERCH-0050,Ibadan,2026-07-27 15:30:00.160344,0,none
TXN-006202,CUST-00088,4125454,MERCH-0029,Abuja,2026-09-26 02:12:00.139942,1,off_hours
TXN-000838,CUST-00481,4147355,MERCH-0007,Lagos,2026-08-29 18:43:00.468947,0,none
TXN-006088,CUST-00046,907644,MERCH-0094,Port Harcourt,2026-09-20 13:12:00.801265,0,none
TXN-002817,CUST-00410,1937723,MERCH-0059,Ibadan,2026-08-22 15:56:00.395583,0,none
TXN-000228,CUST-00396,3189339,MERCH-0090,Kaduna,2026-08-24 17:07:00.938581,0,none
TXN-002596,CUST-00455,5336706,MERCH-0059,Ibadan,2026-09-18 17:48:00.661986,0,none
TXN-004246,CUST-00336,2043144,MERCH-0051,Port Harcourt,2026-07-24 18:45:00.147314,0,none
TXN-008813,CUST-00216,3692616,MERCH-0072,Benin City,2026-07-29 14:03:00.637940,0,none
TXN-006848,CUST-00036,1253635,MERCH-0020,Abuja,2026-09-26 14:43:00.474121,0,none
TXN-004120,CUST-00276,5434709,MERCH-0011,Enugu,2026-08-19 16:08:00.553969,0,none
TXN-003693,CUST-00355,657844,MERCH-0040,Benin City,2026-08-06 14:33:00.982489,0,none
TXN-005004,CUST-00085,2576121,MERCH-0080,Kaduna,2026-10-04 13:49:00.131759,0,none
TXN-004713,CUST-00142,472984,MERCH-0024,Port Harcourt,2026-07-22 09:51:00.372558,0,none
TXN-003008,CUST-00139,1286523,MERCH-0046,Enugu,2026-08-10 22:31:00.074074,0,none
TXN-005420,CUST-00465,1793861,MERCH-0002,Kaduna,2026-07-27 10:46:00.289994,0,none
TXN-000158,CUST-00232,1491700,MERCH-0082,Port Harcourt,2026-08-17 07:56:00.371895,0,none
TXN-001865,CUST-00371,3662263,MERCH-0050,Benin City,2026-08-17 14:02:00.118081,0,none
TXN-006251,CUST-00050,3464385,MERCH-0039,Kano,2026-08-18 14:22:00.252889,0,none
TXN-003922,CUST-00382,1220198,MERCH-0099,Port Harcourt,2026-09-25 18:00:00.071833,0,none
TXN-002674,CUST-00433,3691398,MERCH-0097,Benin City,2026-09-29 10:29:00.051979,0,none
TXN-001442,CUST-00303,4481856,MERCH-0006,Abuja,2026-10-04 12:36:00.350452,0,none
TXN-006071,CUST-00339,940056,MERCH-0006,Abuja,2026-08-23 17:43:00.553813,0,none
TXN-006880,CUST-00208,5481126,MERCH-0089,Port Harcourt,2026-09-29 21:34:00.860893,0,none
TXN-000701,CUST-00296,2907500,MERCH-0077,Kano,2026-07-21 14:07:00.764349,0,none
TXN-008628,CUST-00108,873901,MERCH-0056,Lagos,2026-10-02 17:17:00.470980,0,none
TXN-003028,CUST-00023,3256366,MERCH-0025,Ibadan,2026-08-08 10:27:00.809798,0,none
TXN-008252,CUST-00015,1919723,MERCH-0001,Lagos,2026-07-11 13:54:00.941008,0,none
TXN-006888,CUST-00401,4113445,MERCH-0002,Enugu,2026-07-13 11:58:00.355764,0,none
TXN-007819,CUST-00345,1402781,MERCH-0043,Benin City,2026-08-08 15:48:00.599917,0,none
TXN-006283,CUST-00059,824431,MERCH-0020,Benin City,2026-09-05 08:33:00.308405,0,none
TXN-005621,CUST-00058,745720,MERCH-0035,Ibadan,2026-08-13 13:56:00.672732,0,none
TXN-004190,CUST-00017,2077812,MERCH-0077,Ibadan,2026-07-21 12:39:00.987108,0,none
TXN-006149,CUST-00211,1552549,MERCH-0013,Kaduna,2026-07-20 13:21:00.100788,0,none
TXN-005639,CUST-00146,3007545,MERCH-0097,Lagos,2026-07-08 14:10:00.467134,1,geo_anomaly
TXN-005640,CUST-00252,2520336,MERCH-0069,Lagos,2026-07-26 10:17:00.553862,0,none
TXN-005732,CUST-00304,451380,MERCH-0071,Abuja,2026-08-11 12:08:00.411708,0,none
TXN-007918,CUST-00041,2864671,MERCH-0053,Ibadan,2026-07-08 06:22:00.803643,0,none
TXN-002589,CUST-00316,998767,MERCH-0095,Benin City,2026-07-08 21:31:00.992490,0,none
TXN-006865,CUST-00385,3159306,MERCH-0053,Abuja,2026-09-25 10:14:00.204885,0,none
TXN-009777,CUST-00353,3186772,MERCH-0060,Benin City,2026-08-28 12:03:00.124767,0,none
TXN-004804,CUST-00489,1883892,MERCH-0010,Port Harcourt,2026-09-28 12:59:00.298215,0,none
TXN-008274,CUST-00442,2090895,MERCH-0023,Port Harcourt,2026-08-02 11:03:00.656725,0,none
TXN-BURST-TXN-008465-0,CUST-00311,1305500,MERCH-0037,Kaduna,2026-07-09 12:41:30.714195,1,velocity_burst
TXN-006082,CUST-00189,1175128,MERCH-0042,Port Harcourt,2026-09-19 02:48:00.382874,1,off_hours
TXN-009296,CUST-00242,659517,MERCH-0021,Port Harcourt,2026-07-15 11:23:00.227561,0,none
TXN-001403,CUST-00335,3102680,MERCH-0089,Abuja,2026-08-30 13:46:00.538001,0,none
TXN-003318,CUST-00295,1250551,MERCH-0038,Kano,2026-09-29 15:01:00.968207,0,none
TXN-003725,CUST-00204,1615452,MERCH-0045,Port Harcourt,2026-07-22 20:15:00.184547,0,none
TXN-003542,CUST-00282,3587353,MERCH-0051,Abuja,2026-07-23 15:45:00.885101,0,none
TXN-004542,CUST-00432,2130926,MERCH-0038,Port Harcourt,2026-08-10 06:49:00.336878,0,none
TXN-004529,CUST-00165,1897108,MERCH-0051,Port Harcourt,2026-08-20 08:37:00.432062,0,none
TXN-006106,CUST-00387,2369505,MERCH-0003,Ibadan,2026-07-16 13:55:00.887760,0,none
TXN-005169,CUST-00498,4600832,MERCH-0051,Kano,2026-07-31 18:09:00.575437,0,none
TXN-009082,CUST-00293,4172065,MERCH-0038,Ibadan,2026-07-25 12:19:00.309577,0,none
TXN-002274,CUST-00225,3547474,MERCH-0008,Kano,2026-07-17 09:28:00.830911,0,none
TXN-008043,CUST-00021,2493017,MERCH-0009,Port Harcourt,2026-07-22 21:34:00.079430,0,none
TXN-000604,CUST-00015,913506,MERCH-0044,Lagos,2026-08-07 20:41:00.550886,0,none
TXN-006356,CUST-00156,1035604,MERCH-0098,Ibadan,2026-09-15 13:35:00.182973,0,none
TXN-003398,CUST-00087,6793858,MERCH-0037,Kaduna,2026-07-31 15:22:00.252291,0,none
TXN-008328,CUST-00252,1510260,MERCH-0059,Lagos,2026-10-03 20:40:00.438273,0,none
TXN-000394,CUST-00297,6307077,MERCH-0047,Enugu,2026-08-11 19:09:00.246223,0,none
TXN-009430,CUST-00036,1485910,MERCH-0071,Abuja,2026-08-21 14:49:00.711087,0,none
TXN-002345,CUST-00468,2160271,MERCH-0050,Ibadan,2026-09-07 10:01:00.042171,0,none
TXN-003474,CUST-00231,2104062,MERCH-0069,Kaduna,2026-08-01 13:46:00.797761,0,none
TXN-008347,CUST-00475,4363326,MERCH-0097,Abuja,2026-09-28 14:20:00.017200,0,none
TXN-000096,CUST-00022,1604844,MERCH-0043,Ibadan,2026-07-23 14:36:00.363851,0,none
TXN-BURST-TXN-003886-1,CUST-00147,1936173,MERCH-0068,Enugu,2026-08-10 09:21:00.044553,1,velocity_burst
TXN-005557,CUST-00459,2111030,MERCH-0099,Benin City,2026-09-15 13:15:00.899044,0,none
TXN-007317,CUST-00133,1316429,MERCH-0036,Kaduna,2026-09-11 17:05:00.816245,0,none
TXN-009666,CUST-00353,2859518,MERCH-0095,Benin City,2026-08-18 22:33:00.667399,0,none
TXN-009523,CUST-00497,892682,MERCH-0099,Kaduna,2026-09-21 19:05:00.492416,0,none
TXN-006686,CUST-00021,4892117,MERCH-0003,Port Harcourt,2026-09-01 20:43:00.878074,0,none
TXN-008055,CUST-00079,4357685,MERCH-0095,Abuja,2026-10-03 11:12:00.525841,0,none
TXN-005248,CUST-00373,4815251,MERCH-0085,Kaduna,2026-09-26 17:39:00.291806,0,none
TXN-003996,CUST-00489,1887991,MERCH-0010,Port Harcourt,2026-08-10 14:57:00.768666,0,none
TXN-006973,CUST-00278,1808356,MERCH-0088,Ibadan,2026-08-29 16:13:00.280767,0,none
TXN-004703,CUST-00224,1649796,MERCH-0015,Enugu,2026-09-15 18:15:00.727869,0,none
TXN-008894,CUST-00126,1903089,MERCH-0059,Benin City,2026-07-30 07:33:00.266573,0,none
TXN-006238,CUST-00307,1628000,MERCH-0026,Abuja,2026-07-23 10:47:00.268253,0,none
TXN-003384,CUST-00198,1565681,MERCH-0009,Kaduna,2026-08-25 15:35:00.662348,0,none
TXN-003704,CUST-00182,1302126,MERCH-0071,Benin City,2026-09-18 12:14:00.318746,0,none
TXN-003434,CUST-00198,809778,MERCH-0071,Kaduna,2026-10-02 08:35:00.963626,0,none
TXN-006368,CUST-00243,1097311,MERCH-0018,Port Harcourt,2026-07-13 20:09:00.684681,0,none
TXN-001661,CUST-00260,1672354,MERCH-0072,Kaduna,2026-10-01 10:20:00.569201,0,none
TXN-006747,CUST-00040,895575,MERCH-0006,Benin City,2026-08-23 16:54:00.698713,1,geo_anomaly
TXN-005181,CUST-00393,1631374,MERCH-0022,Kaduna,2026-07-12 18:59:00.758106,0,none
TXN-009068,CUST-00060,1023076,MERCH-0060,Ibadan,2026-07-23 10:51:00.324262,0,none
TXN-003785,CUST-00088,2598209,MERCH-0083,Abuja,2026-09-03 16:26:00.476267,0,none
TXN-005023,CUST-00302,2027411,MERCH-0045,Benin City,2026-07-08 11:04:00.832373,0,none
TXN-001356,CUST-00215,3251841,MERCH-0034,Kaduna,2026-08-10 13:42:00.670124,0,none
TXN-003140,CUST-00311,2146972,MERCH-0018,Kaduna,2026-09-29 10:40:00.906067,0,none
TXN-005364,CUST-00114,3105488,MERCH-0038,Enugu,2026-10-02 11:04:00.190411,0,none
TXN-008270,CUST-00409,1688267,MERCH-0018,Kano,2026-08-28 10:56:00.561730,0,none
TXN-BURST-TXN-009938-1,CUST-00235,3499228,MERCH-0095,Benin City,2026-09-13 17:09:00.007205,1,velocity_burst
TXN-003282,CUST-00305,87519820,MERCH-0079,Enugu,2026-09-09 21:09:00.191583,1,amount_anomaly
TXN-005139,CUST-00039,2854133,MERCH-0002,Kano,2026-08-20 14:54:00.578608,0,none
TXN-004419,CUST-00473,7411992,MERCH-0091,Port Harcourt,2026-09-26 19:02:00.559421,0,none
TXN-005129,CUST-00164,3680086,MERCH-0037,Enugu,2026-09-03 11:31:00.137033,0,none
TXN-007654,CUST-00498,3833296,MERCH-0047,Kano,2026-08-22 13:33:00.227996,0,none
TXN-004465,CUST-00325,3247402,MERCH-0013,Kano,2026-09-16 11:48:00.075624,0,none
TXN-003934,CUST-00198,968970,MERCH-0038,Kaduna,2026-09-11 11:52:00.069697,0,none
TXN-009248,CUST-00478,8117888,MERCH-0084,Benin City,2026-08-10 10:34:00.161265,0,none
TXN-000020,CUST-00146,109411510,MERCH-0015,Kaduna,2026-09-21 15:12:00.137867,1,amount_anomaly
TXN-005295,CUST-00253,3684393,MERCH-0079,Kano,2026-09-30 12:44:00.606892,0,none
TXN-008082,CUST-00019,6958032,MERCH-0085,Abuja,2026-08-04 15:12:00.732511,0,none
TXN-005937,CUST-00406,664453,MERCH-0013,Benin City,2026-09-18 10:30:00.292057,0,none
TXN-009994,CUST-00042,479187,MERCH-0035,Enugu,2026-09-17 17:27:00.466497,0,none
TXN-003134,CUST-00230,3888711,MERCH-0011,Enugu,2026-09-23 19:18:00.018472,0,none
TXN-004924,CUST-00080,1312750,MERCH-0047,Port Harcourt,2026-09-02 17:30:00.891121,0,none
TXN-004717,CUST-00076,3052629,MERCH-0029,Kaduna,2026-09-24 19:00:00.372739,0,none
TXN-007646,CUST-00140,3566004,MERCH-0015,Kano,2026-08-30 08:03:00.670107,0,none
TXN-009485,CUST-00354,2589006,MERCH-0053,Kaduna,2026-09-29 13:07:00.012944,0,none
TXN-005385,CUST-00121,4228674,MERCH-0082,Kaduna,2026-08-18 08:39:00.104974,0,none
TXN-006832,CUST-00368,6646978,MERCH-0046,Enugu,2026-07-20 17:30:00.744134,0,none
TXN-005663,CUST-00426,4897147,MERCH-0024,Benin City,2026-07-18 21:13:00.497196,0,none
TXN-001262,CUST-00355,766537,MERCH-0014,Benin City,2026-09-14 18:34:00.072827,0,none
TXN-009327,CUST-00397,5616855,MERCH-0067,Benin City,2026-09-26 14:54:00.046933,0,none
TXN-000810,CUST-00083,2726701,MERCH-0039,Abuja,2026-08-10 17:36:00.403658,0,none
TXN-005400,CUST-00148,277700,MERCH-0018,Lagos,2026-08-23 12:31:00.477187,0,none
TXN-005351,CUST-00497,2101012,MERCH-0076,Kaduna,2026-09-02 12:22:00.489197,0,none
TXN-009036,CUST-00347,5220458,MERCH-0087,Kano,2026-08-10 12:02:00.734502,0,none
TXN-007045,CUST-00439,2221245,MERCH-0091,Ibadan,2026-08-05 15:22:00.278884,0,none
TXN-006559,CUST-00376,1704683,MERCH-0030,Kaduna,2026-08-26 15:25:00.020297,0,none
TXN-005387,CUST-00480,1522087,MERCH-0056,Enugu,2026-08-27 19:43:00.287894,0,none
TXN-005959,CUST-00469,1049605,MERCH-0057,Benin City,2026-08-22 09:38:00.178245,0,none
TXN-008774,CUST-00234,784988,MERCH-0026,Kano,2026-08-18 13:07:00.618339,0,none
TXN-006806,CUST-00262,985062,MERCH-0086,Ibadan,2026-08-29 09:20:00.538104,0,none
TXN-001143,CUST-00281,899144,MERCH-0013,Kano,2026-09-01 15:58:00.163855,0,none
TXN-007073,CUST-00277,2680687,MERCH-0068,Kaduna,2026-09-25 19:49:00.617289,0,none
TXN-007106,CUST-00449,2818628,MERCH-0090,Ibadan,2026-07-29 11:11:00.305914,0,none
TXN-BURST-TXN-005786-2,CUST-00013,4043120,MERCH-0012,Enugu,2026-08-24 10:02:30.267955,1,velocity_burst
TXN-004218,CUST-00356,6486916,MERCH-0067,Enugu,2026-08-02 11:32:00.045089,0,none
TXN-009750,CUST-00258,2420390,MERCH-0045,Kano,2026-08-28 15:13:00.591051,0,none
TXN-006787,CUST-00312,6221826,MERCH-0072,Lagos,2026-09-08 14:47:00.096916,0,none
TXN-004813,CUST-00220,3774416,MERCH-0078,Benin City,2026-07-16 16:53:00.400229,0,none
TXN-004873,CUST-00395,1842884,MERCH-0057,Enugu,2026-07-23 15:38:00.856418,0,none
TXN-007816,CUST-00039,2633627,MERCH-0089,Kano,2026-08-27 12:12:00.783581,0,none
TXN-003071,CUST-00101,1051582,MERCH-0044,Enugu,2026-08-04 20:33:00.533621,0,none
TXN-003536,CUST-00026,1658585,MERCH-0060,Kaduna,2026-09-19 14:07:00.004107,0,none
TXN-006118,CUST-00199,4638319,MERCH-0031,Kano,2026-08-17 19:13:00.680221,0,none
TXN-009424,CUST-00371,3951636,MERCH-0073,Benin City,2026-09-13 20:07:00.296203,0,none
TXN-007537,CUST-00124,1721190,MERCH-0013,Kaduna,2026-08-27 10:09:00.219321,0,none
TXN-008964,CUST-00005,375671,MERCH-0078,Abuja,2026-07-31 17:16:00.864790,0,none
TXN-006193,CUST-00166,1264786,MERCH-0043,Kano,2026-08-23 20:38:00.777463,0,none
TXN-007294,CUST-00342,3255686,MERCH-0056,Benin City,2026-09-25 16:28:00.129648,0,none
TXN-000621,CUST-00422,1427302,MERCH-0012,Kaduna,2026-08-26 10:26:00.125739,0,none
TXN-003133,CUST-00367,989427,MERCH-0056,Benin City,2026-08-13 13:27:00.752263,0,none
TXN-006087,CUST-00449,3552656,MERCH-0090,Ibadan,2026-07-25 22:48:00.463823,0,none
TXN-008911,CUST-00451,1274020,MERCH-0036,Kano,2026-08-31 18:04:00.809414,0,none
TXN-002616,CUST-00160,1220983,MERCH-0083,Lagos,2026-09-28 16:04:00.260796,0,none
TXN-004211,CUST-00278,4830454,MERCH-0070,Ibadan,2026-10-03 09:54:00.593324,0,none
TXN-007149,CUST-00020,3070675,MERCH-0070,Kano,2026-08-03 14:27:00.883138,0,none
TXN-001047,CUST-00309,464801,MERCH-0018,Kaduna,2026-08-29 22:31:00.956792,0,none
TXN-003306,CUST-00298,3807036,MERCH-0097,Abuja,2026-07-14 10:18:00.922636,0,none
TXN-003678,CUST-00433,3366715,MERCH-0003,Benin City,2026-08-30 17:56:00.277215,0,none
TXN-001747,CUST-00011,40857336,MERCH-0051,Abuja,2026-09-28 15:49:00.099370,1,amount_anomaly
TXN-001569,CUST-00202,6505151,MERCH-0082,Abuja,2026-09-19 15:30:00.139677,0,none
TXN-000463,CUST-00469,1070740,MERCH-0029,Benin City,2026-10-02 10:35:00.909066,0,none
TXN-000744,CUST-00019,2738608,MERCH-0061,Abuja,2026-08-18 18:46:00.594766,0,none
TXN-000223,CUST-00443,3038979,MERCH-0098,Benin City,2026-09-09 18:55:00.739423,0,none
TXN-007637,CUST-00170,3381773,MERCH-0099,Kano,2026-07-12 14:10:00.791112,0,none
TXN-000626,CUST-00366,1351309,MERCH-0012,Port Harcourt,2026-08-27 17:27:00.610399,0,none
TXN-009997,CUST-00497,2844593,MERCH-0038,Kaduna,2026-10-04 08:35:00.708366,0,none
TXN-006486,CUST-00322,4202328,MERCH-0036,Enugu,2026-08-17 16:35:00.820646,0,none
TXN-006974,CUST-00425,6325453,MERCH-0026,Enugu,2026-08-28 18:23:00.620925,0,none
TXN-008091,CUST-00438,1546408,MERCH-0078,Kano,2026-08-08 06:08:00.352570,0,none
TXN-005020,CUST-00375,2410267,MERCH-0046,Kano,2026-09-20 15:43:00.230624,0,none
TXN-004408,CUST-00277,5505607,MERCH-0068,Kaduna,2026-08-16 10:57:00.476763,0,none
TXN-008175,CUST-00468,3938532,MERCH-0086,Ibadan,2026-09-28 22:15:00.022868,0,none
TXN-004310,CUST-00443,3693010,MERCH-0098,Benin City,2026-10-01 09:11:00.733141,0,none
TXN-001316,CUST-00257,4806274,MERCH-0008,Kano,2026-09-30 12:48:00.973142,0,none
TXN-005582,CUST-00275,2521016,MERCH-0088,Enugu,2026-08-11 13:50:00.873006,0,none
TXN-002031,CUST-00427,3740212,MERCH-0058,Abuja,2026-09-29 13:35:00.276762,0,none
TXN-006113,CUST-00368,6601124,MERCH-0058,Enugu,2026-10-01 09:06:00.419435,0,none
TXN-004795,CUST-00420,3793316,MERCH-0025,Port Harcourt,2026-08-06 20:21:00.984804,0,none
TXN-000354,CUST-00412,5367099,MERCH-0045,Kaduna,2026-07-29 13:21:00.735103,0,none
TXN-004818,CUST-00162,1080876,MERCH-0023,Kano,2026-08-15 16:41:00.870174,0,none
TXN-000457,CUST-00497,2424356,MERCH-0038,Kaduna,2026-07-20 10:53:00.060608,0,none
TXN-008497,CUST-00327,1412892,MERCH-0048,Port Harcourt,2026-09-08 14:41:00.372297,0,none
TXN-009245,CUST-00203,2013304,MERCH-0020,Kano,2026-07-30 10:02:00.360072,0,none
TXN-000240,CUST-00159,3938641,MERCH-0060,Port Harcourt,2026-08-23 17:14:00.172735,0,none
TXN-006051,CUST-00085,3342448,MERCH-0095,Kaduna,2026-09-14 13:12:00.302599,0,none
TXN-002448,CUST-00238,2248754,MERCH-0021,Kaduna,2026-08-24 17:40:00.869789,0,none
TXN-002216,CUST-00434,1195042,MERCH-0047,Ibadan,2026-07-25 09:06:00.518698,0,none
TXN-007923,CUST-00477,4091459,MERCH-0093,Lagos,2026-07-18 11:13:00.811911,0,none
TXN-001663,CUST-00037,1761101,MERCH-0088,Port Harcourt,2026-09-14 10:20:00.445386,0,none
TXN-003674,CUST-00478,4135933,MERCH-0006,Benin City,2026-10-03 11:23:00.990241,0,none
TXN-006910,CUST-00131,7081013,MERCH-0029,Benin City,2026-07-24 17:28:00.537795,0,none
TXN-009328,CUST-00067,792796,MERCH-0028,Lagos,2026-08-07 18:03:00.875709,0,none
TXN-008193,CUST-00309,2379920,MERCH-0016,Kaduna,2026-08-10 16:51:00.045481,0,none
TXN-001019,CUST-00224,2603697,MERCH-0054,Enugu,2026-08-26 18:22:00.120544,0,none
TXN-006014,CUST-00183,5624119,MERCH-0085,Enugu,2026-08-01 17:26:00.631376,0,none
TXN-006672,CUST-00027,1037956,MERCH-0097,Abuja,2026-07-13 17:35:00.864314,0,none
TXN-001594,CUST-00027,695796,MERCH-0022,Abuja,2026-08-19 18:21:00.038776,0,none
TXN-008533,CUST-00236,1037671,MERCH-0005,Kano,2026-09-25 19:14:00.312870,0,none
TXN-006381,CUST-00274,1382699,MERCH-0051,Ibadan,2026-08-23 16:50:00.457430,0,none
TXN-009476,CUST-00170,4018395,MERCH-0089,Kano,2026-09-12 08:32:00.493886,0,none
TXN-008797,CUST-00286,2771201,MERCH-0012,Kaduna,2026-10-01 18:06:00.942174,0,none
TXN-001104,CUST-00439,1382523,MERCH-0006,Ibadan,2026-09-06 11:43:00.913308,0,none
TXN-008515,CUST-00366,1282746,MERCH-0012,Port Harcourt,2026-09-23 13:31:00.968147,0,none
TXN-009890,CUST-00359,3606706,MERCH-0100,Benin City,2026-10-01 11:39:00.057902,0,none
TXN-003080,CUST-00101,2797934,MERCH-0036,Enugu,2026-08-02 15:52:00.887074,0,none
TXN-005767,CUST-00180,513169,MERCH-0069,Kaduna,2026-09-15 12:24:00.795669,0,none
TXN-008618,CUST-00185,4319430,MERCH-0092,Kaduna,2026-08-28 11:49:00.849313,0,none
TXN-004823,CUST-00018,2291843,MERCH-0073,Abuja,2026-08-31 13:00:00.334179,0,none
TXN-008338,CUST-00152,2485103,MERCH-0042,Enugu,2026-09-24 17:02:00.647470,0,none
TXN-007781,CUST-00389,4526839,MERCH-0022,Abuja,2026-07-29 17:55:00.985969,0,none
TXN-003022,CUST-00217,1110675,MERCH-0071,Port Harcourt,2026-09-09 22:32:00.421273,0,none
TXN-007752,CUST-00353,2420663,MERCH-0032,Benin City,2026-08-02 09:58:00.589641,0,none
TXN-009572,CUST-00399,1178705,MERCH-0017,Kano,2026-09-12 09:47:00.718058,0,none
TXN-003335,CUST-00140,5495858,MERCH-0036,Kano,2026-07-27 08:50:00.000758,0,none
TXN-007673,CUST-00391,2756641,MERCH-0007,Port Harcourt,2026-09-22 10:10:00.649705,0,none
TXN-003854,CUST-00076,3083290,MERCH-0012,Kaduna,2026-09-06 16:15:00.383538,0,none
TXN-009683,CUST-00442,2045902,MERCH-0023,Port Harcourt,2026-08-13 09:39:00.520591,0,none
TXN-001384,CUST-00439,3587186,MERCH-0021,Ibadan,2026-09-18 11:22:00.004088,0,none
TXN-009758,CUST-00097,3488105,MERCH-0057,Kaduna,2026-09-06 13:33:00.506147,0,none
TXN-007202,CUST-00348,1212651,MERCH-0032,Abuja,2026-09-26 15:32:00.829838,0,none
TXN-000218,CUST-00048,4475512,MERCH-0065,Ibadan,2026-08-27 17:01:00.444289,0,none
TXN-001878,CUST-00109,5405108,MERCH-0042,Abuja,2026-07-08 17:24:00.360261,0,none
TXN-002803,CUST-00181,3439900,MERCH-0086,Kano,2026-07-28 12:31:00.309475,0,none
TXN-008360,CUST-00109,3921377,MERCH-0042,Abuja,2026-09-30 11:43:00.089870,0,none
TXN-008723,CUST-00113,692972,MERCH-0026,Kano,2026-09-30 13:54:00.753609,0,none
TXN-008861,CUST-00437,1088304,MERCH-0085,Kano,2026-07-17 14:07:00.054797,0,none
TXN-001035,CUST-00036,1701956,MERCH-0071,Abuja,2026-09-14 18:18:00.961945,0,none
TXN-000217,CUST-00155,1291121,MERCH-0066,Kano,2026-08-02 13:58:00.810062,0,none
TXN-003425,CUST-00406,1106565,MERCH-0013,Benin City,2026-07-27 15:01:00.554516,0,none
TXN-002699,CUST-00335,2366083,MERCH-0085,Abuja,2026-07-10 13:50:00.572374,0,none
TXN-004185,CUST-00246,943078,MERCH-0075,Kano,2026-10-02 18:26:00.403150,0,none
TXN-007664,CUST-00292,2209723,MERCH-0018,Enugu,2026-07-17 09:31:00.564842,0,none
TXN-000907,CUST-00210,2592383,MERCH-0014,Benin City,2026-07-11 15:01:00.907138,0,none
TXN-004771,CUST-00480,1167961,MERCH-0083,Enugu,2026-07-18 20:21:00.194292,0,none
TXN-006734,CUST-00246,1935590,MERCH-0075,Kano,2026-09-24 11:27:00.796790,0,none
TXN-006126,CUST-00393,1699885,MERCH-0011,Kaduna,2026-08-27 13:56:00.840399,0,none
TXN-008199,CUST-00038,1530562,MERCH-0043,Lagos,2026-07-09 19:48:00.989892,0,none
TXN-003300,CUST-00182,1132878,MERCH-0071,Benin City,2026-09-01 21:07:00.515875,0,none
TXN-006244,CUST-00128,104018895,MERCH-0077,Ibadan,2026-07-11 10:15:00.698133,1,amount_anomaly
TXN-008268,CUST-00079,5210446,MERCH-0095,Abuja,2026-08-28 14:27:00.616017,0,none
TXN-006818,CUST-00272,4134116,MERCH-0093,Kaduna,2026-09-03 14:10:00.847052,0,none
TXN-002755,CUST-00337,5523674,MERCH-0002,Kaduna,2026-07-29 18:29:00.770693,0,none
TXN-003650,CUST-00015,726753,MERCH-0059,Lagos,2026-09-24 14:23:00.373142,0,none
TXN-003974,CUST-00061,3662262,MERCH-0050,Enugu,2026-09-28 10:10:00.626169,0,none
TXN-008260,CUST-00131,6791657,MERCH-0065,Benin City,2026-09-04 17:47:00.717805,0,none
TXN-004902,CUST-00359,5796979,MERCH-0026,Benin City,2026-08-17 14:25:00.286170,0,none
TXN-007320,CUST-00130,3443819,MERCH-0054,Kano,2026-07-14 18:23:00.520630,0,none
TXN-003149,CUST-00442,2526264,MERCH-0023,Port Harcourt,2026-07-16 18:05:00.061249,0,none
TXN-009941,CUST-00011,2591429,MERCH-0064,Abuja,2026-09-19 13:15:00.984710,0,none
TXN-000853,CUST-00018,1941040,MERCH-0011,Lagos,2026-07-23 09:50:00.689604,1,geo_anomaly
TXN-003593,CUST-00451,911035,MERCH-0065,Kano,2026-10-02 11:45:00.237809,0,none
TXN-004114,CUST-00109,3921303,MERCH-0006,Abuja,2026-08-25 16:26:00.139028,0,none
TXN-009546,CUST-00072,1931145,MERCH-0069,Kaduna,2026-08-17 16:06:00.393887,0,none
TXN-004059,CUST-00364,707644,MERCH-0002,Ibadan,2026-08-17 17:47:00.223187,0,none
TXN-006419,CUST-00174,5270680,MERCH-0011,Kaduna,2026-07-22 15:48:00.973588,0,none
TXN-005329,CUST-00057,2016678,MERCH-0061,Benin City,2026-09-20 21:44:00.463673,0,none
TXN-005578,CUST-00232,1789015,MERCH-0029,Port Harcourt,2026-07-15 07:15:00.077398,0,none
TXN-005494,CUST-00214,1015747,MERCH-0077,Kaduna,2026-09-11 13:27:00.353833,0,none
TXN-005289,CUST-00411,1634914,MERCH-0048,Ibadan,2026-09-22 09:01:00.980867,0,none
TXN-001711,CUST-00228,2003154,MERCH-0029,Port Harcourt,2026-07-14 08:45:00.544451,0,none
TXN-003419,CUST-00360,2218751,MERCH-0053,Abuja,2026-09-22 19:28:00.164624,0,none
TXN-003740,CUST-00255,4110011,MERCH-0028,Lagos,2026-09-12 11:03:00.633713,1,velocity_burst
TXN-000748,CUST-00397,3777393,MERCH-0067,Benin City,2026-07-27 16:32:00.788407,0,none
TXN-009434,CUST-00340,5060032,MERCH-0052,Lagos,2026-07-23 13:48:00.469557,0,none
TXN-001570,CUST-00311,2418855,MERCH-0080,Kaduna,2026-08-15 12:36:00.028861,0,none
TXN-000348,CUST-00297,5181853,MERCH-0047,Enugu,2026-09-17 11:02:00.541847,0,none
TXN-003913,CUST-00075,3087251,MERCH-0002,Benin City,2026-09-19 14:44:00.733581,0,none
TXN-009738,CUST-00282,1112106,MERCH-0082,Abuja,2026-07-14 17:56:00.086366,0,none
TXN-008986,CUST-00217,912113,MERCH-0088,Kaduna,2026-07-16 19:51:00.065013,1,geo_anomaly
TXN-007501,CUST-00496,3183279,MERCH-0034,Lagos,2026-08-23 10:23:00.974550,0,none
TXN-006940,CUST-00084,847116,MERCH-0100,Ibadan,2026-08-30 14:58:00.755365,1,velocity_burst
TXN-004526,CUST-00117,975881,MERCH-0038,Lagos,2026-09-19 14:40:00.060980,0,none
TXN-003899,CUST-00040,662234,MERCH-0047,Kano,2026-08-29 22:56:00.988978,0,none
TXN-005134,CUST-00350,3358134,MERCH-0035,Enugu,2026-10-01 08:08:00.374052,0,none
TXN-005126,CUST-00150,4065049,MERCH-0051,Ibadan,2026-08-25 11:54:00.401187,0,none
TXN-009030,CUST-00399,1527679,MERCH-0025,Kano,2026-07-18 18:59:00.747048,0,none
TXN-003527,CUST-00052,1880157,MERCH-0087,Abuja,2026-09-17 11:38:00.838396,0,none
TXN-002326,CUST-00393,2655920,MERCH-0022,Kaduna,2026-07-23 15:44:00.319746,0,none
TXN-009874,CUST-00167,4679223,MERCH-0024,Abuja,2026-08-22 10:47:00.136401,0,none
TXN-002304,CUST-00281,977682,MERCH-0056,Kano,2026-10-02 15:41:00.510008,0,none
TXN-005350,CUST-00022,1990936,MERCH-0043,Ibadan,2026-08-25 06:21:00.747027,0,none
TXN-002883,CUST-00268,4059490,MERCH-0084,Ibadan,2026-09-29 14:32:00.123790,0,none
TXN-004697,CUST-00083,4065765,MERCH-0081,Abuja,2026-08-03 12:32:00.563389,0,none
TXN-003724,CUST-00438,2731097,MERCH-0016,Kano,2026-09-20 07:17:00.092127,0,none
TXN-000764,CUST-00442,3635555,MERCH-0038,Port Harcourt,2026-07-25 10:44:00.335018,0,none
TXN-008707,CUST-00132,4766322,MERCH-0088,Port Harcourt,2026-09-06 00:53:00.771851,1,off_hours
TXN-008440,CUST-00391,1902785,MERCH-0051,Port Harcourt,2026-09-24 17:43:00.157142,0,none
TXN-008069,CUST-00071,1656969,MERCH-0002,Enugu,2026-08-13 21:37:00.383186,0,none
TXN-009169,CUST-00321,1851924,MERCH-0074,Benin City,2026-08-13 19:11:00.715975,0,none
TXN-006558,CUST-00452,2035218,MERCH-0059,Ibadan,2026-08-29 17:23:00.407509,0,none
TXN-001487,CUST-00052,3183555,MERCH-0031,Abuja,2026-07-20 17:13:00.711557,0,none
TXN-001223,CUST-00061,4125688,MERCH-0046,Enugu,2026-08-14 18:59:00.357997,0,none
TXN-009832,CUST-00061,2546335,MERCH-0050,Enugu,2026-07-19 17:05:00.082809,0,none
TXN-002772,CUST-00171,668386,MERCH-0097,Kaduna,2026-08-11 10:11:00.260540,0,none
TXN-009346,CUST-00335,3299885,MERCH-0093,Abuja,2026-08-30 13:41:00.731557,0,none
TXN-BURST-TXN-001445-0,CUST-00459,899588,MERCH-0059,Benin City,2026-09-21 09:04:30.448697,1,velocity_burst
TXN-004783,CUST-00445,1238119,MERCH-0050,Kano,2026-07-25 21:10:00.762488,0,none
TXN-004824,CUST-00444,1501662,MERCH-0094,Kano,2026-09-28 17:44:00.591090,0,none
TXN-006840,CUST-00308,4906020,MERCH-0046,Kaduna,2026-08-21 17:27:00.383269,0,none
TXN-006862,CUST-00491,4430639,MERCH-0043,Abuja,2026-07-25 11:16:00.598981,0,none
TXN-004519,CUST-00172,5483030,MERCH-0074,Ibadan,2026-08-13 16:16:00.795758,0,none
TXN-006588,CUST-00493,2155179,MERCH-0094,Ibadan,2026-08-07 18:51:00.341877,0,none
TXN-000709,CUST-00145,897665,MERCH-0035,Abuja,2026-09-28 09:11:00.710680,0,none
TXN-001576,CUST-00390,1265100,MERCH-0025,Enugu,2026-10-01 18:51:00.662838,0,none
TXN-000510,CUST-00057,4824872,MERCH-0061,Benin City,2026-09-08 12:31:00.173033,0,none
TXN-004983,CUST-00483,2377309,MERCH-0083,Enugu,2026-09-02 15:53:00.362097,0,none
TXN-008123,CUST-00390,2666699,MERCH-0027,Enugu,2026-07-18 13:40:00.038626,0,none
TXN-006984,CUST-00226,3386608,MERCH-0049,Kano,2026-08-19 12:39:00.578948,0,none
TXN-005273,CUST-00133,698054,MERCH-0082,Kaduna,2026-08-13 14:54:00.174298,0,none
TXN-007436,CUST-00348,853355,MERCH-0032,Abuja,2026-09-27 16:23:00.375967,0,none
TXN-007446,CUST-00314,915870,MERCH-0100,Port Harcourt,2026-07-21 08:19:00.491179,0,none
TXN-002593,CUST-00123,746198,MERCH-0018,Kano,2026-09-16 19:24:00.333615,0,none
TXN-007972,CUST-00132,2160187,MERCH-0052,Port Harcourt,2026-08-25 13:35:00.641685,0,none
TXN-007370,CUST-00004,3582088,MERCH-0044,Kano,2026-08-30 12:39:00.469249,0,none
TXN-001260,CUST-00389,4667818,MERCH-0022,Abuja,2026-07-23 17:52:00.885580,0,none
TXN-005029,CUST-00044,2013111,MERCH-0009,Ibadan,2026-07-14 07:04:00.898976,0,none
TXN-009031,CUST-00115,3034186,MERCH-0007,Enugu,2026-08-21 20:33:00.056324,0,none
TXN-004825,CUST-00410,1992415,MERCH-0007,Ibadan,2026-09-15 18:55:00.988227,0,none
TXN-002168,CUST-00420,4162594,MERCH-0044,Port Harcourt,2026-07-19 14:15:00.948997,0,none
TXN-000712,CUST-00108,331242,MERCH-0096,Lagos,2026-09-26 03:22:00.721440,1,off_hours
TXN-006999,CUST-00117,2588778,MERCH-0017,Lagos,2026-08-23 11:41:00.528767,0,none
TXN-009458,CUST-00475,4064754,MERCH-0080,Abuja,2026-10-03 08:57:00.028673,0,none
TXN-001887,CUST-00023,3055445,MERCH-0074,Ibadan,2026-08-04 15:41:00.543438,0,none
TXN-002026,CUST-00158,3916331,MERCH-0057,Benin City,2026-09-12 16:25:00.524365,0,none
TXN-009730,CUST-00417,630214,MERCH-0083,Abuja,2026-09-13 19:14:00.701597,0,none
TXN-001373,CUST-00064,1415676,MERCH-0049,Enugu,2026-07-19 15:26:00.949709,0,none
TXN-001794,CUST-00049,5601238,MERCH-0038,Port Harcourt,2026-07-12 17:29:00.488557,0,none
TXN-002849,CUST-00017,2652539,MERCH-0068,Ibadan,2026-09-17 00:40:00.893057,1,off_hours
TXN-000713,CUST-00347,4680275,MERCH-0093,Kano,2026-08-20 07:51:00.681814,0,none
TXN-008366,CUST-00257,4330596,MERCH-0072,Kano,2026-09-19 19:38:00.702871,0,none
TXN-001246,CUST-00167,2872323,MERCH-0040,Abuja,2026-07-18 13:37:00.327309,1,velocity_burst
TXN-007500,CUST-00131,3555608,MERCH-0094,Benin City,2026-07-09 14:13:00.156957,0,none
TXN-002626,CUST-00025,1004771,MERCH-0025,Abuja,2026-09-28 11:54:00.177669,0,none
TXN-008449,CUST-00007,876699,MERCH-0030,Abuja,2026-07-10 19:43:00.836355,0,none
TXN-008518,CUST-00178,5546037,MERCH-0003,Kaduna,2026-09-14 18:57:00.210309,0,none
TXN-008335,CUST-00405,6091844,MERCH-0096,Lagos,2026-08-17 18:08:00.403579,0,none
TXN-000716,CUST-00402,5493050,MERCH-0098,Abuja,2026-07-10 19:02:00.458986,0,none
TXN-001965,CUST-00491,124351829,MERCH-0041,Abuja,2026-08-24 18:45:00.176376,1,amount_anomaly
TXN-007513,CUST-00217,191363,MERCH-0071,Port Harcourt,2026-07-27 22:31:00.593644,0,none
TXN-001483,CUST-00222,4816606,MERCH-0015,Port Harcourt,2026-08-25 07:14:00.594121,0,none
TXN-003044,CUST-00359,5142114,MERCH-0026,Benin City,2026-08-30 14:55:00.807243,0,none
TXN-003680,CUST-00332,1075800,MERCH-0022,Kano,2026-10-02 10:44:00.294212,0,none
TXN-001795,CUST-00305,5052232,MERCH-0056,Enugu,2026-08-27 12:40:00.589928,0,none
TXN-006836,CUST-00209,2327806,MERCH-0044,Kaduna,2026-10-03 10:35:00.839041,0,none
TXN-009123,CUST-00019,5378239,MERCH-0085,Abuja,2026-09-14 07:26:00.210823,0,none
TXN-007175,CUST-00460,2529715,MERCH-0056,Kano,2026-08-12 12:05:00.671670,0,none
TXN-003520,CUST-00418,1109304,MERCH-0020,Kaduna,2026-07-08 12:45:00.928695,0,none
TXN-008132,CUST-00478,6155651,MERCH-0025,Benin City,2026-09-12 15:18:00.383933,0,none
TXN-001742,CUST-00468,4849286,MERCH-0037,Ibadan,2026-09-02 15:31:00.035302,0,none
TXN-001659,CUST-00433,4862505,MERCH-0003,Benin City,2026-07-17 07:38:00.715851,0,none
TXN-000213,CUST-00200,761795,MERCH-0009,Kaduna,2026-09-14 20:19:00.430699,0,none
TXN-005816,CUST-00349,3747673,MERCH-0071,Kaduna,2026-07-15 18:34:00.995238,0,none
TXN-002392,CUST-00290,5157276,MERCH-0033,Kano,2026-09-18 09:01:00.744173,0,none
TXN-007883,CUST-00422,1503815,MERCH-0043,Kaduna,2026-08-20 12:45:00.801698,0,none
TXN-001011,CUST-00238,2554034,MERCH-0033,Kaduna,2026-08-15 16:30:00.307318,0,none
TXN-000324,CUST-00136,1532787,MERCH-0033,Enugu,2026-08-13 15:04:00.531816,0,none
TXN-008263,CUST-00267,685873,MERCH-0075,Kano,2026-07-21 09:48:00.037160,0,none
TXN-001098,CUST-00473,5687470,MERCH-0091,Port Harcourt,2026-08-23 21:54:00.717801,0,none
TXN-009144,CUST-00332,1308848,MERCH-0084,Kano,2026-09-28 10:45:00.219012,0,none
TXN-001563,CUST-00465,6571975,MERCH-0004,Kaduna,2026-08-29 17:17:00.326297,0,none
TXN-008122,CUST-00130,3926082,MERCH-0015,Kano,2026-07-30 08:44:00.376833,0,none
TXN-000335,CUST-00002,2654011,MERCH-0030,Abuja,2026-09-09 07:36:00.460280,0,none
TXN-002914,CUST-00263,5494440,MERCH-0016,Ibadan,2026-07-10 20:33:00.839178,0,none
TXN-007399,CUST-00168,3525301,MERCH-0010,Ibadan,2026-09-19 10:34:00.875138,0,none
TXN-008738,CUST-00425,6407429,MERCH-0026,Enugu,2026-09-27 11:48:00.427752,0,none
TXN-005720,CUST-00375,2241353,MERCH-0090,Kano,2026-07-22 18:27:00.132183,0,none
TXN-009920,CUST-00335,1825544,MERCH-0089,Abuja,2026-09-14 14:51:00.235889,0,none
TXN-001614,CUST-00189,1138662,MERCH-0070,Port Harcourt,2026-09-02 12:21:00.652669,0,none
TXN-000793,CUST-00366,1443284,MERCH-0017,Port Harcourt,2026-09-13 08:26:00.458332,0,none
TXN-000234,CUST-00242,456233,MERCH-0031,Port Harcourt,2026-09-19 09:24:00.968633,0,none
TXN-003845,CUST-00398,6954742,MERCH-0074,Ibadan,2026-08-17 18:40:00.720369,1,velocity_burst
TXN-009324,CUST-00016,5303469,MERCH-0081,Port Harcourt,2026-07-18 17:30:00.025787,0,none
TXN-BURST-TXN-000693-0,CUST-00463,3975598,MERCH-0038,Port Harcourt,2026-07-15 17:01:30.816442,1,velocity_burst
TXN-008315,CUST-00271,602639,MERCH-0086,Kano,2026-09-18 12:58:00.951983,0,none
TXN-007697,CUST-00096,6025062,MERCH-0047,Lagos,2026-08-25 15:29:00.997361,0,none
TXN-008481,CUST-00179,4055953,MERCH-0016,Kano,2026-07-11 16:29:00.998752,0,none
TXN-BURST-TXN-009342-2,CUST-00167,4855424,MERCH-0047,Abuja,2026-09-28 13:07:30.920551,1,velocity_burst
TXN-006751,CUST-00442,1739711,MERCH-0006,Port Harcourt,2026-09-01 12:22:00.329608,0,none
TXN-006965,CUST-00334,1650784,MERCH-0041,Kano,2026-08-25 13:31:00.504647,0,none
TXN-005099,CUST-00227,3435150,MERCH-0099,Kano,2026-10-04 12:47:00.978586,0,none
TXN-005304,CUST-00060,952827,MERCH-0027,Ibadan,2026-08-23 13:44:00.218431,0,none
TXN-003013,CUST-00048,88882775,MERCH-0065,Ibadan,2026-07-22 15:59:00.321349,1,amount_anomaly
TXN-008066,CUST-00136,916623,MERCH-0020,Enugu,2026-10-01 17:19:00.996359,0,none
TXN-005014,CUST-00475,2628774,MERCH-0080,Abuja,2026-08-02 07:11:00.374809,0,none
TXN-000775,CUST-00194,1903766,MERCH-0068,Kaduna,2026-09-16 10:48:00.008061,0,none
TXN-001495,CUST-00452,5148554,MERCH-0059,Ibadan,2026-09-09 18:22:00.481741,0,none
TXN-008329,CUST-00019,169340971,MERCH-0017,Abuja,2026-07-22 14:28:00.565093,1,amount_anomaly
TXN-000872,CUST-00240,3532221,MERCH-0062,Enugu,2026-07-26 13:54:00.015676,0,none
TXN-002454,CUST-00439,2760557,MERCH-0053,Ibadan,2026-09-13 11:39:00.993052,0,none
TXN-001264,CUST-00262,943535,MERCH-0093,Lagos,2026-07-31 10:00:00.049791,1,geo_anomaly
TXN-001619,CUST-00225,4114365,MERCH-0061,Kano,2026-08-03 16:41:00.850345,0,none
TXN-005222,CUST-00090,5684788,MERCH-0057,Abuja,2026-07-24 17:51:00.150071,0,none
TXN-004305,CUST-00015,964272,MERCH-0093,Lagos,2026-07-30 12:08:00.025354,0,none
TXN-009150,CUST-00311,1438821,MERCH-0024,Kaduna,2026-09-13 19:15:00.292413,0,none
TXN-001759,CUST-00426,1377925,MERCH-0041,Benin City,2026-09-28 21:37:00.132221,0,none
TXN-006750,CUST-00452,4001306,MERCH-0057,Ibadan,2026-07-17 14:39:00.141998,0,none
TXN-004129,CUST-00425,4937358,MERCH-0020,Enugu,2026-09-15 17:00:00.313665,0,none
TXN-001221,CUST-00365,1580957,MERCH-0075,Ibadan,2026-08-17 12:57:00.108810,0,none
TXN-006056,CUST-00248,3269430,MERCH-0001,Kaduna,2026-09-15 06:26:00.480182,0,none
TXN-001766,CUST-00126,4356134,MERCH-0012,Benin City,2026-08-12 06:31:00.227957,0,none
TXN-008115,CUST-00093,2881194,MERCH-0042,Port Harcourt,2026-07-07 20:11:00.913170,0,none
TXN-000409,CUST-00172,4934792,MERCH-0060,Ibadan,2026-09-20 12:56:00.451761,0,none
TXN-009258,CUST-00320,1665416,MERCH-0019,Abuja,2026-09-07 17:53:00.726920,0,none
TXN-009919,CUST-00229,2808854,MERCH-0036,Ibadan,2026-08-02 03:41:00.709301,1,off_hours
TXN-001514,CUST-00233,429860,MERCH-0099,Ibadan,2026-10-01 17:18:00.702586,0,none
TXN-005883,CUST-00009,1995608,MERCH-0060,Abuja,2026-07-10 12:50:00.166562,0,none
TXN-003615,CUST-00407,682978,MERCH-0078,Ibadan,2026-07-29 15:29:00.503554,0,none
TXN-002459,CUST-00380,1462279,MERCH-0056,Enugu,2026-08-03 18:01:00.988370,0,none
TXN-005437,CUST-00104,2644759,MERCH-0085,Ibadan,2026-08-11 08:06:00.745416,0,none
TXN-005689,CUST-00377,761372,MERCH-0026,Ibadan,2026-07-12 19:33:00.764340,0,none
TXN-004735,CUST-00441,4732353,MERCH-0010,Abuja,2026-09-03 09:03:00.649069,0,none
TXN-007170,CUST-00482,1500656,MERCH-0081,Port Harcourt,2026-09-27 18:38:00.525290,0,none
TXN-007502,CUST-00211,1695386,MERCH-0019,Kaduna,2026-08-14 12:27:00.620384,0,none
TXN-009573,CUST-00125,5248577,MERCH-0031,Enugu,2026-09-09 19:28:00.402181,0,none
TXN-008536,CUST-00072,2107513,MERCH-0067,Port Harcourt,2026-09-29 12:59:00.499311,1,geo_anomaly
TXN-003083,CUST-00434,2295816,MERCH-0022,Ibadan,2026-07-07 10:34:00.275155,0,none
TXN-004716,CUST-00409,1347162,MERCH-0023,Kano,2026-09-21 18:10:00.003017,0,none
TXN-003458,CUST-00038,1168883,MERCH-0043,Lagos,2026-10-02 09:23:00.144195,0,none
TXN-005903,CUST-00287,1686249,MERCH-0077,Enugu,2026-10-02 10:04:00.374321,0,none
TXN-002458,CUST-00189,1507440,MERCH-0024,Port Harcourt,2026-08-02 12:27:00.021478,0,none
TXN-002336,CUST-00464,1979598,MERCH-0082,Benin City,2026-09-06 08:41:00.636340,0,none
TXN-008920,CUST-00010,3948110,MERCH-0041,Ibadan,2026-08-19 16:34:00.198019,0,none
TXN-008098,CUST-00204,2475138,MERCH-0045,Port Harcourt,2026-09-25 14:08:00.044575,0,none
TXN-004731,CUST-00022,1933920,MERCH-0081,Ibadan,2026-09-04 11:02:00.892216,0,none
TXN-008355,CUST-00003,2332325,MERCH-0076,Lagos,2026-07-30 19:03:00.673949,0,none
TXN-007634,CUST-00065,3765172,MERCH-0061,Ibadan,2026-09-04 12:13:00.213398,0,none
TXN-002376,CUST-00445,1190257,MERCH-0062,Kano,2026-08-16 16:09:00.212787,0,none
TXN-002146,CUST-00037,2251348,MERCH-0065,Port Harcourt,2026-07-26 14:02:00.168589,0,none
TXN-009839,CUST-00164,4146220,MERCH-0037,Enugu,2026-07-08 14:05:00.050235,0,none
TXN-009474,CUST-00069,2710902,MERCH-0010,Lagos,2026-09-04 17:27:00.202567,0,none
TXN-002471,CUST-00013,2440701,MERCH-0064,Enugu,2026-07-13 11:44:00.815940,0,none
TXN-001499,CUST-00258,4426106,MERCH-0045,Kano,2026-07-31 11:19:00.456922,0,none
TXN-001480,CUST-00333,4410646,MERCH-0028,Kaduna,2026-09-06 18:59:00.171715,0,none
TXN-003429,CUST-00063,2155399,MERCH-0004,Enugu,2026-10-03 12:11:00.620416,0,none
TXN-003096,CUST-00322,5267088,MERCH-0048,Enugu,2026-08-04 07:56:00.620633,0,none
TXN-009478,CUST-00349,5530252,MERCH-0092,Kaduna,2026-09-17 09:35:00.178969,0,none
TXN-000618,CUST-00115,2568364,MERCH-0078,Enugu,2026-08-07 12:55:00.165597,0,none
TXN-006205,CUST-00244,5980964,MERCH-0077,Benin City,2026-07-14 21:54:00.961701,0,none
TXN-007380,CUST-00318,1789297,MERCH-0079,Ibadan,2026-07-15 11:47:00.106496,0,none
TXN-005763,CUST-00436,4110481,MERCH-0061,Abuja,2026-09-23 15:38:00.519353,0,none
TXN-000466,CUST-00014,1107246,MERCH-0055,Lagos,2026-07-28 09:16:00.962620,0,none
TXN-003956,CUST-00182,711750,MERCH-0061,Benin City,2026-08-14 11:08:00.599211,0,none
TXN-005012,CUST-00225,3618092,MERCH-0095,Kano,2026-08-21 20:56:00.090371,0,none
TXN-007096,CUST-00122,3697159,MERCH-0053,Lagos,2026-07-14 15:22:00.670325,0,none
TXN-007572,CUST-00360,387870,MERCH-0060,Abuja,2026-08-11 06:43:00.859755,0,none
TXN-007416,CUST-00478,4408008,MERCH-0025,Benin City,2026-08-04 19:59:00.087536,0,none
TXN-BURST-TXN-002714-2,CUST-00453,1402712,MERCH-0064,Kaduna,2026-09-14 12:33:30.152874,1,velocity_burst
TXN-009749,CUST-00245,4702703,MERCH-0065,Abuja,2026-09-10 12:26:00.975985,0,none
TXN-006828,CUST-00146,6831358,MERCH-0015,Kaduna,2026-09-05 09:47:00.222943,0,none
TXN-000746,CUST-00048,3002828,MERCH-0016,Ibadan,2026-09-18 17:21:00.286328,0,none
TXN-005786,CUST-00013,4043120,MERCH-0012,Enugu,2026-08-24 10:01:00.267955,1,velocity_burst
TXN-006796,CUST-00031,1314177,MERCH-0052,Kano,2026-08-08 12:45:00.514614,0,none
TXN-000711,CUST-00052,3438791,MERCH-0087,Abuja,2026-07-20 14:15:00.796689,0,none
TXN-000380,CUST-00117,3639913,MERCH-0047,Lagos,2026-08-31 12:47:00.403693,0,none
TXN-004044,CUST-00377,689732,MERCH-0079,Ibadan,2026-08-30 17:47:00.542020,0,none
TXN-004606,CUST-00320,1649838,MERCH-0084,Abuja,2026-09-15 16:03:00.864465,0,none
TXN-009180,CUST-00143,1409054,MERCH-0096,Enugu,2026-09-28 13:52:00.942930,0,none
TXN-008070,CUST-00235,3611499,MERCH-0095,Benin City,2026-07-29 12:30:00.869801,0,none
TXN-008716,CUST-00148,616466,MERCH-0098,Lagos,2026-08-08 14:36:00.212999,0,none
TXN-009580,CUST-00074,2144049,MERCH-0028,Kaduna,2026-09-18 16:45:00.450333,0,none
TXN-004302,CUST-00268,4040930,MERCH-0098,Ibadan,2026-08-25 10:30:00.553463,0,none
TXN-006015,CUST-00024,880465,MERCH-0060,Abuja,2026-09-14 17:34:00.725209,0,none
TXN-003111,CUST-00031,591390,MERCH-0006,Kano,2026-09-21 10:17:00.555580,0,none
TXN-008818,CUST-00417,480776,MERCH-0077,Abuja,2026-07-13 16:58:00.988542,0,none
TXN-007200,CUST-00499,1833996,MERCH-0023,Lagos,2026-09-20 15:29:00.050922,0,none
TXN-003910,CUST-00382,2500163,MERCH-0051,Port Harcourt,2026-09-15 16:27:00.868551,0,none
TXN-005219,CUST-00233,879321,MERCH-0013,Ibadan,2026-09-28 16:15:00.915589,0,none
TXN-002997,CUST-00321,3799146,MERCH-0081,Lagos,2026-07-08 16:48:00.057490,1,geo_anomaly
TXN-009178,CUST-00463,3209661,MERCH-0080,Port Harcourt,2026-09-16 13:05:00.775024,0,none
TXN-001314,CUST-00248,3233145,MERCH-0001,Kaduna,2026-09-17 07:20:00.410082,0,none
TXN-003820,CUST-00107,4322194,MERCH-0098,Abuja,2026-07-15 10:09:00.649429,0,none
TXN-007154,CUST-00204,1115945,MERCH-0026,Port Harcourt,2026-07-12 16:35:00.098081,0,none
TXN-006086,CUST-00112,4517478,MERCH-0060,Ibadan,2026-09-11 09:01:00.769882,0,none
TXN-004956,CUST-00447,2096251,MERCH-0094,Kaduna,2026-08-30 19:28:00.221032,0,none
TXN-003708,CUST-00259,4794618,MERCH-0039,Ibadan,2026-09-11 21:54:00.938634,1,geo_anomaly
TXN-007938,CUST-00231,2631910,MERCH-0035,Kaduna,2026-08-22 10:08:00.456795,0,none
TXN-009117,CUST-00125,1438599,MERCH-0031,Enugu,2026-09-13 13:55:00.977473,0,none
TXN-001286,CUST-00491,2957350,MERCH-0063,Abuja,2026-07-18 03:03:00.126984,1,off_hours
TXN-005583,CUST-00218,1373416,MERCH-0044,Abuja,2026-09-19 13:53:00.697062,0,none
TXN-007628,CUST-00043,3378474,MERCH-0040,Abuja,2026-09-06 20:32:00.419165,0,none
TXN-001350,CUST-00328,3315458,MERCH-0001,Enugu,2026-07-16 12:36:00.085897,0,none
TXN-BURST-TXN-007360-0,CUST-00378,2394520,MERCH-0003,Kano,2026-07-12 10:31:30.060205,1,velocity_burst
TXN-003756,CUST-00097,4575011,MERCH-0071,Kaduna,2026-08-23 02:43:00.610723,1,off_hours
TXN-004092,CUST-00126,52631610,MERCH-0016,Benin City,2026-10-03 17:15:00.818208,1,amount_anomaly
TXN-004369,CUST-00030,2566520,MERCH-0011,Lagos,2026-09-20 09:16:00.751744,0,none
TXN-000428,CUST-00172,5272142,MERCH-0074,Ibadan,2026-08-02 16:21:00.296427,0,none
TXN-000654,CUST-00003,1564906,MERCH-0036,Lagos,2026-08-20 10:41:00.658473,1,velocity_burst
TXN-008396,CUST-00355,772638,MERCH-0049,Benin City,2026-08-31 12:06:00.502944,0,none
TXN-002108,CUST-00137,1163602,MERCH-0056,Kaduna,2026-07-07 11:27:00.701433,0,none
TXN-009191,CUST-00099,2437981,MERCH-0016,Lagos,2026-09-20 17:10:00.735456,0,none
TXN-006342,CUST-00080,1108318,MERCH-0047,Port Harcourt,2026-09-19 09:10:00.809544,0,none
TXN-008399,CUST-00104,5875116,MERCH-0050,Ibadan,2026-09-03 06:32:00.066747,0,none
TXN-006985,CUST-00210,2249636,MERCH-0014,Benin City,2026-07-18 19:55:00.404906,0,none
TXN-005118,CUST-00111,2010335,MERCH-0049,Kano,2026-10-05 08:16:00.481428,0,none
TXN-006503,CUST-00067,1787048,MERCH-0090,Lagos,2026-07-28 17:33:00.555505,0,none
TXN-008040,CUST-00286,2625723,MERCH-0058,Kaduna,2026-09-28 10:29:00.149766,0,none
TXN-BURST-TXN-000551-0,CUST-00357,1136483,MERCH-0051,Kaduna,2026-09-05 16:36:30.476930,1,velocity_burst
TXN-003406,CUST-00367,1188452,MERCH-0074,Benin City,2026-07-15 20:30:00.528870,0,none
TXN-005873,CUST-00118,2654392,MERCH-0033,Enugu,2026-07-28 17:22:00.812959,0,none
TXN-000612,CUST-00486,5889515,MERCH-0019,Kano,2026-09-03 18:41:00.629415,0,none
TXN-007415,CUST-00209,3904245,MERCH-0019,Kaduna,2026-09-15 09:28:00.034523,0,none
TXN-003616,CUST-00183,2201828,MERCH-0094,Enugu,2026-07-21 17:06:00.695954,0,none
TXN-007498,CUST-00436,3637609,MERCH-0061,Abuja,2026-08-20 11:58:00.659120,0,none
TXN-BURST-TXN-009465-1,CUST-00156,1627048,MERCH-0023,Ibadan,2026-08-05 13:41:00.837243,1,velocity_burst
TXN-009101,CUST-00354,2760526,MERCH-0053,Kaduna,2026-10-01 17:33:00.415444,0,none
TXN-002287,CUST-00004,2899210,MERCH-0014,Kano,2026-08-28 20:36:00.379934,0,none
TXN-001119,CUST-00208,4656170,MERCH-0021,Port Harcourt,2026-10-03 20:34:00.667059,0,none
TXN-000555,CUST-00315,3624253,MERCH-0035,Kaduna,2026-08-21 21:40:00.503457,0,none
TXN-003066,CUST-00316,1260303,MERCH-0084,Benin City,2026-09-12 13:24:00.838425,0,none
TXN-000512,CUST-00168,4004255,MERCH-0038,Ibadan,2026-07-22 10:24:00.050240,0,none
TXN-005636,CUST-00299,1555542,MERCH-0067,Enugu,2026-08-18 16:03:00.652784,0,none
TXN-004727,CUST-00197,3063544,MERCH-0063,Kaduna,2026-09-27 12:23:00.896816,0,none
TXN-000968,CUST-00393,2478742,MERCH-0082,Kaduna,2026-08-14 09:23:00.658175,0,none
TXN-008451,CUST-00138,1343213,MERCH-0043,Benin City,2026-09-26 17:22:00.102504,0,none
TXN-006693,CUST-00393,3163084,MERCH-0038,Kaduna,2026-07-27 15:42:00.042791,0,none
TXN-002493,CUST-00180,1026351,MERCH-0069,Kaduna,2026-08-31 13:40:00.980369,0,none
TXN-006522,CUST-00358,2229361,MERCH-0051,Enugu,2026-09-03 18:10:00.627985,0,none
TXN-009695,CUST-00274,1151766,MERCH-0011,Ibadan,2026-09-30 10:24:00.248387,0,none
TXN-009060,CUST-00039,1824491,MERCH-0072,Kano,2026-08-10 12:37:00.370323,0,none
TXN-003886,CUST-00147,1936173,MERCH-0068,Enugu,2026-08-10 09:20:00.044553,1,velocity_burst
TXN-002185,CUST-00227,4807886,MERCH-0087,Kano,2026-08-17 20:17:00.044744,0,none
TXN-009016,CUST-00499,2221659,MERCH-0019,Lagos,2026-08-05 17:00:00.122080,0,none
TXN-006413,CUST-00340,5334714,MERCH-0054,Lagos,2026-08-08 14:36:00.946623,0,none
TXN-003126,CUST-00450,4523822,MERCH-0002,Benin City,2026-09-26 09:15:00.850131,0,none
TXN-005685,CUST-00241,620243,MERCH-0058,Ibadan,2026-07-29 15:44:00.193784,0,none
TXN-004803,CUST-00105,2007877,MERCH-0002,Lagos,2026-08-26 21:02:00.128834,0,none
TXN-006203,CUST-00323,4680195,MERCH-0009,Kaduna,2026-07-13 18:31:00.085509,0,none
TXN-009192,CUST-00160,1112366,MERCH-0083,Lagos,2026-08-08 15:42:00.049731,0,none
TXN-009201,CUST-00181,2875059,MERCH-0086,Kano,2026-08-11 14:49:00.391227,0,none
TXN-003747,CUST-00233,637440,MERCH-0099,Ibadan,2026-09-08 21:13:00.416357,0,none
TXN-006624,CUST-00038,753263,MERCH-0099,Lagos,2026-07-10 19:12:00.204997,0,none
TXN-BURST-TXN-003453-2,CUST-00221,1534194,MERCH-0044,Benin City,2026-09-11 15:35:30.933601,1,velocity_burst
TXN-007699,CUST-00488,2844763,MERCH-0029,Benin City,2026-08-30 20:40:00.679179,0,none
TXN-001110,CUST-00353,2512615,MERCH-0048,Benin City,2026-07-23 10:41:00.045427,0,none
TXN-006179,CUST-00073,115561488,MERCH-0036,Enugu,2026-07-09 14:34:00.791738,1,amount_anomaly
TXN-005467,CUST-00305,4139606,MERCH-0079,Enugu,2026-08-08 15:53:00.526962,0,none
TXN-001039,CUST-00417,587930,MERCH-0088,Abuja,2026-07-11 12:51:00.609054,0,none
TXN-001195,CUST-00348,2785336,MERCH-0006,Abuja,2026-08-02 10:27:00.928755,0,none
TXN-002819,CUST-00415,586439,MERCH-0036,Kano,2026-08-29 20:39:00.224894,0,none
TXN-000021,CUST-00070,1212358,MERCH-0045,Ibadan,2026-07-31 15:17:00.408287,0,none
TXN-BURST-TXN-000761-2,CUST-00300,2904800,MERCH-0089,Ibadan,2026-07-22 20:00:30.393499,1,velocity_burst
TXN-004095,CUST-00127,836812,MERCH-0009,Ibadan,2026-08-10 19:24:00.449031,0,none
TXN-002456,CUST-00006,2242334,MERCH-0047,Abuja,2026-08-28 06:19:00.108809,0,none
TXN-007581,CUST-00431,2296446,MERCH-0076,Ibadan,2026-09-05 14:55:00.853766,0,none
TXN-009299,CUST-00028,3601156,MERCH-0001,Enugu,2026-07-12 09:10:00.091008,0,none
TXN-002908,CUST-00150,4434640,MERCH-0006,Ibadan,2026-08-25 16:10:00.429496,0,none
TXN-000935,CUST-00030,3035742,MERCH-0068,Lagos,2026-07-31 12:25:00.842960,0,none
TXN-003351,CUST-00336,1895335,MERCH-0096,Port Harcourt,2026-08-09 14:33:00.536974,0,none
TXN-004081,CUST-00124,3714822,MERCH-0094,Kaduna,2026-07-24 18:08:00.096133,0,none
TXN-007894,CUST-00081,4010045,MERCH-0014,Kano,2026-07-15 11:16:00.315591,0,none
TXN-007963,CUST-00220,5079757,MERCH-0078,Benin City,2026-07-13 14:49:00.776031,0,none
TXN-002076,CUST-00468,5175641,MERCH-0089,Ibadan,2026-08-02 12:48:00.547014,0,none
TXN-000395,CUST-00468,3660327,MERCH-0037,Ibadan,2026-08-03 08:30:00.112343,0,none
TXN-007460,CUST-00326,1173918,MERCH-0089,Lagos,2026-07-31 15:10:00.326279,0,none
TXN-007033,CUST-00112,4133161,MERCH-0060,Ibadan,2026-09-08 08:15:00.944339,0,none
TXN-002019,CUST-00154,5801707,MERCH-0044,Enugu,2026-08-15 16:10:00.069140,0,none
TXN-001738,CUST-00121,1775340,MERCH-0082,Kaduna,2026-08-24 12:17:00.873239,0,none
TXN-009496,CUST-00167,1998672,MERCH-0024,Abuja,2026-10-02 11:45:00.301964,0,none
TXN-008999,CUST-00298,2727914,MERCH-0052,Abuja,2026-09-02 09:40:00.888516,0,none
TXN-000562,CUST-00206,4735515,MERCH-0006,Kano,2026-09-21 18:29:00.492565,0,none
TXN-BURST-TXN-008465-1,CUST-00311,1305500,MERCH-0037,Kaduna,2026-07-09 12:42:00.714195,1,velocity_burst
TXN-005516,CUST-00136,1971396,MERCH-0033,Enugu,2026-09-19 21:14:00.719028,0,none
TXN-001298,CUST-00452,5317100,MERCH-0074,Ibadan,2026-07-30 09:38:00.251096,0,none
TXN-005453,CUST-00001,436251,MERCH-0095,Abuja,2026-07-15 13:36:00.835071,0,none
TXN-001163,CUST-00284,4445345,MERCH-0035,Abuja,2026-08-27 13:43:00.432486,0,none
TXN-004583,CUST-00119,2227886,MERCH-0097,Port Harcourt,2026-07-08 13:51:00.396001,0,none
TXN-001672,CUST-00450,2164635,MERCH-0065,Benin City,2026-07-18 08:38:00.246764,0,none
TXN-005246,CUST-00347,5225428,MERCH-0087,Kano,2026-08-29 18:31:00.279693,0,none
TXN-007846,CUST-00476,1244298,MERCH-0079,Lagos,2026-07-08 08:05:00.078575,0,none
TXN-001528,CUST-00072,2220503,MERCH-0079,Kaduna,2026-08-19 13:08:00.611235,0,none
TXN-004685,CUST-00178,5312046,MERCH-0003,Kaduna,2026-07-24 14:02:00.083765,0,none
TXN-003460,CUST-00292,2928732,MERCH-0039,Enugu,2026-09-09 15:01:00.420537,0,none
TXN-003567,CUST-00055,1979756,MERCH-0029,Enugu,2026-07-29 07:40:00.708186,0,none
TXN-005829,CUST-00259,4810748,MERCH-0049,Enugu,2026-08-06 16:23:00.648408,0,none
TXN-000059,CUST-00145,763279,MERCH-0007,Abuja,2026-08-02 08:33:00.126319,0,none
TXN-BURST-TXN-008264-0,CUST-00486,4059509,MERCH-0083,Kano,2026-08-13 15:44:30.111641,1,velocity_burst
TXN-006689,CUST-00217,1213087,MERCH-0088,Port Harcourt,2026-09-28 21:50:00.261224,0,none
TXN-008159,CUST-00344,1597200,MERCH-0093,Kano,2026-07-23 06:05:00.253054,0,none
TXN-003781,CUST-00126,3523468,MERCH-0059,Benin City,2026-08-09 14:37:00.505401,0,none
TXN-004890,CUST-00147,1833416,MERCH-0029,Enugu,2026-08-29 14:29:00.381727,0,none
TXN-006248,CUST-00366,967959,MERCH-0012,Port Harcourt,2026-09-09 08:03:00.911904,0,none
TXN-006504,CUST-00119,3620958,MERCH-0019,Port Harcourt,2026-07-26 12:42:00.925572,0,none
TXN-009118,CUST-00484,920008,MERCH-0039,Lagos,2026-07-17 22:21:00.838516,0,none
TXN-002808,CUST-00144,5230655,MERCH-0040,Enugu,2026-10-02 15:49:00.561360,0,none
TXN-002485,CUST-00175,1881974,MERCH-0004,Kano,2026-09-26 19:51:00.025732,0,none
TXN-005157,CUST-00322,3933726,MERCH-0089,Enugu,2026-07-08 11:42:00.507630,0,none
TXN-004138,CUST-00430,3335609,MERCH-0081,Lagos,2026-08-03 14:06:00.478028,0,none
TXN-000415,CUST-00298,3414711,MERCH-0083,Abuja,2026-09-27 13:22:00.319762,0,none
TXN-009841,CUST-00261,1839450,MERCH-0058,Enugu,2026-09-30 11:45:00.211307,0,none
TXN-003904,CUST-00200,842789,MERCH-0071,Kaduna,2026-08-11 12:48:00.863533,0,none
TXN-002927,CUST-00102,2409542,MERCH-0062,Lagos,2026-07-09 13:14:00.650526,0,none
TXN-006297,CUST-00281,1267071,MERCH-0013,Kano,2026-08-15 14:24:00.921469,1,velocity_burst
TXN-006720,CUST-00135,2148405,MERCH-0052,Abuja,2026-09-07 10:29:00.412812,0,none
TXN-006825,CUST-00014,686944,MERCH-0009,Lagos,2026-07-17 11:03:00.005593,0,none
TXN-008392,CUST-00454,4081180,MERCH-0078,Abuja,2026-08-27 10:04:00.377172,0,none
TXN-005624,CUST-00262,1253156,MERCH-0086,Ibadan,2026-09-22 08:13:00.206453,0,none
TXN-001898,CUST-00400,804803,MERCH-0050,Enugu,2026-09-29 14:54:00.524507,0,none
TXN-005707,CUST-00490,3011013,MERCH-0084,Abuja,2026-08-01 12:37:00.931100,0,none
TXN-009203,CUST-00189,828356,MERCH-0014,Port Harcourt,2026-07-29 09:32:00.032154,0,none
TXN-008487,CUST-00228,3852372,MERCH-0099,Port Harcourt,2026-10-05 10:47:00.253860,0,none
TXN-009594,CUST-00234,377679,MERCH-0084,Kano,2026-08-11 12:27:00.503051,0,none
TXN-005938,CUST-00196,3603557,MERCH-0100,Kaduna,2026-07-19 17:03:00.752790,0,none
TXN-001818,CUST-00185,6541613,MERCH-0059,Kaduna,2026-09-03 10:00:00.883146,0,none
TXN-001938,CUST-00285,5329128,MERCH-0040,Kano,2026-09-04 15:15:00.497157,0,none
TXN-007453,CUST-00018,2271129,MERCH-0011,Abuja,2026-08-26 11:38:00.557565,0,none
TXN-002073,CUST-00445,1427634,MERCH-0062,Kano,2026-07-18 09:28:00.120034,0,none
TXN-001727,CUST-00020,2167610,MERCH-0094,Kano,2026-07-16 20:37:00.776030,0,none
TXN-001048,CUST-00243,1341603,MERCH-0078,Port Harcourt,2026-08-06 13:38:00.358768,0,none
TXN-003782,CUST-00231,2058591,MERCH-0072,Kaduna,2026-08-29 12:36:00.208163,0,none
TXN-003998,CUST-00194,5020620,MERCH-0074,Kaduna,2026-08-10 20:49:00.410024,0,none
TXN-003210,CUST-00195,2537908,MERCH-0015,Benin City,2026-08-26 20:47:00.630358,0,none
TXN-000767,CUST-00210,4150191,MERCH-0014,Benin City,2026-08-06 09:33:00.683990,0,none
TXN-001145,CUST-00409,1057165,MERCH-0073,Kano,2026-07-22 11:24:00.515973,0,none
TXN-008917,CUST-00247,4309923,MERCH-0017,Abuja,2026-08-11 10:05:00.545878,0,none
TXN-008337,CUST-00201,4530204,MERCH-0041,Port Harcourt,2026-08-09 18:35:00.112007,0,none
TXN-006508,CUST-00364,1007615,MERCH-0100,Ibadan,2026-08-19 12:07:00.081593,0,none
TXN-005730,CUST-00169,5875367,MERCH-0085,Abuja,2026-08-23 14:29:00.509351,0,none
TXN-003828,CUST-00450,4575797,MERCH-0007,Benin City,2026-09-07 14:01:00.057738,0,none
TXN-002992,CUST-00425,4341401,MERCH-0020,Enugu,2026-09-30 08:35:00.856182,0,none
TXN-003596,CUST-00281,1188682,MERCH-0056,Kano,2026-08-15 19:09:00.623063,0,none
TXN-007767,CUST-00062,2727605,MERCH-0004,Enugu,2026-09-08 18:27:00.159940,0,none
TXN-006189,CUST-00117,2408271,MERCH-0012,Lagos,2026-08-24 09:53:00.791737,0,none
TXN-000829,CUST-00253,3903350,MERCH-0085,Kano,2026-07-29 07:12:00.603513,0,none
TXN-007008,CUST-00239,805547,MERCH-0097,Kano,2026-09-26 20:53:00.003717,0,none
TXN-001673,CUST-00242,478889,MERCH-0040,Port Harcourt,2026-10-04 12:12:00.725811,0,none
TXN-008626,CUST-00479,1104617,MERCH-0027,Abuja,2026-09-10 15:30:00.242292,0,none
TXN-BURST-TXN-002907-2,CUST-00159,3425599,MERCH-0060,Port Harcourt,2026-09-09 10:53:30.266969,1,velocity_burst
TXN-008824,CUST-00442,2206351,MERCH-0006,Port Harcourt,2026-08-04 18:17:00.604307,0,none
TXN-004280,CUST-00444,1990962,MERCH-0080,Kano,2026-09-10 13:54:00.681598,0,none
TXN-004005,CUST-00200,661573,MERCH-0009,Kaduna,2026-08-27 13:23:00.789809,0,none
TXN-002341,CUST-00199,5074267,MERCH-0031,Kano,2026-08-25 16:21:00.624087,0,none
TXN-002046,CUST-00240,3939753,MERCH-0013,Enugu,2026-09-02 15:23:00.392600,0,none
TXN-005035,CUST-00390,1645523,MERCH-0071,Enugu,2026-09-08 16:53:00.063886,0,none
TXN-008775,CUST-00272,3826289,MERCH-0003,Kaduna,2026-09-08 06:31:00.271539,0,none
TXN-002738,CUST-00332,1028584,MERCH-0079,Kano,2026-09-14 17:01:00.304457,0,none
TXN-001296,CUST-00072,1502761,MERCH-0069,Kaduna,2026-09-17 16:26:00.672975,0,none
TXN-007728,CUST-00298,3080218,MERCH-0052,Benin City,2026-09-30 19:11:00.880535,1,geo_anomaly
TXN-000592,CUST-00130,2573956,MERCH-0058,Kano,2026-07-20 10:40:00.980690,0,none
TXN-000222,CUST-00019,6757386,MERCH-0071,Abuja,2026-09-17 18:45:00.106574,0,none
TXN-008812,CUST-00035,7019492,MERCH-0002,Kano,2026-07-28 18:19:00.215997,0,none
TXN-008612,CUST-00259,2821981,MERCH-0069,Enugu,2026-09-01 11:04:00.740232,0,none
TXN-004767,CUST-00349,4173279,MERCH-0095,Kaduna,2026-08-12 18:03:00.940323,0,none
TXN-000859,CUST-00318,1808189,MERCH-0079,Ibadan,2026-08-01 17:33:00.671911,0,none
TXN-003329,CUST-00149,2998693,MERCH-0017,Port Harcourt,2026-08-23 12:54:00.992419,0,none
TXN-003018,CUST-00477,2278573,MERCH-0070,Lagos,2026-08-07 12:22:00.951828,0,none
TXN-005031,CUST-00274,1347433,MERCH-0046,Ibadan,2026-07-11 17:51:00.639706,0,none
TXN-000842,CUST-00025,1068175,MERCH-0025,Abuja,2026-08-15 15:34:00.053138,0,none
TXN-005962,CUST-00313,5880543,MERCH-0057,Kaduna,2026-08-23 16:53:00.356692,0,none
TXN-BURST-TXN-004099-2,CUST-00315,5527634,MERCH-0070,Kaduna,2026-07-17 13:31:30.809595,1,velocity_burst
TXN-007837,CUST-00168,3061564,MERCH-0010,Kaduna,2026-09-22 19:18:00.510727,1,geo_anomaly
TXN-000995,CUST-00118,2277205,MERCH-0068,Enugu,2026-09-23 10:34:00.803615,0,none
TXN-006769,CUST-00259,6586947,MERCH-0097,Enugu,2026-07-28 11:53:00.142767,0,none
TXN-001555,CUST-00073,3255949,MERCH-0036,Enugu,2026-08-22 16:47:00.003799,0,none
TXN-009342,CUST-00167,4855424,MERCH-0047,Abuja,2026-09-28 13:06:00.920551,1,velocity_burst
TXN-002575,CUST-00417,401718,MERCH-0083,Abuja,2026-07-25 13:51:00.994723,0,none
TXN-004706,CUST-00436,3324213,MERCH-0071,Abuja,2026-09-10 17:58:00.531592,0,none
TXN-003038,CUST-00219,2640746,MERCH-0006,Ibadan,2026-09-23 22:52:00.759950,0,none
TXN-007035,CUST-00192,4931711,MERCH-0005,Benin City,2026-09-21 12:51:00.943013,0,none
TXN-004449,CUST-00053,2458179,MERCH-0032,Ibadan,2026-08-25 16:27:00.050606,0,none
TXN-004624,CUST-00498,4865717,MERCH-0051,Kano,2026-09-29 16:52:00.781227,0,none
TXN-007297,CUST-00235,3204860,MERCH-0069,Benin City,2026-07-26 06:23:00.899498,0,none
TXN-004904,CUST-00416,3596982,MERCH-0051,Benin City,2026-10-03 09:29:00.426069,0,none
TXN-004429,CUST-00208,2366489,MERCH-0021,Port Harcourt,2026-09-02 11:44:00.435015,0,none
TXN-BURST-TXN-006643-2,CUST-00237,1507698,MERCH-0065,Port Harcourt,2026-07-13 12:31:30.748841,1,velocity_burst
TXN-000401,CUST-00246,1717006,MERCH-0092,Kano,2026-07-16 21:36:00.620412,0,none
TXN-003551,CUST-00173,4828128,MERCH-0026,Port Harcourt,2026-08-18 18:22:00.362541,0,none
TXN-007318,CUST-00179,3029367,MERCH-0016,Kano,2026-07-30 12:17:00.465505,1,velocity_burst
TXN-003659,CUST-00358,2120088,MERCH-0042,Enugu,2026-07-31 11:32:00.364613,0,none
TXN-004741,CUST-00026,1232218,MERCH-0060,Kaduna,2026-08-03 11:55:00.655427,0,none
TXN-006897,CUST-00205,1620899,MERCH-0083,Port Harcourt,2026-07-12 22:10:00.770502,0,none
TXN-007022,CUST-00198,856847,MERCH-0009,Kaduna,2026-07-20 18:40:00.495795,0,none
TXN-000060,CUST-00338,2226641,MERCH-0047,Benin City,2026-09-28 09:53:00.649392,0,none
TXN-003144,CUST-00273,652371,MERCH-0013,Port Harcourt,2026-08-18 17:25:00.764726,0,none
TXN-005271,CUST-00126,2595366,MERCH-0016,Benin City,2026-09-11 10:55:00.441747,0,none
TXN-005380,CUST-00476,375489,MERCH-0032,Lagos,2026-08-07 09:43:00.575272,0,none
TXN-004078,CUST-00011,1751028,MERCH-0083,Abuja,2026-08-04 10:49:00.240011,0,none
TXN-001329,CUST-00008,5933905,MERCH-0090,Port Harcourt,2026-09-08 09:31:00.389676,0,none
TXN-007856,CUST-00038,1401924,MERCH-0043,Lagos,2026-08-10 13:06:00.252274,0,none
TXN-006114,CUST-00056,3172694,MERCH-0032,Kano,2026-08-02 16:36:00.776933,0,none
TXN-007790,CUST-00370,3686850,MERCH-0049,Kano,2026-07-12 11:43:00.659115,0,none
TXN-005441,CUST-00249,2384246,MERCH-0008,Lagos,2026-07-15 16:31:00.872820,0,none
TXN-001551,CUST-00029,3548010,MERCH-0075,Kaduna,2026-09-27 11:52:00.340800,0,none
TXN-001010,CUST-00079,5270361,MERCH-0062,Abuja,2026-08-30 11:24:00.819189,0,none
TXN-001613,CUST-00219,4095547,MERCH-0006,Ibadan,2026-09-19 18:57:00.478489,0,none
TXN-003128,CUST-00167,2276891,MERCH-0040,Abuja,2026-07-29 11:13:00.969599,0,none
TXN-006313,CUST-00341,4795920,MERCH-0027,Kano,2026-09-26 11:20:00.485109,0,none
TXN-000649,CUST-00040,809047,MERCH-0019,Kano,2026-08-15 22:21:00.440098,0,none
TXN-000880,CUST-00285,3700169,MERCH-0012,Kano,2026-07-20 10:18:00.863810,0,none
TXN-003920,CUST-00264,45630342,MERCH-0049,Kaduna,2026-09-27 13:07:00.585115,1,amount_anomaly
TXN-007372,CUST-00284,3117630,MERCH-0049,Abuja,2026-09-28 10:50:00.527681,0,none
TXN-007287,CUST-00256,2969655,MERCH-0087,Kano,2026-08-16 17:38:00.215718,0,none
TXN-000551,CUST-00357,1136483,MERCH-0051,Kaduna,2026-09-05 16:36:00.476930,1,velocity_burst
TXN-007417,CUST-00185,3793841,MERCH-0059,Kaduna,2026-09-01 19:49:00.159534,0,none
TXN-006741,CUST-00231,2209508,MERCH-0035,Kaduna,2026-09-28 09:13:00.688026,0,none
TXN-003563,CUST-00389,3673060,MERCH-0056,Abuja,2026-07-13 10:13:00.341681,0,none
TXN-008284,CUST-00300,4028890,MERCH-0065,Ibadan,2026-08-12 11:20:00.578324,0,none
TXN-000212,CUST-00432,1464067,MERCH-0059,Port Harcourt,2026-09-28 15:38:00.812818,0,none
TXN-005010,CUST-00458,3083592,MERCH-0028,Kano,2026-07-16 16:21:00.277380,0,none
TXN-003435,CUST-00043,4007043,MERCH-0040,Abuja,2026-09-25 08:18:00.597062,0,none
TXN-003129,CUST-00003,1834303,MERCH-0076,Lagos,2026-08-19 20:40:00.902441,0,none
TXN-001439,CUST-00388,682663,MERCH-0021,Port Harcourt,2026-09-17 09:03:00.496473,0,none
TXN-006979,CUST-00126,1691683,MERCH-0085,Benin City,2026-09-18 19:58:00.166718,0,none
TXN-000697,CUST-00254,2436363,MERCH-0058,Lagos,2026-09-30 11:02:00.048597,0,none
TXN-009204,CUST-00464,1961901,MERCH-0042,Benin City,2026-08-07 12:44:00.661316,0,none
TXN-005280,CUST-00016,5181184,MERCH-0039,Port Harcourt,2026-09-13 18:10:00.049908,0,none
TXN-001315,CUST-00048,3685823,MERCH-0093,Ibadan,2026-09-15 13:25:00.230153,0,none
TXN-002361,CUST-00039,3292815,MERCH-0089,Kano,2026-07-30 10:10:00.929832,0,none
TXN-007223,CUST-00489,2125466,MERCH-0007,Port Harcourt,2026-08-06 06:51:00.542033,0,none
TXN-000013,CUST-00252,3972196,MERCH-0069,Lagos,2026-07-25 21:27:00.002636,0,none
TXN-008782,CUST-00021,3834925,MERCH-0029,Port Harcourt,2026-08-10 20:38:00.086139,0,none
TXN-006941,CUST-00368,7595437,MERCH-0055,Enugu,2026-08-14 07:05:00.914825,0,none
TXN-001347,CUST-00103,3337344,MERCH-0074,Benin City,2026-07-19 18:31:00.681183,0,none
TXN-008966,CUST-00081,2429449,MERCH-0063,Kano,2026-09-25 08:30:00.445942,0,none
TXN-000454,CUST-00448,5403255,MERCH-0041,Kaduna,2026-09-26 08:13:00.325885,0,none
TXN-004688,CUST-00414,2931530,MERCH-0003,Ibadan,2026-09-03 13:57:00.856378,0,none
TXN-009984,CUST-00226,2393839,MERCH-0041,Kano,2026-09-20 08:19:00.615720,0,none
TXN-003232,CUST-00431,2598609,MERCH-0014,Ibadan,2026-08-25 10:53:00.734035,0,none
TXN-009044,CUST-00305,3431082,MERCH-0079,Enugu,2026-08-19 19:16:00.659313,0,none
TXN-006993,CUST-00500,4129937,MERCH-0009,Kaduna,2026-09-29 06:13:00.104768,0,none
TXN-000038,CUST-00027,1319880,MERCH-0022,Abuja,2026-08-03 13:07:00.851933,0,none
TXN-001044,CUST-00121,4194697,MERCH-0087,Kaduna,2026-07-08 15:43:00.694380,0,none
TXN-004852,CUST-00462,2854792,MERCH-0053,Ibadan,2026-10-04 20:28:00.326219,0,none
TXN-000941,CUST-00142,947492,MERCH-0073,Port Harcourt,2026-07-18 08:52:00.217817,0,none
TXN-008893,CUST-00259,4841326,MERCH-0097,Enugu,2026-08-19 11:36:00.706633,0,none
TXN-004066,CUST-00137,937621,MERCH-0056,Kaduna,2026-08-18 12:31:00.686912,0,none
TXN-009022,CUST-00312,3418713,MERCH-0025,Lagos,2026-09-02 14:11:00.039972,0,none
TXN-000539,CUST-00284,2517983,MERCH-0020,Abuja,2026-09-24 15:54:00.828453,0,none
TXN-003880,CUST-00486,3094267,MERCH-0048,Kano,2026-09-07 16:14:00.285384,0,none
TXN-003510,CUST-00094,2420585,MERCH-0037,Abuja,2026-08-12 15:57:00.639886,0,none
TXN-001401,CUST-00293,2868046,MERCH-0038,Ibadan,2026-09-11 15:40:00.313210,0,none
TXN-004388,CUST-00283,1945472,MERCH-0075,Kaduna,2026-10-05 17:35:00.487961,0,none
TXN-002406,CUST-00161,3220468,MERCH-0084,Enugu,2026-09-10 22:41:00.961204,0,none
TXN-008977,CUST-00106,3858452,MERCH-0084,Kano,2026-10-03 17:37:00.514103,0,none
TXN-008293,CUST-00354,2341690,MERCH-0030,Kaduna,2026-07-31 13:16:00.963869,0,none
TXN-004605,CUST-00068,3872946,MERCH-0092,Port Harcourt,2026-07-19 07:15:00.550092,0,none
TXN-002240,CUST-00145,613704,MERCH-0011,Abuja,2026-08-17 09:28:00.539424,0,none
TXN-005710,CUST-00048,4411788,MERCH-0016,Ibadan,2026-07-18 10:53:00.392346,0,none
TXN-004355,CUST-00167,3553047,MERCH-0040,Abuja,2026-08-18 10:10:00.385986,0,none
TXN-004032,CUST-00036,1868054,MERCH-0020,Abuja,2026-08-15 11:15:00.899624,0,none
TXN-007326,CUST-00004,3142416,MERCH-0044,Kano,2026-08-07 11:34:00.529384,0,none
TXN-008418,CUST-00222,4535172,MERCH-0015,Port Harcourt,2026-09-23 18:50:00.900355,0,none
TXN-008148,CUST-00072,1054317,MERCH-0084,Kaduna,2026-07-09 09:36:00.076645,0,none
TXN-007889,CUST-00280,345702,MERCH-0043,Enugu,2026-08-08 15:23:00.073230,0,none
TXN-009381,CUST-00143,1181164,MERCH-0028,Enugu,2026-08-20 14:12:00.983514,0,none
TXN-005065,CUST-00294,1941725,MERCH-0015,Ibadan,2026-09-09 18:30:00.884465,0,none
TXN-001740,CUST-00396,4257727,MERCH-0097,Kaduna,2026-09-15 11:43:00.830481,0,none
TXN-004705,CUST-00029,3970897,MERCH-0075,Kaduna,2026-09-08 13:16:00.112165,0,none
TXN-007443,CUST-00096,5706753,MERCH-0047,Lagos,2026-08-02 12:23:00.365501,0,none
TXN-003647,CUST-00273,656674,MERCH-0013,Port Harcourt,2026-10-03 10:51:00.996548,0,none
TXN-008324,CUST-00216,4280347,MERCH-0071,Benin City,2026-07-28 17:24:00.823569,0,none
TXN-006215,CUST-00134,1610110,MERCH-0065,Benin City,2026-09-25 16:50:00.737352,0,none
TXN-009010,CUST-00322,3543640,MERCH-0096,Enugu,2026-08-14 18:51:00.746390,0,none
TXN-007311,CUST-00425,5479100,MERCH-0020,Enugu,2026-08-08 21:26:00.669555,0,none
TXN-001564,CUST-00005,2122390,MERCH-0034,Abuja,2026-09-13 11:32:00.996954,0,none
TXN-003529,CUST-00413,584438,MERCH-0029,Port Harcourt,2026-07-14 09:43:00.828681,0,none
TXN-009605,CUST-00359,6809261,MERCH-0018,Benin City,2026-08-08 11:29:00.063518,0,none
TXN-008765,CUST-00470,1989712,MERCH-0023,Benin City,2026-08-18 09:24:00.123965,0,none
TXN-009579,CUST-00157,1567539,MERCH-0075,Abuja,2026-07-26 20:29:00.789072,0,none
TXN-005835,CUST-00454,2501628,MERCH-0001,Abuja,2026-07-20 17:24:00.505181,0,none
TXN-008234,CUST-00227,4834832,MERCH-0087,Kano,2026-07-16 10:10:00.432521,0,none
TXN-009272,CUST-00185,7489727,MERCH-0092,Kaduna,2026-09-20 07:55:00.131531,0,none
TXN-009608,CUST-00339,378994,MERCH-0028,Abuja,2026-09-15 12:26:00.954061,0,none
TXN-004614,CUST-00306,4866794,MERCH-0001,Ibadan,2026-08-22 19:05:00.274021,0,none
TXN-004065,CUST-00154,5885489,MERCH-0029,Enugu,2026-09-26 09:50:00.567858,0,none
TXN-008369,CUST-00241,597990,MERCH-0035,Ibadan,2026-09-23 08:52:00.729168,0,none
TXN-003695,CUST-00466,1120168,MERCH-0019,Lagos,2026-09-30 16:22:00.859506,0,none
TXN-004973,CUST-00178,3578368,MERCH-0003,Kaduna,2026-07-15 16:51:00.390458,0,none
TXN-008994,CUST-00348,1128844,MERCH-0002,Abuja,2026-08-18 12:43:00.668104,0,none
TXN-006664,CUST-00355,578677,MERCH-0068,Benin City,2026-09-15 15:55:00.382056,0,none
TXN-009548,CUST-00099,3862928,MERCH-0083,Lagos,2026-08-15 12:37:00.271073,0,none
TXN-002214,CUST-00049,4424639,MERCH-0049,Port Harcourt,2026-07-10 17:44:00.601308,0,none
TXN-000834,CUST-00034,989327,MERCH-0017,Abuja,2026-08-09 14:59:00.826566,0,none
TXN-007020,CUST-00321,2958573,MERCH-0035,Benin City,2026-07-21 21:59:00.543463,0,none
TXN-008291,CUST-00029,3427196,MERCH-0025,Kaduna,2026-08-22 12:17:00.306875,0,none
TXN-008024,CUST-00497,1660084,MERCH-0076,Kaduna,2026-09-07 18:44:00.909564,0,none
TXN-BURST-TXN-000693-2,CUST-00463,3975598,MERCH-0038,Port Harcourt,2026-07-15 17:02:30.816442,1,velocity_burst
TXN-005442,CUST-00246,2261826,MERCH-0092,Kano,2026-08-20 21:57:00.874549,0,none
TXN-003633,CUST-00101,1757555,MERCH-0099,Enugu,2026-07-20 21:14:00.966736,0,none
TXN-003498,CUST-00008,4854252,MERCH-0046,Port Harcourt,2026-09-14 15:16:00.519374,0,none
TXN-003405,CUST-00440,3159605,MERCH-0001,Kaduna,2026-07-28 17:04:00.939213,0,none
TXN-004686,CUST-00310,2304522,MERCH-0024,Abuja,2026-09-11 23:35:00.655912,1,off_hours
TXN-004405,CUST-00452,2631267,MERCH-0074,Ibadan,2026-10-02 14:06:00.257615,0,none
TXN-002743,CUST-00080,1895031,MERCH-0047,Port Harcourt,2026-09-25 10:04:00.846951,0,none
TXN-009371,CUST-00457,2441016,MERCH-0006,Lagos,2026-08-12 19:47:00.131443,0,none
TXN-005307,CUST-00232,758749,MERCH-0032,Port Harcourt,2026-07-12 13:12:00.123676,0,none
TXN-007744,CUST-00259,4391915,MERCH-0024,Enugu,2026-09-07 19:26:00.170003,0,none
TXN-002733,CUST-00445,2197303,MERCH-0084,Kano,2026-07-17 21:19:00.708050,0,none
TXN-001198,CUST-00144,3113531,MERCH-0048,Enugu,2026-08-04 13:44:00.042068,0,none
TXN-005479,CUST-00089,1494309,MERCH-0037,Kano,2026-08-03 08:16:00.219808,0,none
TXN-006616,CUST-00476,230459,MERCH-0083,Lagos,2026-09-09 10:43:00.499018,0,none
TXN-006850,CUST-00294,4102446,MERCH-0047,Ibadan,2026-08-10 19:36:00.771355,0,none
TXN-001430,CUST-00016,5729192,MERCH-0081,Port Harcourt,2026-08-29 12:51:00.999708,0,none
TXN-007206,CUST-00384,1675606,MERCH-0027,Kano,2026-08-19 21:40:00.679864,0,none
TXN-006904,CUST-00061,4059955,MERCH-0049,Enugu,2026-09-21 14:24:00.645097,0,none
TXN-001154,CUST-00074,5357995,MERCH-0028,Kaduna,2026-09-22 17:47:00.293320,0,none
TXN-007945,CUST-00288,2382766,MERCH-0093,Lagos,2026-08-02 21:07:00.845738,0,none
TXN-004554,CUST-00332,1102289,MERCH-0022,Kano,2026-09-05 16:21:00.548258,0,none
TXN-004711,CUST-00048,4208241,MERCH-0041,Ibadan,2026-09-13 15:24:00.739443,0,none
TXN-003124,CUST-00070,1204634,MERCH-0073,Ibadan,2026-08-29 22:02:00.298712,0,none
TXN-003938,CUST-00499,2994145,MERCH-0018,Lagos,2026-09-28 13:09:00.211262,0,none
TXN-000965,CUST-00346,1846877,MERCH-0059,Abuja,2026-07-25 18:41:00.645640,0,none
TXN-005021,CUST-00247,4070900,MERCH-0066,Abuja,2026-08-01 14:05:00.342477,0,none
TXN-009238,CUST-00328,3517967,MERCH-0013,Enugu,2026-09-26 09:59:00.994319,0,none
TXN-005171,CUST-00099,3350793,MERCH-0016,Lagos,2026-08-31 19:50:00.100049,0,none
TXN-003884,CUST-00043,4661352,MERCH-0059,Abuja,2026-07-25 10:01:00.418049,0,none
TXN-001484,CUST-00059,1247416,MERCH-0050,Benin City,2026-07-30 07:36:00.709021,0,none
TXN-003127,CUST-00068,2335476,MERCH-0014,Port Harcourt,2026-09-24 10:51:00.699236,0,none
TXN-005265,CUST-00105,1430151,MERCH-0057,Lagos,2026-08-09 20:31:00.355138,0,none
TXN-005166,CUST-00441,4727208,MERCH-0093,Abuja,2026-07-27 11:02:00.834345,0,none
TXN-001427,CUST-00220,4863135,MERCH-0078,Benin City,2026-09-08 17:10:00.831479,0,none
TXN-009892,CUST-00413,441936,MERCH-0074,Port Harcourt,2026-10-03 17:19:00.564909,0,none
TXN-002179,CUST-00009,2521883,MERCH-0035,Abuja,2026-07-15 18:34:00.489109,0,none
TXN-006061,CUST-00491,3299003,MERCH-0058,Abuja,2026-10-04 18:33:00.765861,0,none
TXN-006024,CUST-00494,3822862,MERCH-0071,Kaduna,2026-07-26 11:45:00.970354,0,none
TXN-001058,CUST-00377,604191,MERCH-0079,Ibadan,2026-08-03 20:28:00.689875,0,none
TXN-007946,CUST-00268,2643077,MERCH-0033,Ibadan,2026-07-12 14:22:00.274878,0,none
TXN-009425,CUST-00399,838621,MERCH-0025,Kano,2026-08-21 18:41:00.548749,0,none
TXN-003246,CUST-00103,4700026,MERCH-0050,Benin City,2026-09-13 11:07:00.299266,0,none
TXN-008290,CUST-00002,3633403,MERCH-0030,Abuja,2026-08-20 16:10:00.343105,0,none
TXN-004759,CUST-00014,2376375,MERCH-0055,Lagos,2026-08-04 08:28:00.283789,0,none
TXN-008327,CUST-00452,4427100,MERCH-0059,Ibadan,2026-09-13 17:58:00.954366,0,none
TXN-001545,CUST-00496,3066904,MERCH-0070,Lagos,2026-09-18 12:19:00.277538,0,none
TXN-008639,CUST-00134,3730917,MERCH-0065,Benin City,2026-08-19 15:25:00.337436,0,none
TXN-006791,CUST-00170,2924037,MERCH-0022,Kano,2026-07-09 07:00:00.597850,0,none
TXN-007751,CUST-00035,3841541,MERCH-0086,Kano,2026-09-23 13:42:00.485384,0,none
TXN-005466,CUST-00368,5362634,MERCH-0046,Enugu,2026-08-11 14:17:00.574026,0,none
TXN-000725,CUST-00051,3720205,MERCH-0028,Enugu,2026-09-28 10:54:00.943502,0,none
TXN-007481,CUST-00407,1564111,MERCH-0083,Ibadan,2026-09-22 17:51:00.642577,0,none
TXN-005929,CUST-00138,1252286,MERCH-0086,Benin City,2026-08-16 11:49:00.953233,0,none
TXN-001128,CUST-00024,1199274,MERCH-0087,Abuja,2026-08-02 13:42:00.554009,1,velocity_burst
TXN-003449,CUST-00047,3059534,MERCH-0091,Abuja,2026-09-19 14:00:00.861415,0,none
TXN-005574,CUST-00398,4672340,MERCH-0087,Ibadan,2026-09-19 14:47:00.680340,0,none
TXN-007383,CUST-00113,1570454,MERCH-0082,Kano,2026-08-21 12:22:00.983528,0,none
TXN-003488,CUST-00124,3544995,MERCH-0096,Kaduna,2026-09-28 12:26:00.581329,0,none
TXN-004004,CUST-00256,3162939,MERCH-0087,Kano,2026-07-10 15:57:00.043845,0,none
TXN-006649,CUST-00233,1096091,MERCH-0013,Ibadan,2026-08-09 10:25:00.941693,0,none
TXN-005701,CUST-00277,3808169,MERCH-0068,Kaduna,2026-09-02 15:02:00.183341,0,none
TXN-001562,CUST-00337,3802912,MERCH-0002,Kaduna,2026-09-23 13:02:00.693937,0,none
TXN-007309,CUST-00345,1316592,MERCH-0055,Benin City,2026-07-30 16:24:00.398662,0,none
TXN-008545,CUST-00163,2482737,MERCH-0079,Lagos,2026-07-13 18:15:00.627375,0,none
TXN-002499,CUST-00050,3588170,MERCH-0039,Kano,2026-09-18 09:18:00.625726,0,none
TXN-006122,CUST-00006,5349958,MERCH-0074,Abuja,2026-07-14 18:46:00.681148,0,none
TXN-009142,CUST-00349,3652073,MERCH-0005,Kaduna,2026-09-22 10:21:00.290531,0,none
TXN-003119,CUST-00380,1603897,MERCH-0094,Enugu,2026-09-25 19:37:00.492861,0,none
TXN-005968,CUST-00278,6193303,MERCH-0088,Ibadan,2026-08-25 16:48:00.394894,0,none
TXN-006952,CUST-00107,2185816,MERCH-0081,Abuja,2026-07-24 12:26:00.012940,0,none
TXN-006093,CUST-00249,3805116,MERCH-0061,Lagos,2026-08-27 14:32:00.976049,0,none
TXN-008236,CUST-00414,2455986,MERCH-0099,Ibadan,2026-07-08 11:41:00.161619,0,none
TXN-009970,CUST-00060,1610104,MERCH-0060,Ibadan,2026-08-05 21:51:00.227309,0,none
TXN-006692,CUST-00003,2814743,MERCH-0036,Lagos,2026-09-10 15:31:00.236468,0,none
TXN-009872,CUST-00313,6668229,MERCH-0073,Kaduna,2026-09-11 12:20:00.075691,0,none
TXN-008585,CUST-00041,49270933,MERCH-0080,Ibadan,2026-09-04 19:55:00.531398,1,amount_anomaly
TXN-005913,CUST-00464,1919212,MERCH-0089,Benin City,2026-09-30 10:33:00.431005,0,none
TXN-008120,CUST-00137,884594,MERCH-0013,Kaduna,2026-08-02 10:13:00.826681,0,none
TXN-001393,CUST-00296,1091396,MERCH-0077,Kano,2026-08-22 18:11:00.345245,0,none
TXN-000753,CUST-00382,2174378,MERCH-0073,Port Harcourt,2026-07-08 12:19:00.241275,0,none
TXN-005240,CUST-00049,3794820,MERCH-0038,Port Harcourt,2026-09-02 09:36:00.822322,0,none
TXN-003380,CUST-00327,1813115,MERCH-0022,Port Harcourt,2026-07-12 09:09:00.361916,0,none
TXN-004203,CUST-00011,3088348,MERCH-0064,Abuja,2026-07-27 14:47:00.013101,0,none
TXN-009511,CUST-00302,3557113,MERCH-0045,Benin City,2026-09-23 10:24:00.813565,0,none
TXN-000018,CUST-00217,617353,MERCH-0079,Port Harcourt,2026-09-05 12:33:00.502319,0,none
TXN-001771,CUST-00288,3807873,MERCH-0072,Lagos,2026-09-22 18:15:00.786248,0,none
TXN-001889,CUST-00160,565054,MERCH-0083,Lagos,2026-07-31 12:26:00.248843,0,none
TXN-001643,CUST-00294,2914538,MERCH-0073,Ibadan,2026-07-28 11:24:00.200247,1,velocity_burst
TXN-002317,CUST-00078,5375485,MERCH-0030,Benin City,2026-10-05 13:39:00.061473,0,none
TXN-000133,CUST-00202,3971189,MERCH-0082,Abuja,2026-08-09 17:43:00.340032,0,none
TXN-009454,CUST-00410,2143603,MERCH-0047,Ibadan,2026-08-27 10:17:00.185370,0,none
TXN-005112,CUST-00018,4528413,MERCH-0031,Abuja,2026-07-31 11:14:00.891575,0,none
TXN-007081,CUST-00311,2248056,MERCH-0058,Kaduna,2026-08-26 13:32:00.075351,0,none
TXN-008314,CUST-00484,1113831,MERCH-0039,Lagos,2026-09-25 09:51:00.008143,0,none
TXN-001096,CUST-00348,602741,MERCH-0032,Abuja,2026-08-14 15:48:00.878929,0,none
TXN-007465,CUST-00452,3370847,MERCH-0059,Ibadan,2026-09-22 09:34:00.313254,0,none
TXN-004268,CUST-00158,3846592,MERCH-0081,Benin City,2026-07-18 13:56:00.851674,0,none
TXN-000528,CUST-00348,2664504,MERCH-0002,Abuja,2026-08-26 12:24:00.192519,0,none
TXN-006568,CUST-00328,2748985,MERCH-0062,Enugu,2026-08-04 11:41:00.598356,0,none
TXN-002003,CUST-00227,5106300,MERCH-0088,Kano,2026-09-02 19:13:00.581742,0,none
TXN-007464,CUST-00222,3875691,MERCH-0075,Port Harcourt,2026-09-24 09:47:00.799885,0,none
TXN-000169,CUST-00465,3829782,MERCH-0019,Kaduna,2026-09-10 11:05:00.706543,0,none
TXN-006370,CUST-00233,1622577,MERCH-0013,Ibadan,2026-09-28 06:14:00.151071,0,none
TXN-001920,CUST-00224,1945360,MERCH-0025,Enugu,2026-07-28 18:44:00.013916,0,none
TXN-000702,CUST-00254,2769502,MERCH-0058,Lagos,2026-10-02 17:22:00.476916,0,none
TXN-004914,CUST-00455,2854816,MERCH-0043,Ibadan,2026-09-14 12:51:00.920283,0,none
TXN-008286,CUST-00123,410131,MERCH-0018,Kano,2026-08-07 07:35:00.204849,0,none
TXN-008404,CUST-00082,3468329,MERCH-0015,Lagos,2026-09-10 10:02:00.435080,0,none
TXN-006501,CUST-00066,780546,MERCH-0009,Lagos,2026-10-03 08:13:00.484948,0,none
TXN-007144,CUST-00266,3420854,MERCH-0053,Kaduna,2026-07-20 13:50:00.351321,0,none
TXN-005390,CUST-00046,386120,MERCH-0078,Port Harcourt,2026-08-10 08:48:00.799550,0,none
TXN-000773,CUST-00179,5334541,MERCH-0007,Kano,2026-09-20 18:19:00.345593,0,none
TXN-001299,CUST-00385,3721887,MERCH-0022,Abuja,2026-09-01 14:43:00.348863,0,none
TXN-006212,CUST-00358,986525,MERCH-0090,Enugu,2026-09-28 14:14:00.847203,0,none
TXN-001353,CUST-00109,6334719,MERCH-0008,Abuja,2026-08-29 13:17:00.646347,0,none
TXN-008249,CUST-00477,3003919,MERCH-0004,Lagos,2026-08-08 09:07:00.897465,0,none
TXN-007964,CUST-00354,2056035,MERCH-0053,Kaduna,2026-09-06 10:19:00.919062,0,none
TXN-001288,CUST-00074,2123689,MERCH-0046,Kaduna,2026-08-04 14:15:00.741880,0,none
TXN-009067,CUST-00154,2920537,MERCH-0029,Enugu,2026-08-01 17:28:00.649993,0,none
TXN-008086,CUST-00146,3349926,MERCH-0097,Kaduna,2026-09-18 19:17:00.828956,0,none
TXN-003315,CUST-00274,1318520,MERCH-0035,Ibadan,2026-09-25 19:02:00.432467,0,none
TXN-004368,CUST-00480,1281918,MERCH-0088,Enugu,2026-07-27 14:11:00.353436,0,none
TXN-002014,CUST-00034,866706,MERCH-0037,Abuja,2026-09-06 16:43:00.912305,0,none
TXN-005946,CUST-00214,2672234,MERCH-0007,Kaduna,2026-07-23 18:15:00.920011,0,none
TXN-006805,CUST-00235,4117552,MERCH-0054,Benin City,2026-09-13 13:10:00.509095,0,none
TXN-008351,CUST-00245,2979558,MERCH-0015,Abuja,2026-07-29 15:28:00.599735,0,none
TXN-004000,CUST-00447,2911954,MERCH-0094,Kaduna,2026-07-23 12:20:00.721067,0,none
TXN-003313,CUST-00125,3245284,MERCH-0031,Enugu,2026-07-24 06:32:00.076851,0,none
TXN-002148,CUST-00300,3408067,MERCH-0087,Ibadan,2026-09-06 19:44:00.072569,0,none
TXN-007548,CUST-00215,2517997,MERCH-0018,Kaduna,2026-08-03 17:52:00.359349,0,none
TXN-007230,CUST-00125,4006761,MERCH-0047,Enugu,2026-07-12 18:37:00.423959,0,none
TXN-004206,CUST-00061,3838711,MERCH-0046,Enugu,2026-07-16 10:01:00.194188,0,none
TXN-000450,CUST-00202,3433149,MERCH-0100,Abuja,2026-07-14 16:20:00.249104,0,none
TXN-008372,CUST-00384,982643,MERCH-0032,Kano,2026-08-30 13:46:00.377256,0,none
TXN-005454,CUST-00275,4738415,MERCH-0039,Enugu,2026-08-15 12:20:00.888469,0,none
TXN-007066,CUST-00221,1794934,MERCH-0039,Benin City,2026-08-04 21:52:00.546988,0,none
TXN-000811,CUST-00036,1473406,MERCH-0096,Abuja,2026-09-30 10:46:00.194870,0,none
TXN-003072,CUST-00001,723370,MERCH-0087,Abuja,2026-09-16 18:11:00.183248,0,none
TXN-007012,CUST-00279,1115363,MERCH-0097,Lagos,2026-07-10 10:41:00.233102,0,none
TXN-007802,CUST-00130,2759854,MERCH-0061,Kano,2026-09-26 11:47:00.612031,0,none
TXN-004635,CUST-00066,1228183,MERCH-0100,Lagos,2026-07-13 15:59:00.191011,0,none
TXN-009069,CUST-00324,1920707,MERCH-0037,Enugu,2026-08-11 13:50:00.880356,0,none
TXN-007787,CUST-00203,1656125,MERCH-0067,Kano,2026-08-19 10:12:00.314197,0,none
TXN-007119,CUST-00471,4096401,MERCH-0021,Abuja,2026-09-19 08:09:00.959548,0,none
TXN-006640,CUST-00355,757392,MERCH-0049,Benin City,2026-09-11 18:27:00.259983,0,none
TXN-001478,CUST-00109,7105205,MERCH-0006,Abuja,2026-09-11 13:32:00.214965,1,velocity_burst
TXN-001791,CUST-00367,1558649,MERCH-0074,Benin City,2026-07-17 11:09:00.609337,0,none
TXN-004030,CUST-00119,5432872,MERCH-0097,Port Harcourt,2026-09-13 06:14:00.970822,0,none
TXN-002009,CUST-00253,2300648,MERCH-0054,Kano,2026-09-01 15:18:00.939942,0,none
TXN-000683,CUST-00060,1492347,MERCH-0008,Ibadan,2026-09-15 20:25:00.769751,0,none
TXN-006226,CUST-00214,2383783,MERCH-0077,Kaduna,2026-08-26 22:50:00.647285,0,none
TXN-004505,CUST-00481,4536456,MERCH-0007,Lagos,2026-08-19 12:57:00.729700,0,none
TXN-002479,CUST-00178,4341623,MERCH-0028,Kaduna,2026-09-15 17:43:00.522500,0,none
TXN-000058,CUST-00255,2262857,MERCH-0100,Lagos,2026-08-04 10:39:00.885329,0,none
TXN-008661,CUST-00334,1292381,MERCH-0055,Kano,2026-10-02 13:06:00.085465,0,none
TXN-004464,CUST-00253,595835,MERCH-0085,Kano,2026-07-08 13:31:00.518791,0,none
TXN-002904,CUST-00088,3036950,MERCH-0029,Abuja,2026-08-24 14:19:00.278625,0,none
TXN-004346,CUST-00150,6067613,MERCH-0095,Ibadan,2026-09-29 15:49:00.375817,0,none
TXN-BURST-TXN-006512-0,CUST-00466,1552779,MERCH-0033,Lagos,2026-07-09 08:01:30.141685,1,velocity_burst
TXN-000047,CUST-00388,877832,MERCH-0021,Port Harcourt,2026-09-03 06:44:00.406132,0,none
TXN-000031,CUST-00459,1826435,MERCH-0087,Benin City,2026-09-07 10:49:00.772421,0,none
TXN-004538,CUST-00415,370199,MERCH-0049,Kano,2026-07-26 08:23:00.940112,0,none
TXN-005019,CUST-00124,3998318,MERCH-0020,Kaduna,2026-07-31 14:24:00.423015,0,none
TXN-001469,CUST-00440,1615403,MERCH-0012,Kaduna,2026-09-28 19:09:00.832051,0,none
TXN-001666,CUST-00189,863468,MERCH-0078,Port Harcourt,2026-10-05 13:59:00.145965,0,none
TXN-001417,CUST-00111,2117117,MERCH-0080,Kano,2026-08-13 07:20:00.353306,0,none
TXN-002749,CUST-00084,1654938,MERCH-0058,Ibadan,2026-09-11 21:34:00.272366,0,none
TXN-002359,CUST-00499,2638957,MERCH-0073,Lagos,2026-07-28 19:12:00.029407,0,none
TXN-005203,CUST-00026,1499823,MERCH-0032,Kaduna,2026-09-28 17:38:00.337761,0,none
TXN-009958,CUST-00319,4760651,MERCH-0038,Benin City,2026-09-23 18:03:00.068840,0,none
TXN-009945,CUST-00215,3766174,MERCH-0018,Kaduna,2026-07-26 13:54:00.389115,0,none
TXN-004113,CUST-00060,635585,MERCH-0027,Ibadan,2026-07-17 14:50:00.774556,0,none
TXN-000430,CUST-00272,3619923,MERCH-0036,Kaduna,2026-07-14 14:28:00.769495,0,none
TXN-005704,CUST-00261,48207636,MERCH-0011,Enugu,2026-07-17 14:55:00.174253,1,amount_anomaly
TXN-002453,CUST-00472,336987,MERCH-0007,Port Harcourt,2026-08-07 20:42:00.089751,0,none
TXN-000386,CUST-00017,707723,MERCH-0063,Ibadan,2026-09-06 17:03:00.573054,0,none
TXN-001946,CUST-00207,3035998,MERCH-0081,Port Harcourt,2026-07-30 17:18:00.704612,0,none
TXN-004550,CUST-00455,6649359,MERCH-0029,Ibadan,2026-08-15 16:59:00.059759,0,none
TXN-005658,CUST-00428,2168632,MERCH-0098,Ibadan,2026-09-21 13:30:00.144865,0,none
TXN-000474,CUST-00298,3482482,MERCH-0079,Abuja,2026-08-11 10:20:00.928990,0,none
TXN-008476,CUST-00311,1995682,MERCH-0037,Kaduna,2026-09-06 19:52:00.470152,0,none
TXN-002603,CUST-00181,2390742,MERCH-0074,Kano,2026-07-17 12:24:00.728278,0,none
TXN-003838,CUST-00277,4319040,MERCH-0006,Kaduna,2026-09-30 15:04:00.940001,0,none
TXN-007079,CUST-00386,2891875,MERCH-0084,Kaduna,2026-09-21 12:15:00.652996,0,none
TXN-007546,CUST-00190,1068590,MERCH-0055,Abuja,2026-08-09 16:18:00.853595,0,none
TXN-001056,CUST-00339,471093,MERCH-0034,Abuja,2026-08-10 10:40:00.786813,0,none
TXN-002282,CUST-00271,606210,MERCH-0080,Kano,2026-09-01 12:09:00.817919,0,none
TXN-004082,CUST-00437,1959120,MERCH-0080,Kano,2026-07-14 13:19:00.922120,0,none
TXN-003209,CUST-00009,2351869,MERCH-0035,Abuja,2026-07-12 15:46:00.032742,0,none
TXN-002841,CUST-00046,643210,MERCH-0078,Port Harcourt,2026-09-20 14:00:00.534050,0,none
TXN-BURST-TXN-006671-2,CUST-00047,5783293,MERCH-0006,Abuja,2026-09-16 10:44:30.342043,1,velocity_burst
TXN-006310,CUST-00401,3899497,MERCH-0090,Enugu,2026-08-16 21:26:00.833598,0,none
TXN-000812,CUST-00285,4845410,MERCH-0001,Kano,2026-09-27 14:13:00.418220,0,none
TXN-004937,CUST-00435,2788950,MERCH-0014,Lagos,2026-08-28 22:02:00.099997,0,none
TXN-006577,CUST-00283,3155147,MERCH-0088,Kaduna,2026-09-08 21:13:00.646640,0,none
TXN-005260,CUST-00045,5379558,MERCH-0075,Enugu,2026-08-26 18:20:00.528682,0,none
TXN-004853,CUST-00351,1242043,MERCH-0052,Abuja,2026-08-31 13:42:00.949761,0,none
TXN-009266,CUST-00206,3871964,MERCH-0006,Kano,2026-08-15 15:38:00.895304,0,none
TXN-000112,CUST-00373,4041171,MERCH-0021,Kaduna,2026-08-17 09:47:00.121440,0,none
TXN-009232,CUST-00466,565871,MERCH-0037,Lagos,2026-07-23 12:31:00.164051,0,none
TXN-002692,CUST-00137,1245141,MERCH-0096,Kaduna,2026-07-27 10:39:00.837622,0,none
TXN-001746,CUST-00310,1797243,MERCH-0074,Abuja,2026-08-03 08:46:00.129181,0,none
TXN-009217,CUST-00207,1823891,MERCH-0083,Port Harcourt,2026-09-07 19:56:00.398831,0,none
TXN-001453,CUST-00116,2291733,MERCH-0018,Ibadan,2026-07-31 18:00:00.619588,0,none
TXN-002150,CUST-00124,1856355,MERCH-0063,Kaduna,2026-09-05 20:31:00.220132,0,none
TXN-000320,CUST-00480,1540295,MERCH-0100,Enugu,2026-10-04 21:59:00.236644,0,none
TXN-009927,CUST-00346,3487796,MERCH-0047,Abuja,2026-09-29 11:41:00.259116,0,none
TXN-005803,CUST-00281,1739569,MERCH-0030,Kano,2026-08-18 13:47:00.576339,0,none
TXN-001923,CUST-00140,5473399,MERCH-0098,Kano,2026-09-21 17:08:00.797024,0,none
TXN-006329,CUST-00029,3345756,MERCH-0092,Kaduna,2026-10-04 11:14:00.021876,0,none
TXN-008130,CUST-00031,1128358,MERCH-0077,Kano,2026-07-19 13:40:00.006794,0,none
TXN-003853,CUST-00274,2013857,MERCH-0048,Ibadan,2026-09-23 21:47:00.271601,0,none
TXN-004609,CUST-00112,3558142,MERCH-0002,Ibadan,2026-09-02 18:16:00.160699,0,none
TXN-004563,CUST-00234,763208,MERCH-0097,Kano,2026-08-10 16:48:00.218964,0,none
TXN-002130,CUST-00052,3355771,MERCH-0097,Abuja,2026-08-19 20:40:00.721917,0,none
TXN-006983,CUST-00345,1395525,MERCH-0035,Benin City,2026-09-29 12:34:00.093016,0,none
TXN-008576,CUST-00459,698938,MERCH-0076,Benin City,2026-09-30 12:49:00.751256,0,none
TXN-006757,CUST-00302,4242982,MERCH-0045,Benin City,2026-09-15 10:34:00.158955,0,none
TXN-003033,CUST-00008,5231298,MERCH-0035,Port Harcourt,2026-09-17 17:34:00.082510,0,none
TXN-008052,CUST-00343,1117025,MERCH-0079,Ibadan,2026-08-10 15:22:00.003903,0,none
TXN-006956,CUST-00492,2406242,MERCH-0001,Port Harcourt,2026-08-11 10:43:00.918170,0,none
TXN-008595,CUST-00194,2380646,MERCH-0074,Kaduna,2026-09-26 17:55:00.057852,0,none
TXN-001053,CUST-00372,969558,MERCH-0004,Kano,2026-07-30 17:07:00.912418,0,none
TXN-004478,CUST-00446,1313038,MERCH-0076,Kano,2026-08-29 07:48:00.087212,0,none
TXN-005191,CUST-00453,914151,MERCH-0064,Kaduna,2026-08-25 10:41:00.530584,0,none
TXN-000100,CUST-00202,4020890,MERCH-0100,Abuja,2026-09-09 11:21:00.926010,0,none
TXN-006916,CUST-00255,3603402,MERCH-0070,Lagos,2026-08-02 13:33:00.687087,0,none
TXN-001457,CUST-00416,2880629,MERCH-0087,Benin City,2026-09-27 17:29:00.142472,0,none
TXN-000362,CUST-00451,1167300,MERCH-0065,Kano,2026-09-09 10:00:00.752692,0,none
TXN-000813,CUST-00313,1809872,MERCH-0004,Kaduna,2026-08-25 19:16:00.027812,0,none
TXN-001093,CUST-00377,1046370,MERCH-0043,Ibadan,2026-09-27 17:46:00.892075,0,none
TXN-006957,CUST-00456,2130877,MERCH-0098,Kaduna,2026-09-16 09:31:00.711185,0,none
TXN-008401,CUST-00333,3103960,MERCH-0028,Kaduna,2026-07-22 07:42:00.502478,0,none
TXN-004251,CUST-00325,3782155,MERCH-0013,Kano,2026-09-05 09:39:00.848567,0,none
TXN-008561,CUST-00255,2248240,MERCH-0100,Lagos,2026-09-27 13:52:00.956159,0,none
TXN-007205,CUST-00360,1598322,MERCH-0069,Abuja,2026-10-02 08:12:00.645179,0,none
TXN-006978,CUST-00011,2236111,MERCH-0083,Abuja,2026-09-01 10:51:00.767292,0,none
TXN-008397,CUST-00365,1766252,MERCH-0088,Ibadan,2026-08-04 19:56:00.946980,0,none
TXN-001415,CUST-00131,5650371,MERCH-0065,Benin City,2026-07-17 18:01:00.620119,0,none
TXN-000541,CUST-00135,466843,MERCH-0059,Abuja,2026-09-15 21:18:00.500222,0,none
TXN-006278,CUST-00435,2713765,MERCH-0007,Lagos,2026-07-13 19:13:00.117302,0,none
TXN-007961,CUST-00462,2805367,MERCH-0053,Ibadan,2026-07-25 19:25:00.845447,0,none
TXN-001147,CUST-00064,1995308,MERCH-0049,Enugu,2026-09-17 18:52:00.211998,0,none
TXN-003062,CUST-00321,1765491,MERCH-0054,Benin City,2026-08-25 21:48:00.211501,0,none
TXN-000755,CUST-00267,629008,MERCH-0020,Kano,2026-07-29 17:12:00.112442,0,none
TXN-005425,CUST-00172,4599410,MERCH-0087,Ibadan,2026-07-29 15:56:00.288556,0,none
TXN-009540,CUST-00404,952043,MERCH-0052,Kaduna,2026-10-02 09:49:00.821756,0,none
TXN-004882,CUST-00425,6056486,MERCH-0026,Enugu,2026-09-22 20:35:00.173904,0,none
TXN-009861,CUST-00292,3278634,MERCH-0018,Enugu,2026-10-04 11:07:00.564557,0,none
TXN-003636,CUST-00069,3834992,MERCH-0076,Lagos,2026-09-02 11:05:00.301955,0,none
TXN-003188,CUST-00179,4227340,MERCH-0031,Port Harcourt,2026-09-11 10:19:00.479709,1,geo_anomaly
TXN-004300,CUST-00173,3381599,MERCH-0033,Port Harcourt,2026-08-07 12:45:00.031026,0,none
TXN-003255,CUST-00426,5426936,MERCH-0041,Benin City,2026-08-22 10:03:00.286515,0,none
TXN-008296,CUST-00094,1576224,MERCH-0052,Abuja,2026-09-15 11:23:00.356828,0,none
TXN-008913,CUST-00487,1586079,MERCH-0027,Kano,2026-08-08 14:27:00.431883,0,none
TXN-008787,CUST-00295,855876,MERCH-0009,Kano,2026-08-11 10:51:00.573721,0,none
TXN-005825,CUST-00259,3855897,MERCH-0049,Enugu,2026-08-26 09:34:00.513065,0,none
TXN-002931,CUST-00209,4331389,MERCH-0044,Kaduna,2026-08-16 09:58:00.853884,0,none
TXN-007067,CUST-00316,684758,MERCH-0084,Benin City,2026-07-23 10:58:00.689636,0,none
TXN-BURST-TXN-002634-2,CUST-00296,2524960,MERCH-0077,Kano,2026-09-18 19:17:30.394141,1,velocity_burst
TXN-000602,CUST-00260,2350981,MERCH-0060,Kaduna,2026-09-07 12:26:00.616643,0,none
TXN-009220,CUST-00096,5034371,MERCH-0067,Lagos,2026-08-29 12:04:00.010451,0,none
TXN-009242,CUST-00034,872746,MERCH-0034,Abuja,2026-08-06 18:18:00.456191,0,none
TXN-009728,CUST-00105,1752049,MERCH-0059,Lagos,2026-08-24 13:39:00.074626,0,none
TXN-008927,CUST-00130,1932616,MERCH-0054,Kano,2026-09-14 08:06:00.566656,0,none
TXN-008275,CUST-00317,4107612,MERCH-0012,Ibadan,2026-08-14 14:33:00.764025,0,none
TXN-005358,CUST-00035,3086769,MERCH-0039,Kano,2026-08-20 15:34:00.998934,0,none
TXN-005939,CUST-00291,1383049,MERCH-0043,Kaduna,2026-09-25 09:05:00.235234,0,none
TXN-001045,CUST-00390,1973915,MERCH-0027,Enugu,2026-07-27 16:37:00.462737,0,none
TXN-008218,CUST-00320,1419821,MERCH-0017,Abuja,2026-07-18 17:00:00.309845,0,none
TXN-001558,CUST-00342,5406658,MERCH-0094,Benin City,2026-10-05 16:24:00.691885,0,none
TXN-004217,CUST-00044,1933938,MERCH-0045,Ibadan,2026-09-24 16:23:00.792400,0,none
TXN-001488,CUST-00088,3808301,MERCH-0070,Abuja,2026-07-19 13:40:00.872190,0,none
TXN-006581,CUST-00491,1529842,MERCH-0063,Abuja,2026-08-05 15:42:00.990774,0,none
TXN-000181,CUST-00308,7980900,MERCH-0076,Kaduna,2026-08-05 17:40:00.986140,0,none
TXN-004588,CUST-00139,908783,MERCH-0014,Enugu,2026-09-08 18:07:00.252364,0,none
TXN-002116,CUST-00394,1086593,MERCH-0083,Kaduna,2026-07-17 13:21:00.220706,0,none
TXN-001700,CUST-00433,4585716,MERCH-0022,Benin City,2026-08-07 11:20:00.013494,0,none
TXN-001380,CUST-00478,4179458,MERCH-0025,Benin City,2026-07-29 11:31:00.508561,0,none
TXN-004024,CUST-00242,515190,MERCH-0016,Port Harcourt,2026-08-10 20:23:00.436066,0,none
TXN-006430,CUST-00384,1289545,MERCH-0034,Kano,2026-08-05 09:52:00.749166,0,none
TXN-009372,CUST-00336,1709736,MERCH-0025,Port Harcourt,2026-08-23 16:32:00.606741,0,none
TXN-006516,CUST-00336,1381814,MERCH-0025,Port Harcourt,2026-07-16 17:26:00.702552,0,none
TXN-000619,CUST-00417,589471,MERCH-0037,Abuja,2026-07-16 16:08:00.881848,1,velocity_burst
TXN-005130,CUST-00429,5044424,MERCH-0094,Enugu,2026-09-19 10:13:00.948056,0,none
TXN-BURST-TXN-004822-0,CUST-00405,3175714,MERCH-0096,Lagos,2026-09-29 12:38:30.039639,1,velocity_burst
TXN-001601,CUST-00017,1563688,MERCH-0001,Benin City,2026-08-23 08:08:00.012887,1,geo_anomaly
TXN-006432,CUST-00133,1275698,MERCH-0075,Kaduna,2026-07-11 10:49:00.727282,0,none
TXN-001616,CUST-00117,2754699,MERCH-0012,Lagos,2026-08-13 17:36:00.664155,0,none
TXN-006385,CUST-00307,1191471,MERCH-0034,Abuja,2026-10-01 18:37:00.261701,0,none
TXN-000439,CUST-00076,1859744,MERCH-0012,Kaduna,2026-09-30 17:19:00.305615,0,none
TXN-004303,CUST-00071,3877198,MERCH-0044,Enugu,2026-09-02 13:29:00.844594,0,none
TXN-002084,CUST-00415,1227150,MERCH-0083,Kano,2026-08-27 14:01:00.542619,0,none
TXN-003528,CUST-00352,3105982,MERCH-0071,Kaduna,2026-09-06 10:21:00.763528,0,none
TXN-004919,CUST-00034,1040917,MERCH-0009,Abuja,2026-07-07 19:03:00.354069,0,none
TXN-BURST-TXN-003845-1,CUST-00398,6954742,MERCH-0074,Ibadan,2026-08-17 18:41:00.720369,1,velocity_burst
TXN-007497,CUST-00288,2817573,MERCH-0072,Lagos,2026-08-21 14:04:00.797758,0,none
TXN-007887,CUST-00157,1016994,MERCH-0098,Abuja,2026-08-19 15:00:00.221558,0,none
TXN-007348,CUST-00101,1612848,MERCH-0099,Enugu,2026-08-13 10:27:00.219247,0,none
TXN-004186,CUST-00065,3524781,MERCH-0097,Ibadan,2026-09-06 15:24:00.651529,0,none
TXN-005403,CUST-00125,4168631,MERCH-0013,Enugu,2026-08-29 16:24:00.435895,0,none
TXN-008635,CUST-00124,3286244,MERCH-0013,Kaduna,2026-08-31 11:58:00.541203,0,none
TXN-009836,CUST-00159,3549806,MERCH-0058,Port Harcourt,2026-08-09 14:48:00.619863,0,none
TXN-001919,CUST-00410,2998973,MERCH-0059,Ibadan,2026-09-19 18:59:00.901635,0,none
TXN-008631,CUST-00471,4746182,MERCH-0034,Abuja,2026-09-04 14:05:00.842798,0,none
TXN-006157,CUST-00398,3860048,MERCH-0074,Ibadan,2026-07-23 17:33:00.790049,0,none
TXN-005817,CUST-00217,1205573,MERCH-0036,Port Harcourt,2026-10-03 09:22:00.605072,0,none
TXN-005372,CUST-00390,1911572,MERCH-0071,Enugu,2026-08-25 10:08:00.875988,0,none
TXN-006844,CUST-00045,5495052,MERCH-0075,Enugu,2026-07-21 11:32:00.435238,0,none
TXN-002055,CUST-00473,2647692,MERCH-0091,Port Harcourt,2026-10-02 22:04:00.100425,0,none
TXN-003534,CUST-00402,4295896,MERCH-0100,Abuja,2026-08-07 16:22:00.922224,0,none
TXN-009543,CUST-00355,542479,MERCH-0031,Benin City,2026-07-23 17:53:00.085044,0,none
TXN-002363,CUST-00152,2089718,MERCH-0022,Enugu,2026-09-17 12:27:00.545488,0,none
TXN-002226,CUST-00050,2218728,MERCH-0027,Kano,2026-07-30 11:38:00.751875,0,none
TXN-004354,CUST-00038,1149976,MERCH-0043,Lagos,2026-07-08 17:54:00.543793,0,none
TXN-001127,CUST-00495,1167967,MERCH-0094,Port Harcourt,2026-10-01 13:19:00.037226,0,none
TXN-004150,CUST-00051,3403427,MERCH-0022,Enugu,2026-09-27 15:13:00.323705,0,none
TXN-005472,CUST-00260,2040639,MERCH-0068,Kaduna,2026-08-21 20:40:00.722741,0,none
TXN-005754,CUST-00433,2556627,MERCH-0097,Benin City,2026-07-14 12:03:00.397736,0,none
TXN-005895,CUST-00338,2091231,MERCH-0070,Benin City,2026-09-21 11:53:00.848368,0,none
TXN-002445,CUST-00058,4306300,MERCH-0010,Ibadan,2026-08-07 13:48:00.383020,0,none
TXN-005361,CUST-00448,4620550,MERCH-0041,Kaduna,2026-09-23 16:13:00.021974,0,none
TXN-001323,CUST-00119,4701718,MERCH-0029,Port Harcourt,2026-09-04 10:49:00.020558,0,none
TXN-001604,CUST-00037,3246023,MERCH-0063,Port Harcourt,2026-09-08 19:47:00.553409,0,none
TXN-005954,CUST-00187,1421763,MERCH-0025,Enugu,2026-08-04 10:05:00.748634,0,none
TXN-007999,CUST-00462,3071141,MERCH-0018,Ibadan,2026-07-25 19:25:00.213847,0,none
TXN-005804,CUST-00493,5712671,MERCH-0062,Ibadan,2026-07-18 20:59:00.793326,0,none
TXN-005480,CUST-00360,1361012,MERCH-0069,Abuja,2026-07-12 13:23:00.868143,0,none
TXN-004760,CUST-00118,2609304,MERCH-0033,Enugu,2026-08-31 18:40:00.158987,0,none
TXN-005399,CUST-00234,782348,MERCH-0061,Kano,2026-07-26 13:20:00.371967,0,none
TXN-007934,CUST-00497,2217317,MERCH-0099,Kaduna,2026-09-03 13:11:00.439443,0,none
TXN-009680,CUST-00078,3025039,MERCH-0041,Benin City,2026-09-06 23:56:00.085971,1,off_hours
TXN-002770,CUST-00048,3983487,MERCH-0041,Ibadan,2026-07-10 17:38:00.860842,0,none
TXN-001508,CUST-00046,159065,MERCH-0094,Port Harcourt,2026-07-15 18:40:00.373571,0,none
TXN-001560,CUST-00146,2866923,MERCH-0045,Kaduna,2026-08-26 10:36:00.120507,0,none
TXN-007411,CUST-00410,1538076,MERCH-0007,Ibadan,2026-07-15 14:35:00.526194,0,none
TXN-BURST-TXN-008537-1,CUST-00482,343422,MERCH-0050,Port Harcourt,2026-09-25 10:49:00.289800,1,velocity_burst
TXN-008463,CUST-00301,398175,MERCH-0011,Benin City,2026-10-05 01:16:00.695534,1,off_hours
TXN-008144,CUST-00405,2830368,MERCH-0061,Lagos,2026-07-27 08:02:00.667446,0,none
TXN-004808,CUST-00258,3025958,MERCH-0083,Kano,2026-10-04 12:40:00.691177,0,none
TXN-002957,CUST-00419,641435,MERCH-0064,Ibadan,2026-08-07 19:06:00.037422,0,none
TXN-008982,CUST-00455,3480600,MERCH-0043,Ibadan,2026-09-13 14:38:00.420819,0,none
TXN-008684,CUST-00388,814863,MERCH-0021,Port Harcourt,2026-07-10 15:33:00.693421,0,none
TXN-001355,CUST-00036,1596366,MERCH-0020,Abuja,2026-10-04 15:55:00.444490,0,none
TXN-000046,CUST-00163,1272205,MERCH-0048,Lagos,2026-08-14 21:41:00.857004,0,none
TXN-002543,CUST-00340,2540487,MERCH-0065,Lagos,2026-09-11 12:24:00.967963,0,none
TXN-003245,CUST-00148,430579,MERCH-0098,Lagos,2026-09-07 14:19:00.842432,0,none
TXN-000749,CUST-00057,3938574,MERCH-0021,Benin City,2026-07-12 20:32:00.233174,0,none
TXN-005229,CUST-00223,2207821,MERCH-0022,Lagos,2026-08-08 17:38:00.731325,0,none
TXN-002821,CUST-00255,2615286,MERCH-0030,Lagos,2026-09-19 16:49:00.863764,0,none
TXN-005925,CUST-00496,3180749,MERCH-0034,Port Harcourt,2026-09-14 18:24:00.562344,1,geo_anomaly
TXN-009756,CUST-00269,4714871,MERCH-0024,Kaduna,2026-08-04 11:06:00.437482,0,none
TXN-005378,CUST-00338,2316899,MERCH-0023,Benin City,2026-07-22 22:52:00.155178,0,none
TXN-004041,CUST-00248,3702293,MERCH-0001,Kaduna,2026-08-27 09:32:00.996454,0,none
TXN-007360,CUST-00378,2394520,MERCH-0003,Kano,2026-07-12 10:31:00.060205,1,velocity_burst
TXN-005596,CUST-00095,2696272,MERCH-0099,Abuja,2026-07-22 08:01:00.005257,0,none
TXN-009679,CUST-00225,5566503,MERCH-0095,Kano,2026-08-23 18:26:00.754678,0,none
TXN-002252,CUST-00038,1817752,MERCH-0099,Lagos,2026-08-07 12:31:00.296033,0,none
TXN-006063,CUST-00026,1546346,MERCH-0057,Kaduna,2026-08-30 18:14:00.022862,0,none
TXN-006038,CUST-00076,1833279,MERCH-0038,Kaduna,2026-07-11 21:39:00.881926,0,none
TXN-009097,CUST-00451,1141220,MERCH-0007,Kano,2026-09-27 13:23:00.027189,0,none
TXN-007385,CUST-00497,64632451,MERCH-0038,Kaduna,2026-10-04 17:41:00.224165,1,amount_anomaly
TXN-007338,CUST-00355,491239,MERCH-0068,Benin City,2026-08-25 14:47:00.439674,0,none
TXN-002752,CUST-00414,2725526,MERCH-0002,Ibadan,2026-07-27 20:51:00.227969,0,none
TXN-004864,CUST-00209,3937825,MERCH-0041,Kaduna,2026-08-15 09:32:00.548655,0,none
TXN-007951,CUST-00318,2663968,MERCH-0079,Ibadan,2026-08-22 18:33:00.341808,0,none
TXN-007757,CUST-00006,4607982,MERCH-0081,Abuja,2026-08-02 14:04:00.294404,0,none
TXN-004282,CUST-00418,141700,MERCH-0039,Kaduna,2026-08-30 01:12:00.364520,1,off_hours
TXN-009988,CUST-00080,1737673,MERCH-0002,Port Harcourt,2026-07-21 15:36:00.323541,0,none
TXN-009954,CUST-00170,3881403,MERCH-0089,Kano,2026-08-05 11:07:00.924676,0,none
TXN-000665,CUST-00199,2183655,MERCH-0018,Kano,2026-09-11 11:48:00.173409,0,none
TXN-007648,CUST-00384,1179435,MERCH-0032,Kano,2026-07-27 15:16:00.143943,0,none
TXN-005615,CUST-00072,60634988,MERCH-0069,Kaduna,2026-08-02 19:24:00.460831,1,amount_anomaly
TXN-009457,CUST-00135,2181784,MERCH-0059,Abuja,2026-08-25 13:03:00.316754,0,none
TXN-008417,CUST-00403,3083937,MERCH-0063,Abuja,2026-07-20 14:01:00.321086,0,none
TXN-009947,CUST-00428,2041878,MERCH-0012,Ibadan,2026-09-18 12:34:00.032828,0,none
TXN-003054,CUST-00286,4459450,MERCH-0056,Kaduna,2026-09-28 11:27:00.131485,0,none
TXN-000676,CUST-00394,1328440,MERCH-0083,Kaduna,2026-09-03 08:07:00.374787,0,none
TXN-003285,CUST-00418,1086357,MERCH-0025,Kaduna,2026-08-12 12:19:00.328741,0,none
TXN-007355,CUST-00388,913082,MERCH-0049,Port Harcourt,2026-09-04 08:38:00.161543,0,none
TXN-003330,CUST-00033,4592301,MERCH-0059,Kano,2026-08-13 20:30:00.350307,0,none
TXN-007437,CUST-00102,3572336,MERCH-0045,Lagos,2026-08-22 13:07:00.724185,0,none
TXN-001963,CUST-00017,1555938,MERCH-0042,Ibadan,2026-09-01 15:55:00.469892,0,none
TXN-001841,CUST-00047,3927097,MERCH-0056,Abuja,2026-07-24 19:40:00.750711,0,none
TXN-009664,CUST-00382,1349597,MERCH-0024,Port Harcourt,2026-08-06 16:31:00.665900,0,none
TXN-008870,CUST-00468,3846825,MERCH-0049,Ibadan,2026-07-22 20:28:00.538458,0,none
TXN-004116,CUST-00388,966812,MERCH-0049,Port Harcourt,2026-07-26 15:11:00.268601,0,none
TXN-006085,CUST-00044,1729222,MERCH-0009,Ibadan,2026-10-04 12:36:00.495618,0,none
TXN-002971,CUST-00216,4041157,MERCH-0025,Benin City,2026-07-13 18:18:00.502656,0,none
TXN-005258,CUST-00091,3748905,MERCH-0087,Lagos,2026-07-30 18:57:00.558068,0,none
TXN-002886,CUST-00307,1447425,MERCH-0042,Abuja,2026-07-27 10:42:00.790254,0,none
TXN-008113,CUST-00307,1383423,MERCH-0059,Abuja,2026-09-23 15:29:00.634748,0,none
TXN-008586,CUST-00417,535167,MERCH-0037,Abuja,2026-10-02 18:26:00.102551,0,none
TXN-006707,CUST-00183,4152228,MERCH-0085,Enugu,2026-07-10 18:13:00.926649,0,none
TXN-005147,CUST-00027,577491,MERCH-0022,Abuja,2026-09-28 12:24:00.675009,0,none
TXN-007891,CUST-00304,749196,MERCH-0071,Abuja,2026-09-07 18:55:00.871480,0,none
TXN-000412,CUST-00361,3455194,MERCH-0016,Ibadan,2026-08-28 16:45:00.745075,0,none
TXN-000614,CUST-00360,961566,MERCH-0041,Abuja,2026-09-29 06:25:00.881951,0,none
TXN-006815,CUST-00115,1377035,MERCH-0037,Enugu,2026-08-28 10:47:00.915610,0,none
TXN-008757,CUST-00328,2951364,MERCH-0017,Enugu,2026-07-23 20:45:00.705882,0,none
TXN-001431,CUST-00166,1000274,MERCH-0043,Kano,2026-07-24 09:13:00.506579,0,none
TXN-009649,CUST-00185,3819985,MERCH-0092,Kaduna,2026-07-25 16:47:00.663126,0,none
TXN-009300,CUST-00151,763046,MERCH-0082,Enugu,2026-09-23 11:12:00.567255,0,none
TXN-004514,CUST-00434,2913244,MERCH-0084,Ibadan,2026-07-19 16:39:00.168080,0,none
TXN-002702,CUST-00031,1257461,MERCH-0052,Kano,2026-08-23 12:06:00.573102,0,none
TXN-007516,CUST-00472,746845,MERCH-0006,Port Harcourt,2026-08-17 19:52:00.480468,0,none
TXN-001418,CUST-00071,3211758,MERCH-0063,Enugu,2026-08-31 08:46:00.810895,0,none
TXN-006246,CUST-00093,2474419,MERCH-0045,Port Harcourt,2026-09-14 16:19:00.093921,0,none
TXN-000605,CUST-00095,1999118,MERCH-0099,Abuja,2026-07-10 08:25:00.098280,0,none
TXN-001273,CUST-00449,5109142,MERCH-0094,Ibadan,2026-09-18 14:51:00.555630,0,none
TXN-004342,CUST-00392,2002850,MERCH-0038,Kaduna,2026-10-02 13:32:00.526874,0,none
TXN-006879,CUST-00094,1930552,MERCH-0064,Abuja,2026-09-24 20:48:00.521897,0,none
TXN-008736,CUST-00332,1021845,MERCH-0022,Kano,2026-10-03 11:15:00.933203,0,none
TXN-008508,CUST-00025,1299979,MERCH-0069,Abuja,2026-08-30 12:03:00.889416,0,none
TXN-000248,CUST-00212,4447102,MERCH-0093,Enugu,2026-08-16 16:15:00.115735,0,none
TXN-004672,CUST-00032,4061570,MERCH-0034,Abuja,2026-09-09 16:05:00.890614,0,none
TXN-001983,CUST-00300,5446318,MERCH-0065,Ibadan,2026-07-20 19:55:00.051796,0,none
TXN-005152,CUST-00369,2752751,MERCH-0071,Lagos,2026-08-03 19:29:00.174078,0,none
TXN-005762,CUST-00044,2962463,MERCH-0043,Ibadan,2026-08-29 18:05:00.609361,0,none
TXN-000200,CUST-00180,10000,MERCH-0074,Kaduna,2026-07-29 12:00:00.540245,0,none
TXN-008830,CUST-00479,1558633,MERCH-0100,Abuja,2026-09-04 19:18:00.217973,0,none
TXN-000486,CUST-00283,1520306,MERCH-0049,Kaduna,2026-09-27 20:51:00.860357,0,none
TXN-006563,CUST-00460,2846107,MERCH-0023,Kano,2026-07-13 23:31:00.122544,1,off_hours
TXN-003892,CUST-00039,975129,MERCH-0072,Kano,2026-10-04 17:16:00.474844,0,none
TXN-000456,CUST-00148,383973,MERCH-0018,Lagos,2026-09-18 19:46:00.905323,0,none
TXN-BURST-TXN-003740-0,CUST-00255,4110011,MERCH-0028,Lagos,2026-09-12 11:03:30.633713,1,velocity_burst
TXN-009325,CUST-00301,319944,MERCH-0094,Benin City,2026-09-16 13:00:00.117464,0,none
TXN-007037,CUST-00373,6248520,MERCH-0085,Kaduna,2026-08-23 14:27:00.690041,0,none
TXN-001722,CUST-00101,2116058,MERCH-0054,Enugu,2026-09-25 17:09:00.377384,0,none
TXN-005573,CUST-00141,4026338,MERCH-0083,Ibadan,2026-10-04 10:08:00.035121,0,none
TXN-003937,CUST-00233,1178448,MERCH-0013,Ibadan,2026-09-21 09:00:00.611931,0,none
TXN-009294,CUST-00226,5054695,MERCH-0062,Kano,2026-08-30 18:10:00.855830,0,none
TXN-006221,CUST-00492,2150649,MERCH-0041,Port Harcourt,2026-08-24 10:40:00.456633,0,none
TXN-009612,CUST-00107,3151457,MERCH-0070,Abuja,2026-08-01 16:21:00.828364,0,none
TXN-005415,CUST-00174,3237780,MERCH-0058,Kaduna,2026-09-26 11:25:00.427593,0,none
TXN-000863,CUST-00132,3424461,MERCH-0063,Port Harcourt,2026-09-28 13:11:00.712099,0,none
TXN-002095,CUST-00015,1549499,MERCH-0038,Lagos,2026-09-08 16:02:00.017383,0,none
TXN-000948,CUST-00292,2562148,MERCH-0084,Enugu,2026-07-24 15:44:00.431115,0,none
TXN-009618,CUST-00363,4455824,MERCH-0023,Enugu,2026-09-22 15:20:00.192201,0,none
TXN-001445,CUST-00459,899588,MERCH-0059,Benin City,2026-09-21 09:04:00.448697,1,velocity_burst
TXN-001281,CUST-00071,4116064,MERCH-0063,Enugu,2026-09-20 18:26:00.408004,0,none
TXN-007857,CUST-00327,2506755,MERCH-0047,Port Harcourt,2026-09-24 18:08:00.159972,0,none
TXN-004540,CUST-00265,7175017,MERCH-0013,Kaduna,2026-08-16 17:02:00.043235,0,none
TXN-003442,CUST-00009,1785791,MERCH-0082,Abuja,2026-08-07 16:58:00.257807,0,none
TXN-005594,CUST-00195,2280875,MERCH-0015,Benin City,2026-09-25 15:47:00.825445,0,none
TXN-004506,CUST-00419,1103556,MERCH-0004,Ibadan,2026-08-18 11:58:00.617762,0,none
TXN-002303,CUST-00100,6830703,MERCH-0059,Kano,2026-08-19 22:29:00.552264,0,none
TXN-002005,CUST-00005,1772479,MERCH-0078,Abuja,2026-07-11 17:56:00.925423,0,none
TXN-006346,CUST-00188,4783738,MERCH-0057,Abuja,2026-08-02 12:04:00.300978,0,none
TXN-009018,CUST-00066,630887,MERCH-0032,Lagos,2026-07-18 16:36:00.161803,0,none
TXN-001006,CUST-00204,1805012,MERCH-0026,Port Harcourt,2026-08-17 09:30:00.253303,0,none
TXN-003667,CUST-00342,5352170,MERCH-0008,Benin City,2026-09-16 13:15:00.710566,0,none
TXN-006827,CUST-00124,4808099,MERCH-0063,Kaduna,2026-08-06 12:47:00.502919,0,none
TXN-005310,CUST-00473,3728460,MERCH-0068,Port Harcourt,2026-07-17 17:25:00.713629,1,velocity_burst
TXN-008992,CUST-00353,2306042,MERCH-0080,Benin City,2026-07-31 18:38:00.947307,0,none
TXN-002133,CUST-00492,2308292,MERCH-0001,Port Harcourt,2026-10-05 18:26:00.843236,0,none
TXN-007683,CUST-00373,4047592,MERCH-0021,Kaduna,2026-08-19 19:21:00.790481,0,none
TXN-002058,CUST-00094,705851,MERCH-0071,Abuja,2026-08-09 15:33:00.393497,0,none
TXN-003316,CUST-00451,1434915,MERCH-0065,Kano,2026-07-14 11:16:00.213567,1,velocity_burst
TXN-000230,CUST-00264,3025471,MERCH-0031,Kaduna,2026-07-09 13:34:00.202369,0,none
TXN-006922,CUST-00133,713587,MERCH-0019,Kaduna,2026-09-30 18:45:00.769035,0,none
TXN-005198,CUST-00008,2940996,MERCH-0086,Port Harcourt,2026-09-29 13:35:00.091087,0,none
TXN-006467,CUST-00086,2398132,MERCH-0011,Abuja,2026-09-15 09:59:00.696625,0,none
TXN-009128,CUST-00205,1808603,MERCH-0022,Port Harcourt,2026-09-21 15:23:00.660153,0,none
TXN-007445,CUST-00392,1238406,MERCH-0038,Kaduna,2026-08-05 19:50:00.636965,0,none
TXN-008682,CUST-00381,5160878,MERCH-0076,Kaduna,2026-07-24 07:29:00.384043,0,none
TXN-000210,CUST-00470,2879907,MERCH-0010,Benin City,2026-07-29 08:09:00.734493,0,none
TXN-003705,CUST-00217,759590,MERCH-0098,Port Harcourt,2026-07-24 16:25:00.827702,0,none
TXN-005630,CUST-00339,24960000,MERCH-0006,Abuja,2026-09-06 12:30:00.815836,1,amount_anomaly
TXN-003439,CUST-00142,415907,MERCH-0044,Port Harcourt,2026-09-10 10:20:00.993931,0,none
TXN-007672,CUST-00069,3090435,MERCH-0092,Lagos,2026-08-27 14:40:00.767421,0,none
TXN-009739,CUST-00211,1593603,MERCH-0019,Kaduna,2026-09-15 10:12:00.000637,0,none
TXN-005146,CUST-00472,821340,MERCH-0100,Port Harcourt,2026-07-22 11:21:00.302326,0,none
TXN-004175,CUST-00107,2789413,MERCH-0098,Abuja,2026-10-05 15:06:00.751051,0,none
TXN-001729,CUST-00272,4113244,MERCH-0002,Kaduna,2026-08-27 09:56:00.789382,0,none
TXN-006206,CUST-00158,4459998,MERCH-0061,Benin City,2026-09-04 21:33:00.961735,0,none
TXN-000338,CUST-00437,2775543,MERCH-0067,Kano,2026-07-17 07:53:00.055619,0,none
TXN-006540,CUST-00097,4688624,MERCH-0057,Kaduna,2026-09-07 15:51:00.044117,0,none
TXN-002651,CUST-00261,2717759,MERCH-0083,Enugu,2026-08-10 23:25:00.771500,1,off_hours
TXN-005838,CUST-00389,2029928,MERCH-0022,Abuja,2026-07-24 12:13:00.926882,0,none
TXN-007812,CUST-00393,2463306,MERCH-0082,Kaduna,2026-09-11 15:11:00.061033,0,none
TXN-006450,CUST-00163,1817173,MERCH-0037,Lagos,2026-08-13 18:37:00.984133,0,none
TXN-001227,CUST-00204,1185643,MERCH-0045,Port Harcourt,2026-07-16 09:28:00.505482,0,none
TXN-008297,CUST-00236,994921,MERCH-0005,Kano,2026-09-05 14:51:00.966711,0,none
TXN-004657,CUST-00169,3133137,MERCH-0085,Abuja,2026-10-02 10:33:00.539314,0,none
TXN-002145,CUST-00119,2890661,MERCH-0019,Port Harcourt,2026-07-25 20:09:00.088985,0,none
TXN-009090,CUST-00251,1270072,MERCH-0001,Benin City,2026-09-26 22:48:00.830481,0,none
TXN-009998,CUST-00497,1760333,MERCH-0099,Kaduna,2026-09-26 13:47:00.348826,0,none
TXN-002112,CUST-00428,2259248,MERCH-0100,Ibadan,2026-07-20 12:25:00.429993,0,none
TXN-007174,CUST-00152,3789940,MERCH-0042,Enugu,2026-09-26 11:04:00.151792,0,none
TXN-BURST-TXN-005604-1,CUST-00133,1243785,MERCH-0017,Kaduna,2026-07-31 12:39:00.496231,1,velocity_burst
TXN-009553,CUST-00028,4156298,MERCH-0050,Enugu,2026-07-19 10:12:00.686853,0,none
TXN-001018,CUST-00290,1574002,MERCH-0010,Kano,2026-08-30 11:48:00.444821,0,none
TXN-003545,CUST-00202,3820181,MERCH-0100,Abuja,2026-07-19 13:49:00.917740,0,none
TXN-004871,CUST-00115,3933313,MERCH-0064,Enugu,2026-08-16 08:13:00.128968,0,none
TXN-005419,CUST-00307,1175587,MERCH-0026,Abuja,2026-07-21 10:05:00.334148,0,none
TXN-001929,CUST-00477,2371472,MERCH-0093,Lagos,2026-07-31 14:52:00.042720,0,none
TXN-000351,CUST-00324,2896389,MERCH-0035,Enugu,2026-09-28 16:39:00.724444,0,none
TXN-003207,CUST-00072,2718938,MERCH-0100,Kaduna,2026-09-09 11:09:00.459539,0,none
TXN-002202,CUST-00230,3831617,MERCH-0045,Enugu,2026-08-21 18:03:00.303089,0,none
TXN-006438,CUST-00066,1071243,MERCH-0006,Lagos,2026-07-18 18:59:00.615104,0,none
TXN-001935,CUST-00385,2822953,MERCH-0001,Abuja,2026-10-02 10:39:00.216699,0,none
TXN-008484,CUST-00451,1528411,MERCH-0043,Kano,2026-07-23 20:02:00.716858,0,none
TXN-006731,CUST-00493,116437244,MERCH-0062,Ibadan,2026-09-18 13:42:00.926342,1,amount_anomaly
TXN-005505,CUST-00422,2094875,MERCH-0084,Kaduna,2026-08-08 10:58:00.765065,0,none
TXN-004337,CUST-00256,2596048,MERCH-0077,Kano,2026-09-20 15:32:00.495751,0,none
TXN-000565,CUST-00110,2464738,MERCH-0073,Port Harcourt,2026-09-05 12:59:00.761065,0,none
TXN-001583,CUST-00225,3596617,MERCH-0008,Kano,2026-08-27 09:27:00.522445,0,none
TXN-006637,CUST-00462,2572811,MERCH-0078,Ibadan,2026-07-10 14:32:00.184779,0,none
TXN-002176,CUST-00196,5641260,MERCH-0034,Kaduna,2026-08-27 13:54:00.721990,0,none
TXN-005270,CUST-00012,1908679,MERCH-0096,Kaduna,2026-09-02 08:47:00.151617,0,none
TXN-002541,CUST-00005,3022433,MERCH-0006,Abuja,2026-08-11 20:15:00.967246,0,none
TXN-005359,CUST-00417,541969,MERCH-0039,Abuja,2026-07-23 17:38:00.486433,0,none
TXN-002708,CUST-00017,2183116,MERCH-0003,Ibadan,2026-09-08 12:24:00.000687,0,none
TXN-002229,CUST-00319,6760481,MERCH-0066,Benin City,2026-09-15 09:51:00.920778,0,none
TXN-001116,CUST-00304,570072,MERCH-0032,Abuja,2026-07-31 14:30:00.707151,0,none
TXN-003026,CUST-00304,827735,MERCH-0022,Abuja,2026-07-07 10:55:00.444505,0,none
TXN-009115,CUST-00210,2523056,MERCH-0066,Benin City,2026-08-11 11:34:00.629581,0,none
TXN-003890,CUST-00210,4910452,MERCH-0072,Benin City,2026-07-20 18:46:00.867995,0,none
TXN-005457,CUST-00152,4586107,MERCH-0080,Enugu,2026-07-12 17:47:00.960624,0,none
TXN-007608,CUST-00255,2831693,MERCH-0028,Lagos,2026-08-01 20:18:00.631016,0,none
TXN-005764,CUST-00171,587994,MERCH-0031,Kaduna,2026-08-15 18:41:00.559009,0,none
TXN-008056,CUST-00211,1436768,MERCH-0038,Kaduna,2026-08-25 12:22:00.317174,0,none
TXN-000822,CUST-00498,2685226,MERCH-0047,Kano,2026-09-24 19:22:00.428396,0,none
TXN-003839,CUST-00485,3977436,MERCH-0029,Abuja,2026-09-04 21:58:00.592029,0,none
TXN-002273,CUST-00391,2750332,MERCH-0051,Port Harcourt,2026-08-05 17:23:00.507592,0,none
TXN-007181,CUST-00232,1852177,MERCH-0076,Port Harcourt,2026-09-08 16:49:00.325700,0,none
TXN-000082,CUST-00146,5151206,MERCH-0097,Kaduna,2026-07-20 17:08:00.359516,0,none
TXN-001324,CUST-00368,2975807,MERCH-0046,Enugu,2026-07-24 16:28:00.426314,0,none
TXN-005703,CUST-00430,3010311,MERCH-0081,Lagos,2026-09-10 19:03:00.648771,0,none
TXN-004360,CUST-00070,1472971,MERCH-0073,Ibadan,2026-09-24 15:41:00.186679,0,none
TXN-001615,CUST-00224,2074690,MERCH-0090,Enugu,2026-07-28 16:00:00.550736,0,none
TXN-002698,CUST-00184,3788719,MERCH-0100,Abuja,2026-08-07 11:18:00.350997,0,none
TXN-000832,CUST-00338,2166737,MERCH-0061,Benin City,2026-09-24 18:43:00.941856,0,none
TXN-007783,CUST-00066,1158557,MERCH-0097,Lagos,2026-09-15 18:31:00.257256,0,none
TXN-005567,CUST-00051,2602398,MERCH-0095,Enugu,2026-08-29 10:50:00.628757,0,none
TXN-002421,CUST-00166,779213,MERCH-0090,Kano,2026-09-27 08:46:00.175224,0,none
TXN-004820,CUST-00395,2774370,MERCH-0057,Enugu,2026-09-27 18:31:00.676956,0,none
TXN-003669,CUST-00060,953120,MERCH-0054,Ibadan,2026-10-03 12:45:00.666963,0,none
TXN-005215,CUST-00466,1198132,MERCH-0037,Lagos,2026-07-08 15:18:00.987401,0,none
TXN-001650,CUST-00009,1000447,MERCH-0082,Abuja,2026-10-04 10:29:00.865320,0,none
TXN-004398,CUST-00150,1794518,MERCH-0006,Ibadan,2026-08-28 13:13:00.195901,0,none
TXN-005832,CUST-00270,4767375,MERCH-0081,Lagos,2026-09-23 16:10:00.273883,0,none
TXN-003131,CUST-00052,2731094,MERCH-0040,Abuja,2026-09-28 18:39:00.017300,0,none
TXN-005398,CUST-00134,3680582,MERCH-0056,Benin City,2026-08-07 15:38:00.319353,0,none
TXN-007255,CUST-00405,3730313,MERCH-0061,Benin City,2026-08-16 12:45:00.701114,1,geo_anomaly
TXN-008031,CUST-00379,1259989,MERCH-0091,Kano,2026-10-03 17:58:00.855889,0,none
TXN-007434,CUST-00135,1379893,MERCH-0053,Abuja,2026-08-26 15:19:00.863066,0,none
TXN-003509,CUST-00079,3846675,MERCH-0093,Abuja,2026-07-19 10:43:00.202851,0,none
TXN-002690,CUST-00021,3202948,MERCH-0009,Port Harcourt,2026-07-15 08:52:00.403723,0,none
TXN-007082,CUST-00021,2600890,MERCH-0029,Port Harcourt,2026-08-09 01:47:00.216774,1,off_hours
TXN-004148,CUST-00052,4688469,MERCH-0012,Abuja,2026-09-16 18:53:00.529476,0,none
TXN-000750,CUST-00182,456766,MERCH-0065,Benin City,2026-09-06 10:48:00.224666,0,none
TXN-005698,CUST-00337,3523594,MERCH-0082,Kaduna,2026-07-13 11:26:00.423025,0,none
TXN-002374,CUST-00301,724280,MERCH-0011,Benin City,2026-07-20 04:44:00.221375,1,off_hours
TXN-002443,CUST-00334,1508593,MERCH-0036,Kano,2026-08-22 20:42:00.509120,0,none
TXN-005066,CUST-00426,3420432,MERCH-0092,Benin City,2026-09-21 15:25:00.271402,0,none
TXN-003039,CUST-00277,4166774,MERCH-0030,Kaduna,2026-08-16 10:34:00.737523,0,none
TXN-002759,CUST-00213,4679465,MERCH-0003,Kano,2026-08-24 17:05:00.560443,0,none
TXN-006033,CUST-00220,5056470,MERCH-0066,Benin City,2026-09-09 20:08:00.460008,0,none
TXN-BURST-TXN-000640-2,CUST-00437,1861079,MERCH-0078,Kano,2026-08-22 16:52:30.578591,1,velocity_burst
TXN-008671,CUST-00397,3666372,MERCH-0088,Benin City,2026-08-23 10:11:00.396069,0,none
TXN-BURST-TXN-007491-1,CUST-00264,1071378,MERCH-0049,Kaduna,2026-09-04 18:21:00.592107,1,velocity_burst
TXN-004869,CUST-00211,1657186,MERCH-0007,Kaduna,2026-08-20 19:03:00.522537,0,none
TXN-004050,CUST-00354,2416800,MERCH-0001,Kaduna,2026-07-21 11:03:00.173862,0,none
TXN-008532,CUST-00146,6328164,MERCH-0097,Kaduna,2026-08-21 11:40:00.477891,0,none
TXN-004195,CUST-00167,5026122,MERCH-0040,Abuja,2026-07-16 18:27:00.768131,0,none
TXN-009887,CUST-00491,3032956,MERCH-0041,Abuja,2026-09-25 14:47:00.494869,0,none
TXN-004421,CUST-00191,4761497,MERCH-0052,Benin City,2026-08-16 09:39:00.617394,0,none
TXN-008865,CUST-00458,5027548,MERCH-0059,Kano,2026-09-24 09:21:00.818853,0,none
TXN-009507,CUST-00052,3463783,MERCH-0087,Abuja,2026-08-01 12:54:00.752843,0,none
TXN-005000,CUST-00216,3748371,MERCH-0025,Benin City,2026-09-14 13:39:00.738177,0,none
TXN-001140,CUST-00215,2408245,MERCH-0056,Kaduna,2026-09-27 15:50:00.153275,0,none
TXN-008210,CUST-00176,2459877,MERCH-0004,Benin City,2026-09-01 11:18:00.626002,0,none
TXN-002232,CUST-00099,2487951,MERCH-0083,Lagos,2026-09-21 08:39:00.473167,0,none
TXN-002165,CUST-00399,609339,MERCH-0025,Kano,2026-09-07 18:11:00.519661,0,none
TXN-005943,CUST-00430,4387156,MERCH-0001,Lagos,2026-07-26 13:23:00.750220,0,none
TXN-006914,CUST-00005,2841179,MERCH-0034,Abuja,2026-08-03 06:54:00.694512,0,none
TXN-002778,CUST-00036,1476956,MERCH-0096,Abuja,2026-08-10 17:00:00.640813,0,none
TXN-006274,CUST-00450,4990791,MERCH-0007,Benin City,2026-09-15 16:12:00.879515,0,none
TXN-002880,CUST-00059,142291,MERCH-0020,Benin City,2026-10-03 19:18:00.387175,0,none
TXN-001571,CUST-00363,7044867,MERCH-0072,Enugu,2026-09-23 10:08:00.946211,0,none
TXN-000173,CUST-00394,1658855,MERCH-0070,Kaduna,2026-07-29 21:09:00.643562,0,none
TXN-007723,CUST-00442,898717,MERCH-0006,Kano,2026-07-23 16:51:00.147474,1,geo_anomaly
TXN-002088,CUST-00032,4521652,MERCH-0092,Abuja,2026-08-11 22:13:00.377857,0,none
TXN-008385,CUST-00145,1167097,MERCH-0011,Abuja,2026-07-29 14:56:00.469820,0,none
TXN-009283,CUST-00415,627477,MERCH-0036,Kano,2026-08-16 10:04:00.434658,0,none
TXN-007641,CUST-00214,2923588,MERCH-0037,Kaduna,2026-08-21 13:36:00.420013,0,none
TXN-007795,CUST-00482,757202,MERCH-0052,Port Harcourt,2026-08-12 17:31:00.457951,0,none
TXN-009907,CUST-00256,3530083,MERCH-0042,Kano,2026-07-25 16:42:00.392937,0,none
TXN-003964,CUST-00284,2574877,MERCH-0049,Abuja,2026-08-02 14:19:00.774587,0,none
TXN-006891,CUST-00364,905290,MERCH-0002,Ibadan,2026-09-17 11:15:00.797818,0,none
TXN-001833,CUST-00484,1071422,MERCH-0039,Lagos,2026-08-02 14:26:00.348571,0,none
TXN-005523,CUST-00464,1905770,MERCH-0089,Benin City,2026-09-23 08:33:00.127182,0,none
TXN-003618,CUST-00334,1476326,MERCH-0041,Kano,2026-09-10 19:05:00.625193,0,none
TXN-009459,CUST-00472,375308,MERCH-0100,Port Harcourt,2026-09-24 14:30:00.206744,0,none
TXN-004182,CUST-00431,1849741,MERCH-0014,Ibadan,2026-08-11 10:51:00.879066,0,none
TXN-007260,CUST-00119,3287736,MERCH-0019,Port Harcourt,2026-08-23 11:12:00.966561,0,none
TXN-008371,CUST-00235,3689620,MERCH-0093,Benin City,2026-08-28 14:51:00.535878,0,none
TXN-005465,CUST-00021,5419720,MERCH-0003,Port Harcourt,2026-07-28 08:00:00.308323,0,none
TXN-000835,CUST-00292,4507668,MERCH-0078,Enugu,2026-07-20 13:12:00.260934,0,none
TXN-002487,CUST-00355,322550,MERCH-0095,Benin City,2026-08-08 16:34:00.358895,0,none
TXN-007362,CUST-00297,4981905,MERCH-0005,Enugu,2026-08-02 10:40:00.741608,0,none
TXN-004239,CUST-00010,2775400,MERCH-0052,Ibadan,2026-07-12 07:56:00.610533,0,none
TXN-006112,CUST-00305,5289121,MERCH-0004,Enugu,2026-08-06 20:37:00.743198,0,none
TXN-005860,CUST-00158,2732520,MERCH-0081,Benin City,2026-08-03 08:59:00.997249,0,none
TXN-004096,CUST-00123,1002907,MERCH-0018,Kano,2026-09-27 13:36:00.435703,0,none
TXN-004843,CUST-00190,2361706,MERCH-0089,Abuja,2026-08-13 17:34:00.153928,0,none
TXN-009504,CUST-00131,5093996,MERCH-0094,Benin City,2026-10-03 17:59:00.497334,0,none
TXN-000066,CUST-00476,1358462,MERCH-0083,Lagos,2026-09-25 15:51:00.927018,0,none
TXN-003456,CUST-00267,649548,MERCH-0026,Kano,2026-08-23 17:07:00.800025,0,none
TXN-006066,CUST-00220,178962120,MERCH-0042,Benin City,2026-08-12 14:06:00.217922,1,amount_anomaly
TXN-002025,CUST-00157,1706376,MERCH-0083,Abuja,2026-09-11 14:28:00.484373,0,none
TXN-008664,CUST-00498,5583182,MERCH-0051,Kano,2026-08-04 18:17:00.404025,0,none
TXN-000355,CUST-00416,5447928,MERCH-0080,Benin City,2026-09-25 13:07:00.460747,0,none
TXN-004328,CUST-00150,3313847,MERCH-0006,Ibadan,2026-07-23 11:14:00.024128,0,none
TXN-004377,CUST-00238,2027445,MERCH-0059,Kaduna,2026-09-01 09:27:00.725039,0,none
TXN-005602,CUST-00042,798305,MERCH-0086,Enugu,2026-08-02 19:37:00.928101,0,none
TXN-001809,CUST-00390,2335459,MERCH-0090,Enugu,2026-08-30 18:24:00.069657,0,none
TXN-009020,CUST-00128,2409559,MERCH-0019,Ibadan,2026-08-23 19:34:00.257716,0,none
TXN-005274,CUST-00195,4436446,MERCH-0024,Benin City,2026-09-18 17:13:00.961318,0,none
TXN-006521,CUST-00100,6603501,MERCH-0059,Kano,2026-09-29 13:10:00.728959,0,none
TXN-009694,CUST-00161,4432470,MERCH-0078,Enugu,2026-09-03 10:45:00.478453,0,none
TXN-009049,CUST-00154,5546430,MERCH-0100,Enugu,2026-09-20 19:14:00.253423,0,none
TXN-003321,CUST-00387,2661497,MERCH-0038,Ibadan,2026-08-08 12:45:00.901481,0,none
TXN-000473,CUST-00062,1549120,MERCH-0056,Enugu,2026-08-25 13:10:00.074645,0,none
TXN-BURST-TXN-003097-1,CUST-00346,3895358,MERCH-0059,Abuja,2026-09-02 11:59:00.871860,1,velocity_burst
TXN-004253,CUST-00188,1811892,MERCH-0024,Abuja,2026-07-08 20:19:00.803929,0,none
TXN-005681,CUST-00313,3353379,MERCH-0063,Kaduna,2026-08-23 16:30:00.912036,0,none
TXN-006415,CUST-00312,1596641,MERCH-0065,Lagos,2026-07-10 06:23:00.405370,0,none
TXN-006204,CUST-00085,1802654,MERCH-0095,Kaduna,2026-09-22 16:23:00.355408,0,none
TXN-003208,CUST-00306,3074597,MERCH-0028,Ibadan,2026-08-16 16:08:00.781409,0,none
TXN-000869,CUST-00260,2929265,MERCH-0019,Kaduna,2026-08-29 13:22:00.187718,0,none
TXN-005334,CUST-00458,4263363,MERCH-0028,Kano,2026-09-21 11:04:00.870528,0,none
TXN-007854,CUST-00496,2663393,MERCH-0070,Lagos,2026-07-31 15:13:00.763556,0,none
TXN-001507,CUST-00296,2901774,MERCH-0058,Kano,2026-09-11 10:47:00.747512,0,none
TXN-005577,CUST-00327,1728143,MERCH-0084,Port Harcourt,2026-09-26 16:25:00.905733,0,none
TXN-007172,CUST-00024,804842,MERCH-0053,Abuja,2026-08-19 15:23:00.936028,0,none
TXN-006476,CUST-00426,4063198,MERCH-0024,Benin City,2026-08-04 17:54:00.577107,0,none
TXN-004234,CUST-00009,2405170,MERCH-0060,Abuja,2026-08-08 14:05:00.244024,0,none
TXN-002771,CUST-00307,1583117,MERCH-0042,Abuja,2026-08-30 14:49:00.858849,0,none
TXN-009667,CUST-00348,2022595,MERCH-0002,Abuja,2026-07-29 15:37:00.803487,0,none
TXN-006089,CUST-00045,3704439,MERCH-0075,Enugu,2026-08-20 17:45:00.657238,0,none
TXN-009825,CUST-00334,1231538,MERCH-0055,Kano,2026-08-18 20:20:00.770481,0,none
TXN-009246,CUST-00289,4848514,MERCH-0009,Kano,2026-07-24 14:41:00.401050,0,none
TXN-001076,CUST-00115,3618400,MERCH-0064,Enugu,2026-07-16 09:18:00.718991,0,none
TXN-005742,CUST-00167,5484272,MERCH-0047,Abuja,2026-08-23 20:21:00.949758,0,none
TXN-009613,CUST-00139,1145215,MERCH-0065,Enugu,2026-07-18 08:10:00.248521,0,none
TXN-009002,CUST-00202,4230219,MERCH-0100,Abuja,2026-08-10 15:09:00.595348,0,none
TXN-004650,CUST-00380,898199,MERCH-0021,Enugu,2026-08-23 08:55:00.948344,0,none
TXN-009802,CUST-00083,4310556,MERCH-0088,Abuja,2026-08-18 15:30:00.380091,0,none
TXN-007167,CUST-00413,525517,MERCH-0074,Port Harcourt,2026-08-01 15:24:00.397819,0,none
TXN-006496,CUST-00203,2135123,MERCH-0067,Kano,2026-07-13 10:10:00.888138,0,none
TXN-007573,CUST-00178,3775519,MERCH-0028,Kaduna,2026-07-29 11:49:00.208486,0,none
TXN-008827,CUST-00341,3902484,MERCH-0066,Kano,2026-09-07 09:33:00.394090,0,none
TXN-007721,CUST-00452,4232873,MERCH-0059,Ibadan,2026-09-02 19:52:00.500171,0,none
TXN-000074,CUST-00360,1933499,MERCH-0046,Abuja,2026-10-03 12:56:00.488934,0,none
TXN-004380,CUST-00433,4542167,MERCH-0097,Benin City,2026-09-05 14:13:00.666981,0,none
TXN-003887,CUST-00112,6060991,MERCH-0060,Ibadan,2026-09-14 20:42:00.429446,0,none
TXN-004719,CUST-00365,1498867,MERCH-0088,Ibadan,2026-08-07 20:34:00.982276,0,none
TXN-007229,CUST-00416,6180332,MERCH-0087,Benin City,2026-07-15 11:52:00.990264,0,none
TXN-005585,CUST-00089,1700176,MERCH-0073,Kano,2026-08-08 07:15:00.402751,0,none
TXN-001102,CUST-00460,5339356,MERCH-0056,Kano,2026-09-10 12:13:00.694895,0,none
TXN-004901,CUST-00247,4324750,MERCH-0017,Abuja,2026-08-05 16:12:00.969244,0,none
TXN-009880,CUST-00326,295867,MERCH-0089,Lagos,2026-07-30 07:31:00.404446,0,none
TXN-000314,CUST-00372,776803,MERCH-0036,Kano,2026-08-21 12:12:00.952067,0,none
TXN-009723,CUST-00116,899933,MERCH-0085,Ibadan,2026-09-15 10:36:00.758646,0,none
TXN-008680,CUST-00179,3703234,MERCH-0031,Kano,2026-09-28 11:58:00.190100,0,none
TXN-000119,CUST-00146,4802483,MERCH-0015,Kaduna,2026-07-24 09:29:00.291877,0,none
TXN-002023,CUST-00400,1120537,MERCH-0094,Enugu,2026-09-09 16:59:00.982013,0,none
TXN-BURST-TXN-006480-0,CUST-00494,4472794,MERCH-0083,Kaduna,2026-09-09 08:13:30.006072,1,velocity_burst
TXN-002969,CUST-00232,2305895,MERCH-0032,Port Harcourt,2026-08-23 18:48:00.494396,0,none
TXN-002035,CUST-00304,148544,MERCH-0022,Abuja,2026-07-11 18:24:00.795238,0,none
TXN-009787,CUST-00086,2577609,MERCH-0053,Abuja,2026-07-23 17:21:00.681410,0,none
TXN-008077,CUST-00293,5566374,MERCH-0095,Ibadan,2026-08-09 19:50:00.013805,0,none
TXN-008979,CUST-00001,471426,MERCH-0095,Abuja,2026-09-24 16:01:00.966807,0,none
TXN-006859,CUST-00165,1811964,MERCH-0019,Port Harcourt,2026-08-05 11:50:00.981997,0,none
TXN-001220,CUST-00066,1313981,MERCH-0006,Lagos,2026-07-18 14:35:00.532768,0,none
TXN-007909,CUST-00089,894235,MERCH-0077,Kano,2026-09-20 13:45:00.209327,0,none
TXN-007164,CUST-00241,646468,MERCH-0035,Ibadan,2026-07-25 18:45:00.951033,0,none
TXN-003379,CUST-00070,1771084,MERCH-0006,Ibadan,2026-07-08 21:10:00.817682,0,none
TXN-003317,CUST-00246,2850576,MERCH-0075,Kano,2026-07-21 15:38:00.381832,0,none
TXN-002511,CUST-00045,3143066,MERCH-0034,Enugu,2026-08-03 11:46:00.675201,0,none
TXN-003786,CUST-00066,1006768,MERCH-0026,Lagos,2026-09-08 19:59:00.024219,0,none
TXN-009363,CUST-00087,3351387,MERCH-0090,Kaduna,2026-07-08 08:38:00.790481,0,none
TXN-004090,CUST-00206,2151143,MERCH-0011,Kano,2026-07-27 17:05:00.372328,0,none
TXN-009808,CUST-00080,1191042,MERCH-0039,Port Harcourt,2026-08-28 17:56:00.320523,0,none
TXN-004709,CUST-00022,3454423,MERCH-0008,Ibadan,2026-09-20 14:53:00.818710,0,none
TXN-004640,CUST-00165,976689,MERCH-0051,Port Harcourt,2026-09-16 16:47:00.564129,0,none
TXN-007440,CUST-00145,718290,MERCH-0011,Abuja,2026-10-05 12:35:00.371409,0,none
TXN-000178,CUST-00255,2932396,MERCH-0097,Lagos,2026-08-21 06:38:00.531243,0,none
TXN-001644,CUST-00382,777846,MERCH-0073,Port Harcourt,2026-08-07 09:58:00.686949,0,none
TXN-009626,CUST-00159,2822927,MERCH-0060,Port Harcourt,2026-07-22 14:48:00.428213,0,none
TXN-003291,CUST-00277,5487844,MERCH-0006,Kaduna,2026-09-24 18:05:00.796919,0,none
TXN-004339,CUST-00242,599205,MERCH-0008,Port Harcourt,2026-08-23 10:34:00.702554,0,none
TXN-001375,CUST-00475,3920259,MERCH-0038,Abuja,2026-08-01 15:38:00.445747,0,none
TXN-001721,CUST-00322,4989260,MERCH-0089,Enugu,2026-09-21 09:43:00.116603,0,none
TXN-004535,CUST-00193,1527544,MERCH-0005,Kano,2026-09-09 13:16:00.668121,0,none
TXN-004920,CUST-00286,3827901,MERCH-0056,Kaduna,2026-08-21 13:32:00.990056,0,none
TXN-002265,CUST-00059,1745686,MERCH-0091,Benin City,2026-09-06 08:11:00.348022,0,none
TXN-000088,CUST-00293,7351369,MERCH-0089,Ibadan,2026-09-26 17:58:00.008049,0,none
TXN-007337,CUST-00150,6103251,MERCH-0006,Ibadan,2026-07-28 16:17:00.995099,0,none
TXN-006380,CUST-00429,4081137,MERCH-0001,Enugu,2026-07-24 10:01:00.545602,0,none
TXN-009001,CUST-00456,4292413,MERCH-0098,Kaduna,2026-08-12 09:41:00.878293,0,none
TXN-000404,CUST-00447,797863,MERCH-0088,Kaduna,2026-08-16 20:29:00.947031,0,none
TXN-005806,CUST-00218,1688682,MERCH-0044,Abuja,2026-08-31 19:32:00.073832,0,none
TXN-008204,CUST-00427,3658424,MERCH-0082,Abuja,2026-08-12 10:39:00.044446,0,none
TXN-006557,CUST-00267,495323,MERCH-0020,Kano,2026-09-14 18:22:00.099875,0,none
TXN-007378,CUST-00013,169418216,MERCH-0064,Enugu,2026-08-17 10:40:00.840958,1,amount_anomaly
TXN-009956,CUST-00221,2128429,MERCH-0065,Benin City,2026-09-03 10:38:00.327939,0,none
TXN-002457,CUST-00228,3258119,MERCH-0039,Port Harcourt,2026-08-23 08:03:00.941541,0,none
TXN-005667,CUST-00308,4638479,MERCH-0045,Kaduna,2026-08-03 22:56:00.454672,0,none
TXN-002215,CUST-00486,2969852,MERCH-0002,Kano,2026-09-13 17:08:00.387447,0,none
TXN-001028,CUST-00097,5520622,MERCH-0057,Kaduna,2026-08-21 08:53:00.520739,0,none
TXN-BURST-TXN-001285-1,CUST-00045,5008657,MERCH-0034,Enugu,2026-09-16 13:36:00.570686,1,velocity_burst
TXN-001422,CUST-00089,770110,MERCH-0096,Kano,2026-09-28 16:54:00.486816,0,none
TXN-002437,CUST-00299,1003002,MERCH-0029,Enugu,2026-08-24 15:56:00.766682,0,none
TXN-008890,CUST-00458,3994059,MERCH-0025,Kano,2026-09-30 16:55:00.107922,0,none
TXN-005991,CUST-00403,3682667,MERCH-0078,Abuja,2026-08-31 19:19:00.164130,1,velocity_burst
TXN-009415,CUST-00474,3131257,MERCH-0069,Kano,2026-09-24 13:34:00.814538,0,none
TXN-001279,CUST-00198,976166,MERCH-0091,Kaduna,2026-08-30 19:26:00.849693,0,none
TXN-008558,CUST-00297,4742462,MERCH-0082,Enugu,2026-08-30 10:56:00.803973,0,none
TXN-002761,CUST-00288,3068123,MERCH-0072,Lagos,2026-08-16 16:35:00.099463,0,none
TXN-005303,CUST-00177,2542096,MERCH-0098,Benin City,2026-08-18 09:23:00.549489,0,none
TXN-005475,CUST-00083,3969080,MERCH-0073,Abuja,2026-07-19 12:52:00.161080,0,none
TXN-009104,CUST-00256,4921569,MERCH-0041,Kano,2026-08-21 09:29:00.088658,0,none
TXN-001979,CUST-00082,2212874,MERCH-0015,Lagos,2026-09-26 16:43:00.377999,0,none
TXN-001062,CUST-00365,1159042,MERCH-0081,Ibadan,2026-08-18 20:33:00.266073,0,none
TXN-001426,CUST-00319,3915154,MERCH-0022,Benin City,2026-07-29 17:24:00.051890,0,none
TXN-004895,CUST-00371,5799844,MERCH-0035,Benin City,2026-09-09 16:44:00.230018,0,none
TXN-007541,CUST-00164,2951263,MERCH-0043,Enugu,2026-09-23 12:05:00.275823,0,none
TXN-005138,CUST-00070,1553397,MERCH-0006,Ibadan,2026-07-14 22:44:00.156257,0,none
TXN-001503,CUST-00424,3185128,MERCH-0065,Abuja,2026-09-16 21:07:00.028883,0,none
TXN-006775,CUST-00170,3971633,MERCH-0022,Kano,2026-09-04 10:03:00.085191,0,none
TXN-008880,CUST-00447,2479420,MERCH-0079,Kaduna,2026-07-27 16:25:00.439019,0,none
TXN-006326,CUST-00100,3872925,MERCH-0059,Kano,2026-09-23 09:33:00.172510,0,none
TXN-006200,CUST-00092,3580977,MERCH-0084,Lagos,2026-09-05 17:46:00.064713,0,none
TXN-004029,CUST-00134,3110884,MERCH-0065,Benin City,2026-08-05 10:21:00.338717,0,none
TXN-005314,CUST-00407,1647646,MERCH-0094,Ibadan,2026-10-03 08:52:00.270950,0,none
TXN-000679,CUST-00301,648279,MERCH-0094,Benin City,2026-07-13 18:51:00.773229,0,none
TXN-002578,CUST-00137,1038906,MERCH-0056,Kaduna,2026-08-28 12:40:00.201715,0,none
TXN-005054,CUST-00295,558549,MERCH-0038,Kano,2026-07-15 12:14:00.854549,0,none
TXN-006351,CUST-00210,3827115,MERCH-0014,Benin City,2026-09-17 16:59:00.379153,0,none
TXN-BURST-TXN-003305-2,CUST-00286,3792914,MERCH-0056,Kaduna,2026-09-16 09:50:30.011305,1,velocity_burst
TXN-003486,CUST-00249,1948583,MERCH-0037,Lagos,2026-08-19 18:58:00.306600,0,none
TXN-004171,CUST-00008,103283544,MERCH-0090,Port Harcourt,2026-09-21 12:48:00.488558,1,amount_anomaly
TXN-000103,CUST-00358,1772496,MERCH-0042,Enugu,2026-09-17 10:31:00.369817,0,none
TXN-000958,CUST-00384,1256707,MERCH-0027,Kano,2026-09-05 15:29:00.441912,0,none
TXN-005478,CUST-00011,2443206,MERCH-0064,Abuja,2026-09-04 14:50:00.817502,0,none
TXN-004329,CUST-00013,6397121,MERCH-0097,Enugu,2026-08-15 17:51:00.950504,0,none
TXN-008378,CUST-00141,2784509,MERCH-0078,Ibadan,2026-07-16 20:48:00.870075,0,none
TXN-007733,CUST-00453,2066196,MERCH-0096,Kaduna,2026-09-16 11:41:00.925492,0,none
TXN-008025,CUST-00004,3807234,MERCH-0044,Kano,2026-09-18 20:22:00.117011,0,none
TXN-002689,CUST-00085,3623172,MERCH-0073,Kaduna,2026-08-21 19:05:00.064827,0,none
TXN-005362,CUST-00081,2706727,MERCH-0014,Kano,2026-07-23 13:11:00.302886,0,none
TXN-008305,CUST-00259,5984672,MERCH-0039,Enugu,2026-08-29 17:07:00.061925,0,none
TXN-BURST-TXN-003745-0,CUST-00038,1737952,MERCH-0099,Lagos,2026-07-25 15:57:30.227184,1,velocity_burst
TXN-006352,CUST-00401,3252228,MERCH-0002,Enugu,2026-07-26 21:32:00.608244,0,none
TXN-007104,CUST-00014,1784313,MERCH-0009,Lagos,2026-09-28 16:21:00.503011,0,none
TXN-004831,CUST-00148,421962,MERCH-0098,Lagos,2026-08-09 07:00:00.075620,0,none
TXN-007249,CUST-00198,126577,MERCH-0021,Kaduna,2026-08-11 14:00:00.590989,0,none
TXN-000419,CUST-00241,494406,MERCH-0035,Ibadan,2026-08-09 15:39:00.413492,0,none
TXN-005227,CUST-00328,1434172,MERCH-0010,Enugu,2026-08-26 10:02:00.781169,0,none
TXN-007973,CUST-00458,3170472,MERCH-0059,Kano,2026-09-03 23:36:00.561545,1,off_hours
TXN-007151,CUST-00290,4363203,MERCH-0033,Kano,2026-09-21 08:37:00.805082,0,none
TXN-001948,CUST-00002,3716060,MERCH-0065,Abuja,2026-07-14 11:48:00.399260,0,none
TXN-002319,CUST-00425,3670910,MERCH-0020,Enugu,2026-08-02 12:19:00.370116,0,none
TXN-002300,CUST-00488,3066411,MERCH-0079,Benin City,2026-08-18 16:23:00.878862,0,none
TXN-004891,CUST-00186,1249586,MERCH-0006,Lagos,2026-08-29 17:19:00.165190,0,none
TXN-007018,CUST-00473,4471580,MERCH-0010,Port Harcourt,2026-09-13 14:29:00.695551,0,none
TXN-000209,CUST-00348,2056729,MERCH-0002,Abuja,2026-09-18 15:51:00.269276,0,none
TXN-006315,CUST-00303,5664413,MERCH-0091,Abuja,2026-09-30 20:02:00.323479,0,none
TXN-009653,CUST-00015,1595378,MERCH-0015,Lagos,2026-09-15 17:22:00.543541,0,none
TXN-005604,CUST-00133,1243785,MERCH-0017,Kaduna,2026-07-31 12:38:00.496231,1,velocity_burst
TXN-000529,CUST-00310,1884204,MERCH-0074,Abuja,2026-09-06 17:06:00.203418,0,none
TXN-001234,CUST-00115,4099325,MERCH-0100,Enugu,2026-07-12 13:18:00.260918,0,none
TXN-000780,CUST-00046,1008689,MERCH-0094,Port Harcourt,2026-08-22 06:36:00.274660,0,none
TXN-000723,CUST-00467,2045714,MERCH-0014,Lagos,2026-07-09 21:48:00.636436,0,none
TXN-006299,CUST-00270,3374409,MERCH-0081,Lagos,2026-07-28 07:55:00.584284,0,none
TXN-003464,CUST-00096,4011740,MERCH-0097,Lagos,2026-08-19 09:19:00.459963,0,none
TXN-001861,CUST-00332,1243896,MERCH-0084,Kano,2026-09-13 14:10:00.481480,0,none
TXN-008740,CUST-00307,1626908,MERCH-0059,Abuja,2026-07-12 12:47:00.167614,0,none
TXN-007976,CUST-00480,1325985,MERCH-0088,Enugu,2026-08-10 21:41:00.933806,0,none
TXN-003266,CUST-00238,2610940,MERCH-0033,Kaduna,2026-08-28 14:43:00.688298,0,none
TXN-006214,CUST-00356,5208637,MERCH-0006,Enugu,2026-09-07 08:23:00.037570,0,none
TXN-001993,CUST-00051,4295249,MERCH-0066,Enugu,2026-10-02 17:34:00.045981,0,none
TXN-002333,CUST-00309,2626247,MERCH-0016,Kaduna,2026-08-21 22:37:00.300331,0,none
TXN-005546,CUST-00488,1730293,MERCH-0024,Benin City,2026-09-13 13:50:00.518734,0,none
TXN-007803,CUST-00257,3399429,MERCH-0036,Kano,2026-09-01 17:47:00.200063,0,none
TXN-009355,CUST-00122,3175649,MERCH-0015,Lagos,2026-07-08 13:27:00.534408,0,none
TXN-008245,CUST-00334,1184472,MERCH-0018,Kano,2026-08-07 10:21:00.826838,0,none
TXN-009445,CUST-00153,4322656,MERCH-0056,Kaduna,2026-09-04 21:15:00.931053,0,none
TXN-002472,CUST-00230,1224920,MERCH-0006,Enugu,2026-07-27 18:02:00.071039,0,none
TXN-006606,CUST-00003,2980352,MERCH-0036,Lagos,2026-09-02 15:23:00.428216,0,none
TXN-009138,CUST-00148,580942,MERCH-0099,Lagos,2026-09-19 07:50:00.731278,0,none
TXN-005007,CUST-00415,530729,MERCH-0036,Kano,2026-08-05 13:15:00.311049,0,none
TXN-005287,CUST-00211,1496184,MERCH-0007,Kaduna,2026-09-10 17:27:00.573253,0,none
TXN-001397,CUST-00391,2397186,MERCH-0074,Port Harcourt,2026-08-07 10:20:00.508157,0,none
TXN-001490,CUST-00258,3112506,MERCH-0086,Kano,2026-10-02 19:30:00.155962,0,none
TXN-005051,CUST-00194,3775281,MERCH-0068,Kaduna,2026-08-04 19:39:00.349749,0,none
TXN-002885,CUST-00195,2495057,MERCH-0024,Benin City,2026-08-09 08:02:00.559873,0,none
TXN-003778,CUST-00462,5041481,MERCH-0053,Ibadan,2026-07-11 20:14:00.330719,0,none
TXN-001043,CUST-00044,1958417,MERCH-0009,Ibadan,2026-07-16 06:37:00.526026,0,none
TXN-009176,CUST-00256,7241682,MERCH-0087,Kano,2026-07-23 15:17:00.970555,0,none
TXN-003849,CUST-00447,2328343,MERCH-0094,Kaduna,2026-09-03 20:09:00.653872,0,none
TXN-007822,CUST-00498,4955531,MERCH-0065,Kano,2026-08-22 12:41:00.364849,0,none
TXN-000258,CUST-00076,2920281,MERCH-0089,Kaduna,2026-07-23 11:28:00.674270,0,none
TXN-009186,CUST-00373,7451487,MERCH-0032,Kaduna,2026-09-15 12:05:00.804767,0,none
TXN-009452,CUST-00434,3125388,MERCH-0022,Ibadan,2026-08-17 01:44:00.252800,1,off_hours
TXN-008929,CUST-00177,1817073,MERCH-0018,Benin City,2026-07-09 15:19:00.231948,0,none
TXN-008301,CUST-00295,662512,MERCH-0009,Kano,2026-07-31 16:41:00.455210,0,none
TXN-002836,CUST-00473,3815101,MERCH-0091,Port Harcourt,2026-09-26 19:07:00.022842,0,none
TXN-009113,CUST-00018,3757636,MERCH-0031,Abuja,2026-08-20 13:05:00.070932,0,none
TXN-002090,CUST-00081,2102621,MERCH-0082,Kano,2026-07-28 08:11:00.462326,0,none
TXN-000703,CUST-00230,3733682,MERCH-0092,Enugu,2026-08-22 19:12:00.292179,0,none
TXN-000504,CUST-00494,4135387,MERCH-0023,Kaduna,2026-08-19 10:57:00.133327,0,none
TXN-003932,CUST-00478,3996419,MERCH-0038,Benin City,2026-08-24 13:11:00.162641,0,none
TXN-009134,CUST-00423,55685328,MERCH-0060,Ibadan,2026-10-04 15:41:00.333098,1,amount_anomaly
TXN-001346,CUST-00492,1545160,MERCH-0001,Port Harcourt,2026-09-29 22:27:00.828291,0,none
TXN-006481,CUST-00076,3247940,MERCH-0089,Kaduna,2026-08-25 16:55:00.522624,0,none
TXN-005455,CUST-00175,3141949,MERCH-0004,Kano,2026-08-27 12:20:00.554537,0,none
TXN-002249,CUST-00423,3032701,MERCH-0038,Ibadan,2026-08-06 15:54:00.765608,0,none
TXN-005383,CUST-00205,1130423,MERCH-0083,Port Harcourt,2026-07-30 08:38:00.964812,0,none
TXN-004098,CUST-00149,4600467,MERCH-0056,Port Harcourt,2026-07-10 12:43:00.942439,0,none
TXN-000373,CUST-00496,5063832,MERCH-0071,Lagos,2026-09-21 10:03:00.318079,0,none
TXN-BURST-TXN-005991-0,CUST-00403,3682667,MERCH-0078,Abuja,2026-08-31 19:19:30.164130,1,velocity_burst
TXN-009306,CUST-00162,514549,MERCH-0023,Kano,2026-09-12 16:58:00.323511,0,none
TXN-002007,CUST-00302,3559370,MERCH-0061,Benin City,2026-09-28 08:16:00.442525,0,none
TXN-BURST-TXN-007890-2,CUST-00413,953230,MERCH-0028,Port Harcourt,2026-09-30 12:32:30.501219,1,velocity_burst
TXN-004439,CUST-00074,3738253,MERCH-0024,Kaduna,2026-08-03 09:30:00.989001,0,none
TXN-004353,CUST-00117,1515018,MERCH-0012,Lagos,2026-08-14 13:52:00.746857,0,none
TXN-BURST-TXN-006519-2,CUST-00184,5109977,MERCH-0100,Abuja,2026-07-17 13:40:30.002971,1,velocity_burst
TXN-003686,CUST-00183,2799111,MERCH-0045,Enugu,2026-07-18 15:59:00.265234,0,none
TXN-009512,CUST-00430,3630989,MERCH-0001,Lagos,2026-07-13 12:21:00.822862,0,none
TXN-002103,CUST-00113,514443,MERCH-0082,Kano,2026-09-20 12:42:00.511245,0,none
TXN-000998,CUST-00094,1477795,MERCH-0059,Abuja,2026-08-08 18:00:00.127251,0,none
TXN-008485,CUST-00112,4842220,MERCH-0002,Ibadan,2026-07-29 08:13:00.492993,0,none
TXN-008749,CUST-00295,965687,MERCH-0038,Kano,2026-09-30 04:19:00.795893,1,off_hours
TXN-001177,CUST-00457,2500835,MERCH-0090,Lagos,2026-08-04 08:39:00.105775,0,none
TXN-000552,CUST-00166,1225249,MERCH-0090,Kano,2026-08-02 09:51:00.125582,0,none
TXN-000745,CUST-00369,2536877,MERCH-0036,Lagos,2026-08-27 12:13:00.988712,0,none
TXN-007840,CUST-00315,6088118,MERCH-0100,Kaduna,2026-07-10 14:38:00.950774,0,none
TXN-003598,CUST-00170,2978502,MERCH-0080,Kano,2026-09-10 07:42:00.501456,0,none
TXN-006225,CUST-00295,568338,MERCH-0064,Kano,2026-10-01 14:39:00.159172,0,none
TXN-006121,CUST-00260,2464887,MERCH-0054,Kaduna,2026-09-23 18:26:00.393217,0,none
TXN-004693,CUST-00126,4983536,MERCH-0059,Benin City,2026-07-17 16:57:00.326073,0,none
TXN-005618,CUST-00057,5146171,MERCH-0071,Benin City,2026-07-16 22:29:00.403945,0,none
TXN-007390,CUST-00066,709404,MERCH-0006,Lagos,2026-08-16 09:42:00.713962,0,none
TXN-008200,CUST-00352,2588588,MERCH-0071,Kaduna,2026-09-25 18:04:00.911276,0,none
TXN-008646,CUST-00400,664398,MERCH-0009,Enugu,2026-09-25 09:33:00.226502,0,none
TXN-006068,CUST-00402,6304512,MERCH-0098,Abuja,2026-07-28 19:51:00.929369,0,none
TXN-003397,CUST-00016,5655037,MERCH-0082,Port Harcourt,2026-08-12 19:43:00.056688,0,none
TXN-005791,CUST-00368,7275583,MERCH-0055,Enugu,2026-07-29 19:23:00.420008,0,none
TXN-009651,CUST-00378,3606796,MERCH-0019,Kano,2026-07-13 08:55:00.502407,1,velocity_burst
TXN-005382,CUST-00313,3268375,MERCH-0098,Kaduna,2026-07-26 14:49:00.544634,0,none
TXN-003461,CUST-00355,505480,MERCH-0095,Benin City,2026-08-31 10:27:00.501808,0,none
TXN-000694,CUST-00300,5859412,MERCH-0087,Ibadan,2026-08-07 11:18:00.649998,0,none
TXN-002534,CUST-00083,2636042,MERCH-0081,Abuja,2026-09-17 18:11:00.282988,0,none
TXN-004886,CUST-00467,1707762,MERCH-0014,Lagos,2026-07-31 11:21:00.586204,0,none
TXN-000983,CUST-00474,7079607,MERCH-0069,Kano,2026-09-07 11:40:00.222990,0,none
TXN-003182,CUST-00429,5405707,MERCH-0001,Enugu,2026-08-24 12:01:00.363068,0,none
TXN-000080,CUST-00282,4026338,MERCH-0035,Abuja,2026-09-28 14:23:00.684258,0,none
TXN-004393,CUST-00456,3385187,MERCH-0085,Kaduna,2026-08-19 16:53:00.549473,0,none
TXN-003750,CUST-00068,3639034,MERCH-0100,Port Harcourt,2026-09-12 19:43:00.349985,0,none
TXN-008769,CUST-00435,2624692,MERCH-0003,Lagos,2026-07-22 10:16:00.503498,0,none
TXN-009975,CUST-00386,4145162,MERCH-0098,Kaduna,2026-07-18 18:53:00.671438,0,none
TXN-003622,CUST-00484,1574366,MERCH-0038,Lagos,2026-09-02 12:15:00.534261,0,none
TXN-005611,CUST-00425,3054617,MERCH-0026,Enugu,2026-08-25 11:01:00.821792,0,none
TXN-006889,CUST-00160,802418,MERCH-0083,Lagos,2026-07-29 14:31:00.821731,0,none
TXN-000262,CUST-00177,1496344,MERCH-0061,Benin City,2026-07-12 16:00:00.175959,0,none
TXN-002143,CUST-00390,1454835,MERCH-0071,Enugu,2026-09-05 10:33:00.577576,0,none
TXN-007336,CUST-00222,4202415,MERCH-0015,Port Harcourt,2026-08-21 09:57:00.544738,0,none
TXN-002269,CUST-00292,3144786,MERCH-0039,Enugu,2026-09-07 12:05:00.093890,0,none
TXN-000446,CUST-00060,374220,MERCH-0054,Ibadan,2026-09-21 09:25:00.034992,0,none
TXN-007345,CUST-00412,2357621,MERCH-0096,Kaduna,2026-07-14 12:07:00.846906,0,none
TXN-008694,CUST-00462,2562036,MERCH-0090,Ibadan,2026-08-16 10:22:00.539099,0,none
TXN-004061,CUST-00074,5323504,MERCH-0028,Kaduna,2026-09-03 16:38:00.033014,0,none
TXN-007982,CUST-00306,5608048,MERCH-0036,Ibadan,2026-10-01 12:59:00.480494,0,none
TXN-005970,CUST-00293,2885331,MERCH-0089,Ibadan,2026-09-29 12:28:00.798608,0,none
TXN-001702,CUST-00484,1298425,MERCH-0039,Lagos,2026-09-22 22:46:00.125304,0,none
TXN-006366,CUST-00036,1773236,MERCH-0096,Abuja,2026-09-01 11:06:00.572937,0,none
TXN-002527,CUST-00085,3940388,MERCH-0095,Kaduna,2026-08-23 19:01:00.038739,0,none
TXN-004589,CUST-00176,3153320,MERCH-0029,Benin City,2026-08-03 10:24:00.591253,0,none
TXN-000069,CUST-00137,552480,MERCH-0013,Kaduna,2026-10-04 07:13:00.825154,0,none
TXN-001169,CUST-00230,144763964,MERCH-0045,Enugu,2026-08-29 11:11:00.317522,1,amount_anomaly
TXN-000049,CUST-00129,3326199,MERCH-0003,Kano,2026-07-28 15:18:00.785158,0,none
TXN-001054,CUST-00445,601060,MERCH-0054,Kano,2026-08-12 13:44:00.743418,0,none
TXN-000085,CUST-00284,1819022,MERCH-0049,Abuja,2026-09-12 09:06:00.162068,0,none
TXN-000881,CUST-00226,5512255,MERCH-0068,Kano,2026-07-26 08:01:00.133588,0,none
TXN-002652,CUST-00236,1092182,MERCH-0005,Kano,2026-08-18 18:20:00.662545,0,none
TXN-005013,CUST-00135,2524458,MERCH-0053,Abuja,2026-07-29 09:13:00.454993,0,none
TXN-002440,CUST-00145,969347,MERCH-0011,Abuja,2026-07-09 15:23:00.360799,0,none
TXN-004053,CUST-00175,5177200,MERCH-0051,Kano,2026-07-11 15:26:00.178562,0,none
TXN-008935,CUST-00170,4907024,MERCH-0099,Kano,2026-08-31 12:42:00.855964,0,none
TXN-001468,CUST-00417,462839,MERCH-0039,Abuja,2026-09-18 18:32:00.313669,0,none
TXN-007051,CUST-00186,1758157,MERCH-0040,Lagos,2026-08-19 10:04:00.056996,0,none
TXN-008580,CUST-00052,3053562,MERCH-0040,Abuja,2026-09-16 13:26:00.028767,0,none
TXN-002442,CUST-00168,4603028,MERCH-0010,Ibadan,2026-09-27 15:07:00.909724,0,none
TXN-005047,CUST-00218,1830748,MERCH-0019,Abuja,2026-09-03 10:08:00.834892,0,none
TXN-000231,CUST-00180,793591,MERCH-0031,Kaduna,2026-08-16 15:36:00.176878,0,none
TXN-001321,CUST-00437,2608539,MERCH-0078,Kano,2026-09-19 13:05:00.421919,0,none
TXN-000042,CUST-00080,1349893,MERCH-0039,Port Harcourt,2026-09-22 19:05:00.390076,0,none
TXN-003040,CUST-00349,4079630,MERCH-0092,Kaduna,2026-09-19 15:01:00.999764,0,none
TXN-000778,CUST-00320,2275566,MERCH-0032,Abuja,2026-09-03 15:14:00.908278,0,none
TXN-BURST-TXN-009470-1,CUST-00212,4258177,MERCH-0041,Enugu,2026-10-01 12:17:00.472302,1,velocity_burst
TXN-002373,CUST-00391,1785391,MERCH-0074,Port Harcourt,2026-10-03 11:14:00.833178,0,none
TXN-001730,CUST-00150,3956176,MERCH-0006,Ibadan,2026-07-10 17:31:00.237523,0,none
TXN-003401,CUST-00169,4552667,MERCH-0044,Abuja,2026-07-20 19:50:00.804281,0,none
TXN-000580,CUST-00058,1269857,MERCH-0036,Ibadan,2026-07-21 18:42:00.674135,0,none
TXN-004281,CUST-00051,4431981,MERCH-0028,Enugu,2026-08-08 10:10:00.093128,0,none
TXN-006302,CUST-00180,1218958,MERCH-0031,Kaduna,2026-09-19 17:52:00.764232,0,none
TXN-003079,CUST-00129,2993607,MERCH-0003,Kano,2026-10-03 16:25:00.285182,0,none
TXN-007998,CUST-00358,1289290,MERCH-0051,Enugu,2026-08-09 07:12:00.888102,0,none
TXN-005226,CUST-00093,1643772,MERCH-0045,Port Harcourt,2026-08-07 11:20:00.559134,0,none
TXN-002868,CUST-00276,4299117,MERCH-0008,Enugu,2026-07-28 23:16:00.788354,1,off_hours
TXN-001492,CUST-00349,5735973,MERCH-0005,Kaduna,2026-09-24 11:11:00.635000,0,none
TXN-008167,CUST-00205,1129024,MERCH-0076,Port Harcourt,2026-08-16 12:44:00.396238,0,none
TXN-006058,CUST-00239,447442,MERCH-0023,Kano,2026-07-30 10:47:00.563994,0,none
TXN-000062,CUST-00099,5664456,MERCH-0060,Lagos,2026-08-20 06:36:00.185852,0,none
TXN-004748,CUST-00200,612768,MERCH-0071,Kaduna,2026-08-29 18:22:00.282989,0,none
TXN-006655,CUST-00264,3043745,MERCH-0049,Kaduna,2026-08-27 16:24:00.788462,0,none
TXN-BURST-TXN-001050-2,CUST-00123,1222462,MERCH-0031,Kano,2026-07-31 16:26:30.957294,1,velocity_burst
TXN-000403,CUST-00238,3021702,MERCH-0083,Kaduna,2026-08-02 09:50:00.933100,0,none
TXN-000333,CUST-00363,6364467,MERCH-0058,Enugu,2026-07-18 12:54:00.461154,0,none
TXN-002085,CUST-00488,3352842,MERCH-0029,Benin City,2026-09-30 09:09:00.353391,0,none
TXN-003058,CUST-00278,3867635,MERCH-0036,Ibadan,2026-08-08 17:45:00.449697,0,none
TXN-007376,CUST-00456,3334829,MERCH-0098,Kaduna,2026-07-22 17:35:00.589913,0,none
TXN-004681,CUST-00429,2875605,MERCH-0094,Enugu,2026-08-09 10:50:00.959929,0,none
TXN-000165,CUST-00399,684261,MERCH-0025,Kano,2026-09-04 15:26:00.883154,0,none
TXN-005504,CUST-00206,4554847,MERCH-0006,Kano,2026-09-11 12:46:00.353118,0,none
TXN-002716,CUST-00395,2458194,MERCH-0024,Enugu,2026-08-31 18:23:00.420086,0,none
TXN-009247,CUST-00182,1390624,MERCH-0061,Benin City,2026-09-14 16:26:00.258935,0,none
TXN-008292,CUST-00400,871163,MERCH-0019,Enugu,2026-08-12 10:16:00.163917,0,none
TXN-009793,CUST-00423,5764988,MERCH-0038,Ibadan,2026-07-08 11:45:00.052792,0,none
TXN-006604,CUST-00364,1939361,MERCH-0016,Ibadan,2026-08-06 14:24:00.418996,0,none
TXN-002756,CUST-00199,2786390,MERCH-0018,Kano,2026-07-12 15:12:00.496512,0,none
TXN-008354,CUST-00140,4266874,MERCH-0036,Kano,2026-07-23 08:20:00.429363,0,none
TXN-007597,CUST-00289,2871875,MERCH-0009,Kano,2026-09-25 13:19:00.689522,0,none
TXN-001335,CUST-00498,4057579,MERCH-0047,Kano,2026-09-11 16:26:00.655047,0,none
TXN-007774,CUST-00010,3336771,MERCH-0041,Ibadan,2026-08-30 17:26:00.981945,0,none
TXN-002865,CUST-00266,4019899,MERCH-0006,Kaduna,2026-07-08 10:58:00.500357,0,none
TXN-001660,CUST-00121,2806638,MERCH-0014,Kaduna,2026-09-29 09:04:00.028418,0,none
TXN-005928,CUST-00218,1342089,MERCH-0047,Abuja,2026-08-10 16:14:00.625694,0,none
TXN-000754,CUST-00146,4095551,MERCH-0066,Kaduna,2026-08-15 20:24:00.241191,0,none
TXN-003065,CUST-00245,5747532,MERCH-0073,Abuja,2026-07-08 09:59:00.330436,0,none
TXN-007107,CUST-00439,2497673,MERCH-0021,Ibadan,2026-09-23 11:34:00.238336,0,none
TXN-007785,CUST-00157,2107724,MERCH-0058,Abuja,2026-08-11 10:55:00.343672,0,none
TXN-000707,CUST-00151,624091,MERCH-0091,Enugu,2026-09-15 14:50:00.115163,1,velocity_burst
TXN-002974,CUST-00327,2486885,MERCH-0048,Port Harcourt,2026-09-03 10:21:00.785364,0,none
TXN-009978,CUST-00344,1885522,MERCH-0064,Kano,2026-09-12 16:51:00.371399,0,none
TXN-003541,CUST-00392,1461041,MERCH-0055,Kaduna,2026-07-27 13:38:00.064026,0,none
TXN-009866,CUST-00186,2177778,MERCH-0040,Lagos,2026-07-13 10:16:00.229754,0,none
TXN-007071,CUST-00140,1513282,MERCH-0015,Kano,2026-09-29 11:58:00.884475,0,none
TXN-BURST-TXN-006100-2,CUST-00207,3409723,MERCH-0081,Port Harcourt,2026-09-06 17:56:30.922347,1,velocity_burst
TXN-009929,CUST-00046,670422,MERCH-0094,Port Harcourt,2026-07-26 06:30:00.843632,0,none
TXN-003152,CUST-00445,1220805,MERCH-0050,Kano,2026-08-22 20:28:00.632678,0,none
TXN-006261,CUST-00367,1494899,MERCH-0074,Benin City,2026-09-23 14:59:00.891843,0,none
TXN-009901,CUST-00500,2684429,MERCH-0009,Kaduna,2026-07-14 07:50:00.077734,0,none
TXN-009310,CUST-00444,1784829,MERCH-0080,Kano,2026-07-22 09:04:00.009298,0,none
TXN-001835,CUST-00034,1313144,MERCH-0017,Abuja,2026-08-06 14:05:00.277341,0,none
TXN-006240,CUST-00319,5462608,MERCH-0042,Benin City,2026-08-08 12:14:00.307517,0,none
TXN-005862,CUST-00470,1571071,MERCH-0066,Benin City,2026-09-08 18:24:00.655951,0,none
TXN-004296,CUST-00027,817033,MERCH-0022,Abuja,2026-07-20 18:16:00.681160,0,none
TXN-006249,CUST-00124,3653093,MERCH-0096,Kaduna,2026-07-19 16:03:00.131064,0,none
TXN-005493,CUST-00181,1748143,MERCH-0086,Kano,2026-08-10 11:54:00.483435,0,none
TXN-009029,CUST-00460,4545255,MERCH-0056,Kano,2026-09-24 10:35:00.256162,0,none
TXN-007808,CUST-00249,3230043,MERCH-0024,Lagos,2026-07-25 23:32:00.144792,1,off_hours
TXN-009916,CUST-00046,624343,MERCH-0045,Port Harcourt,2026-08-16 17:10:00.700726,0,none
TXN-007259,CUST-00338,1728303,MERCH-0088,Benin City,2026-08-06 17:22:00.238331,0,none
TXN-002263,CUST-00308,7191906,MERCH-0079,Kaduna,2026-09-14 19:49:00.546250,1,velocity_burst
TXN-002247,CUST-00025,916543,MERCH-0025,Abuja,2026-08-07 15:12:00.290132,0,none
TXN-000836,CUST-00435,1867583,MERCH-0003,Lagos,2026-07-13 08:44:00.402579,0,none
TXN-008696,CUST-00072,1646090,MERCH-0084,Kaduna,2026-07-15 16:55:00.983874,0,none
TXN-004111,CUST-00215,3017289,MERCH-0034,Kaduna,2026-08-18 11:16:00.964404,0,none
TXN-000433,CUST-00076,2013365,MERCH-0012,Kaduna,2026-08-29 18:59:00.783704,0,none
TXN-003556,CUST-00483,2516876,MERCH-0016,Enugu,2026-07-14 08:34:00.555199,0,none
TXN-003942,CUST-00308,3882096,MERCH-0046,Kaduna,2026-07-30 21:04:00.379895,0,none
TXN-007663,CUST-00200,481734,MERCH-0060,Kaduna,2026-10-05 18:15:00.939184,0,none
TXN-007449,CUST-00041,1854884,MERCH-0096,Ibadan,2026-07-31 02:30:00.622877,1,off_hours
TXN-003816,CUST-00363,639744,MERCH-0004,Enugu,2026-07-17 15:55:00.790124,0,none
TXN-006962,CUST-00410,2176793,MERCH-0007,Ibadan,2026-10-04 08:46:00.337977,0,none
TXN-003870,CUST-00491,4322486,MERCH-0063,Abuja,2026-08-13 13:47:00.265166,0,none
TXN-001194,CUST-00007,918806,MERCH-0049,Abuja,2026-08-23 10:03:00.882637,0,none
TXN-009163,CUST-00162,1053787,MERCH-0023,Kano,2026-08-02 15:07:00.356160,0,none
TXN-002907,CUST-00159,3425599,MERCH-0060,Port Harcourt,2026-09-09 10:52:00.266969,1,velocity_burst
TXN-005897,CUST-00410,2121712,MERCH-0007,Ibadan,2026-08-14 06:59:00.066824,0,none
TXN-003289,CUST-00498,2983728,MERCH-0051,Kano,2026-08-13 18:11:00.457484,0,none
TXN-BURST-TXN-003388-1,CUST-00409,864665,MERCH-0068,Kano,2026-08-19 08:03:00.157512,1,velocity_burst
TXN-003834,CUST-00384,847688,MERCH-0034,Kano,2026-07-29 10:17:00.712508,0,none
TXN-007794,CUST-00410,2508979,MERCH-0047,Ibadan,2026-09-05 18:35:00.020731,0,none
TXN-003610,CUST-00225,3304795,MERCH-0095,Kano,2026-08-13 12:54:00.345428,0,none
TXN-008012,CUST-00245,3400389,MERCH-0026,Abuja,2026-07-14 21:19:00.117846,0,none
TXN-002730,CUST-00123,885526,MERCH-0069,Kano,2026-09-12 06:27:00.815941,0,none
TXN-BURST-TXN-006893-0,CUST-00356,4725184,MERCH-0053,Enugu,2026-09-20 14:19:30.256117,1,velocity_burst
TXN-005175,CUST-00184,4609021,MERCH-0083,Abuja,2026-07-26 07:00:00.127123,0,none
TXN-000434,CUST-00083,4880463,MERCH-0039,Abuja,2026-07-20 17:18:00.378438,0,none
TXN-003818,CUST-00413,926605,MERCH-0074,Port Harcourt,2026-08-31 16:28:00.009606,0,none
TXN-007911,CUST-00374,3199640,MERCH-0050,Ibadan,2026-09-20 14:57:00.150607,0,none
TXN-009421,CUST-00226,6715995,MERCH-0085,Kano,2026-08-12 07:20:00.586372,0,none
TXN-000105,CUST-00288,1871926,MERCH-0093,Lagos,2026-09-14 12:04:00.394406,0,none
TXN-009699,CUST-00421,5039260,MERCH-0039,Ibadan,2026-09-23 11:31:00.913545,0,none
TXN-001657,CUST-00226,4477502,MERCH-0062,Kano,2026-09-29 08:45:00.689114,0,none
TXN-BURST-TXN-009774-2,CUST-00163,2471073,MERCH-0048,Lagos,2026-08-02 15:59:30.357750,1,velocity_burst
TXN-001534,CUST-00216,2876641,MERCH-0025,Benin City,2026-07-18 15:01:00.108543,0,none
TXN-002987,CUST-00340,4309825,MERCH-0052,Lagos,2026-09-10 15:01:00.979109,0,none
TXN-009898,CUST-00085,3621842,MERCH-0079,Kaduna,2026-09-02 14:28:00.535395,0,none
TXN-001333,CUST-00396,403574,MERCH-0097,Kaduna,2026-07-20 19:56:00.723009,0,none
TXN-BURST-TXN-008836-1,CUST-00065,3707704,MERCH-0097,Ibadan,2026-09-16 14:00:00.687468,1,velocity_burst
TXN-003687,CUST-00275,7110425,MERCH-0098,Enugu,2026-08-04 15:41:00.371943,0,none
TXN-007977,CUST-00078,5364953,MERCH-0030,Enugu,2026-09-15 16:28:00.704495,1,geo_anomaly
TXN-001444,CUST-00068,5106279,MERCH-0014,Port Harcourt,2026-08-22 19:02:00.238100,0,none
TXN-BURST-TXN-008461-1,CUST-00129,2492537,MERCH-0076,Kano,2026-08-23 12:08:00.199011,1,velocity_burst
TXN-000215,CUST-00140,3174775,MERCH-0048,Kano,2026-08-17 12:28:00.466959,0,none
TXN-009640,CUST-00435,2672018,MERCH-0007,Lagos,2026-08-06 09:21:00.950079,0,none
TXN-005154,CUST-00469,832866,MERCH-0057,Benin City,2026-08-10 12:24:00.391819,0,none
TXN-002911,CUST-00346,2014374,MERCH-0066,Abuja,2026-07-24 14:12:00.585420,0,none
TXN-004851,CUST-00197,2231629,MERCH-0023,Kaduna,2026-08-13 15:22:00.052985,0,none
TXN-BURST-TXN-001445-1,CUST-00459,899588,MERCH-0059,Benin City,2026-09-21 09:05:00.448697,1,velocity_burst
TXN-001420,CUST-00179,4496788,MERCH-0054,Kano,2026-08-29 13:29:00.841788,0,none
TXN-009320,CUST-00453,1247229,MERCH-0016,Kaduna,2026-07-29 16:01:00.484332,0,none
TXN-008780,CUST-00024,999489,MERCH-0060,Abuja,2026-07-20 12:49:00.852757,0,none
TXN-000182,CUST-00286,3609354,MERCH-0024,Kaduna,2026-09-08 08:11:00.747756,0,none
TXN-005844,CUST-00469,1230696,MERCH-0100,Benin City,2026-08-05 07:44:00.448846,0,none
TXN-009014,CUST-00094,1771471,MERCH-0005,Abuja,2026-07-14 17:48:00.727291,0,none
TXN-002447,CUST-00427,4236619,MERCH-0036,Abuja,2026-07-22 12:23:00.893553,0,none
TXN-007612,CUST-00091,5187365,MERCH-0030,Lagos,2026-08-30 10:49:00.436355,0,none
TXN-007163,CUST-00496,3756230,MERCH-0070,Lagos,2026-09-03 16:07:00.471857,0,none
TXN-BURST-TXN-004301-1,CUST-00062,3928864,MERCH-0044,Enugu,2026-09-11 17:44:00.376650,1,velocity_burst
TXN-004112,CUST-00325,5283028,MERCH-0081,Kano,2026-07-12 18:17:00.932992,1,velocity_burst
TXN-003544,CUST-00385,2912575,MERCH-0007,Abuja,2026-08-05 08:00:00.660228,0,none
TXN-008381,CUST-00348,3658879,MERCH-0006,Abuja,2026-09-08 10:09:00.876532,0,none
TXN-003173,CUST-00110,1275598,MERCH-0053,Port Harcourt,2026-08-02 10:37:00.847657,0,none
TXN-001224,CUST-00488,2140320,MERCH-0021,Benin City,2026-08-29 11:38:00.606348,0,none
TXN-007250,CUST-00002,6304397,MERCH-0065,Abuja,2026-08-08 13:24:00.038592,0,none
TXN-000071,CUST-00372,743939,MERCH-0100,Kano,2026-09-04 16:42:00.043964,0,none
TXN-000545,CUST-00050,489181,MERCH-0037,Kano,2026-07-07 14:03:00.519140,0,none
TXN-001205,CUST-00027,677199,MERCH-0022,Abuja,2026-09-08 13:14:00.535208,0,none
TXN-008641,CUST-00469,1040001,MERCH-0029,Benin City,2026-08-24 09:20:00.029658,0,none
TXN-005518,CUST-00409,1083815,MERCH-0023,Kano,2026-08-09 19:57:00.728143,0,none
TXN-009435,CUST-00464,1636695,MERCH-0046,Benin City,2026-07-11 09:45:00.025686,0,none
TXN-003147,CUST-00165,1669068,MERCH-0084,Port Harcourt,2026-09-17 18:17:00.450900,0,none
TXN-006518,CUST-00067,2783227,MERCH-0073,Lagos,2026-09-14 08:07:00.575723,0,none
TXN-BURST-TXN-000707-2,CUST-00151,624091,MERCH-0091,Enugu,2026-09-15 14:51:30.115163,1,velocity_burst
TXN-003796,CUST-00006,2556966,MERCH-0081,Abuja,2026-09-09 15:17:00.028211,1,velocity_burst
TXN-008630,CUST-00050,2661161,MERCH-0027,Kano,2026-10-04 22:12:00.934466,0,none
TXN-004620,CUST-00163,2586590,MERCH-0079,Lagos,2026-08-30 21:57:00.035207,0,none
TXN-005333,CUST-00145,1136057,MERCH-0011,Abuja,2026-09-14 13:24:00.593395,0,none
TXN-009027,CUST-00189,1071380,MERCH-0042,Port Harcourt,2026-09-26 14:35:00.870807,0,none
TXN-000878,CUST-00193,1582661,MERCH-0073,Kano,2026-07-21 13:11:00.164168,0,none
TXN-008424,CUST-00028,6172109,MERCH-0022,Enugu,2026-07-20 18:18:00.698796,0,none
TXN-000197,CUST-00363,4569153,MERCH-0023,Enugu,2026-08-21 06:29:00.435791,0,none
TXN-BURST-TXN-002655-2,CUST-00019,3708372,MERCH-0017,Abuja,2026-10-02 11:00:30.636584,1,velocity_burst
TXN-004076,CUST-00107,3657992,MERCH-0092,Abuja,2026-08-10 15:05:00.671793,0,none
TXN-006785,CUST-00402,4769268,MERCH-0073,Abuja,2026-08-24 14:14:00.316658,0,none
TXN-002998,CUST-00004,2632104,MERCH-0014,Kano,2026-09-26 17:25:00.264410,0,none
TXN-002572,CUST-00201,5358646,MERCH-0010,Port Harcourt,2026-07-27 20:17:00.858234,0,none
TXN-008439,CUST-00253,3959833,MERCH-0079,Kano,2026-10-01 16:30:00.678112,0,none
TXN-007804,CUST-00405,4554237,MERCH-0061,Lagos,2026-07-31 19:14:00.353482,0,none
TXN-008941,CUST-00437,1359939,MERCH-0078,Kano,2026-09-13 13:37:00.312056,0,none
TXN-009705,CUST-00153,1259160,MERCH-0076,Kaduna,2026-08-14 06:34:00.862434,0,none
TXN-009288,CUST-00244,3774005,MERCH-0086,Benin City,2026-08-13 21:28:00.675042,0,none
TXN-005174,CUST-00168,4534678,MERCH-0020,Ibadan,2026-09-28 17:12:00.516737,0,none
TXN-005770,CUST-00145,1219281,MERCH-0087,Abuja,2026-08-02 17:38:00.184099,0,none
TXN-006912,CUST-00410,2099065,MERCH-0047,Ibadan,2026-10-02 03:40:00.589178,1,off_hours
TXN-002869,CUST-00070,1412289,MERCH-0006,Ibadan,2026-09-06 21:53:00.830097,0,none
TXN-002719,CUST-00076,1967554,MERCH-0089,Kaduna,2026-09-07 20:32:00.938958,0,none
TXN-008969,CUST-00418,429839,MERCH-0039,Kaduna,2026-09-03 09:29:00.384584,0,none
TXN-004194,CUST-00493,3735930,MERCH-0094,Ibadan,2026-08-24 11:50:00.095188,0,none
TXN-003685,CUST-00143,1480780,MERCH-0096,Enugu,2026-08-12 17:44:00.250872,0,none
TXN-007284,CUST-00042,989416,MERCH-0095,Enugu,2026-09-26 16:06:00.974128,0,none
TXN-009284,CUST-00199,3469748,MERCH-0031,Kano,2026-07-14 14:08:00.862598,0,none
TXN-007429,CUST-00378,1504626,MERCH-0076,Kano,2026-08-01 20:57:00.150760,0,none
TXN-007948,CUST-00396,5407568,MERCH-0008,Kaduna,2026-09-08 09:15:00.266593,0,none
TXN-002683,CUST-00412,4624112,MERCH-0021,Kaduna,2026-07-19 16:24:00.869834,0,none
TXN-004784,CUST-00418,973664,MERCH-0025,Kaduna,2026-08-03 20:57:00.828222,0,none
TXN-005327,CUST-00048,67550909,MERCH-0093,Ibadan,2026-08-09 09:52:00.198805,1,amount_anomaly
TXN-006307,CUST-00389,3523908,MERCH-0084,Abuja,2026-08-09 21:30:00.225208,0,none
TXN-007171,CUST-00470,1380237,MERCH-0024,Benin City,2026-08-15 14:41:00.256981,0,none
TXN-000219,CUST-00410,1416955,MERCH-0059,Ibadan,2026-09-27 11:59:00.866338,0,none
TXN-007863,CUST-00225,2332790,MERCH-0008,Kano,2026-07-18 19:23:00.632827,0,none
TXN-006648,CUST-00315,1388863,MERCH-0070,Kaduna,2026-09-23 22:38:00.111250,0,none
TXN-005822,CUST-00234,620160,MERCH-0062,Kano,2026-09-24 14:52:00.595410,0,none
TXN-002544,CUST-00284,3138866,MERCH-0049,Abuja,2026-07-11 17:34:00.305253,0,none
TXN-008308,CUST-00148,483195,MERCH-0018,Lagos,2026-10-02 16:38:00.509198,0,none
TXN-001245,CUST-00446,1033230,MERCH-0054,Kano,2026-08-17 14:14:00.586902,0,none
TXN-000421,CUST-00457,3685213,MERCH-0014,Lagos,2026-08-09 10:18:00.938520,0,none
TXN-007457,CUST-00352,2590794,MERCH-0071,Kaduna,2026-09-28 17:27:00.021737,0,none
TXN-006727,CUST-00232,1720385,MERCH-0007,Port Harcourt,2026-08-11 14:00:00.270583,0,none
TXN-002059,CUST-00400,930358,MERCH-0012,Enugu,2026-07-08 09:25:00.788046,0,none
TXN-008798,CUST-00244,5683260,MERCH-0098,Benin City,2026-09-20 13:44:00.334269,0,none
TXN-006949,CUST-00455,4957680,MERCH-0043,Ibadan,2026-09-03 11:30:00.508657,0,none
TXN-004951,CUST-00248,4365537,MERCH-0001,Kaduna,2026-07-20 10:59:00.833623,0,none
TXN-004868,CUST-00470,3398476,MERCH-0088,Benin City,2026-07-11 15:41:00.492208,0,none
TXN-001167,CUST-00426,3884658,MERCH-0024,Benin City,2026-09-17 13:47:00.795192,0,none
TXN-000255,CUST-00056,4073078,MERCH-0068,Kano,2026-09-05 15:20:00.725301,0,none
TXN-000416,CUST-00460,3099198,MERCH-0062,Kano,2026-08-16 22:43:00.653751,0,none
TXN-008778,CUST-00384,997244,MERCH-0027,Kano,2026-08-14 08:00:00.785128,0,none
TXN-009506,CUST-00076,2583187,MERCH-0038,Kaduna,2026-08-02 10:36:00.633054,0,none
TXN-008470,CUST-00083,4483409,MERCH-0020,Abuja,2026-08-06 09:16:00.081194,0,none
TXN-003371,CUST-00015,1678411,MERCH-0015,Lagos,2026-09-19 11:23:00.969205,0,none
TXN-000760,CUST-00266,3863168,MERCH-0029,Kaduna,2026-07-25 20:16:00.511450,0,none
TXN-001386,CUST-00482,739163,MERCH-0058,Port Harcourt,2026-08-16 13:32:00.323023,0,none
TXN-000655,CUST-00167,8828301,MERCH-0024,Abuja,2026-08-05 12:13:00.572138,0,none
TXN-001202,CUST-00077,2686019,MERCH-0068,Ibadan,2026-09-29 11:08:00.793396,0,none
TXN-002414,CUST-00141,3537814,MERCH-0004,Ibadan,2026-07-09 14:12:00.099552,0,none
TXN-003602,CUST-00430,3984867,MERCH-0087,Lagos,2026-09-19 12:42:00.585836,0,none
TXN-004611,CUST-00449,3229726,MERCH-0013,Ibadan,2026-09-23 10:47:00.014097,0,none
TXN-008637,CUST-00189,1071516,MERCH-0042,Port Harcourt,2026-07-28 11:20:00.067375,0,none
TXN-BURST-TXN-004307-2,CUST-00451,1152619,MERCH-0065,Kano,2026-08-21 13:31:30.199691,1,velocity_burst
TXN-008092,CUST-00136,830924,MERCH-0048,Enugu,2026-08-01 08:19:00.411516,0,none
TXN-003045,CUST-00481,1549107,MERCH-0023,Lagos,2026-08-16 10:55:00.669695,0,none
TXN-002831,CUST-00212,2085452,MERCH-0074,Enugu,2026-08-12 17:35:00.824294,0,none
TXN-003965,CUST-00352,2586044,MERCH-0059,Kaduna,2026-10-02 18:39:00.779023,0,none
TXN-000329,CUST-00293,4187902,MERCH-0041,Ibadan,2026-08-02 15:09:00.073286,0,none
TXN-004603,CUST-00304,559332,MERCH-0021,Abuja,2026-08-28 09:10:00.626760,0,none
TXN-006465,CUST-00431,1834237,MERCH-0014,Ibadan,2026-09-27 20:40:00.198649,0,none
TXN-004739,CUST-00240,4363204,MERCH-0086,Enugu,2026-08-10 17:41:00.909963,0,none
TXN-006301,CUST-00458,4932344,MERCH-0016,Kano,2026-08-23 12:02:00.730280,0,none
TXN-002064,CUST-00421,3152537,MERCH-0024,Ibadan,2026-09-04 14:57:00.205766,0,none
TXN-007093,CUST-00245,3609167,MERCH-0026,Abuja,2026-09-24 15:47:00.253040,0,none
TXN-009837,CUST-00344,1289705,MERCH-0034,Kano,2026-08-04 16:43:00.861165,0,none
TXN-003034,CUST-00424,2801419,MERCH-0010,Abuja,2026-08-07 09:40:00.756978,0,none
TXN-008695,CUST-00403,2745262,MERCH-0074,Abuja,2026-08-13 20:22:00.610095,0,none
TXN-003881,CUST-00138,2019103,MERCH-0016,Benin City,2026-08-18 15:50:00.054883,0,none
TXN-005144,CUST-00087,4449808,MERCH-0091,Kaduna,2026-08-13 18:09:00.067701,0,none
TXN-009158,CUST-00360,2198392,MERCH-0041,Abuja,2026-07-09 16:38:00.160312,0,none
TXN-001282,CUST-00282,1967913,MERCH-0004,Abuja,2026-07-12 18:34:00.936058,0,none
TXN-003020,CUST-00105,1504612,MERCH-0057,Lagos,2026-09-15 20:06:00.818318,0,none
TXN-003030,CUST-00129,2853949,MERCH-0017,Kano,2026-09-21 13:30:00.454191,0,none
TXN-003945,CUST-00049,3204468,MERCH-0086,Port Harcourt,2026-08-12 21:37:00.322401,0,none
TXN-002637,CUST-00060,784109,MERCH-0008,Ibadan,2026-09-26 13:23:00.712180,0,none
TXN-005590,CUST-00375,3620080,MERCH-0046,Kano,2026-10-04 20:24:00.203599,0,none
TXN-006951,CUST-00208,3581015,MERCH-0021,Port Harcourt,2026-08-10 08:42:00.566799,0,none
TXN-004839,CUST-00466,1168227,MERCH-0019,Lagos,2026-07-12 07:21:00.494118,0,none
TXN-003019,CUST-00469,1084162,MERCH-0080,Benin City,2026-09-30 13:00:00.859079,0,none
TXN-002946,CUST-00479,1655935,MERCH-0001,Abuja,2026-08-23 16:08:00.961714,0,none
TXN-006596,CUST-00077,3847575,MERCH-0071,Ibadan,2026-09-06 10:26:00.864780,0,none
TXN-008467,CUST-00297,3714432,MERCH-0069,Enugu,2026-08-09 19:48:00.232637,0,none
TXN-004247,CUST-00192,7148163,MERCH-0005,Benin City,2026-08-22 12:14:00.796377,0,none
TXN-004396,CUST-00042,536849,MERCH-0035,Enugu,2026-08-08 10:28:00.166564,0,none
TXN-002664,CUST-00469,1058609,MERCH-0100,Benin City,2026-08-03 20:43:00.672186,0,none
TXN-008582,CUST-00320,2337247,MERCH-0032,Abuja,2026-08-04 09:11:00.912505,0,none
TXN-001283,CUST-00253,1278786,MERCH-0054,Kano,2026-09-01 08:37:00.171203,0,none
TXN-006793,CUST-00347,1670524,MERCH-0093,Kano,2026-07-26 20:37:00.952146,0,none
TXN-001363,CUST-00371,3597652,MERCH-0042,Benin City,2026-07-10 20:52:00.529239,0,none
TXN-004254,CUST-00252,3010127,MERCH-0049,Lagos,2026-07-18 13:15:00.401549,0,none
TXN-004274,CUST-00393,1082221,MERCH-0022,Kaduna,2026-07-14 07:42:00.801535,0,none
TXN-001438,CUST-00458,2398675,MERCH-0059,Kano,2026-08-19 12:43:00.160605,0,none
TXN-009977,CUST-00231,3887740,MERCH-0069,Kaduna,2026-07-29 18:17:00.712257,0,none
TXN-005922,CUST-00364,1510650,MERCH-0008,Ibadan,2026-09-12 18:40:00.240791,0,none
TXN-000057,CUST-00338,2479765,MERCH-0070,Benin City,2026-08-25 17:43:00.139770,0,none
TXN-004964,CUST-00112,5647558,MERCH-0037,Ibadan,2026-07-18 16:42:00.656842,0,none
TXN-008872,CUST-00362,2555122,MERCH-0046,Lagos,2026-07-07 23:46:00.956902,1,off_hours
TXN-003466,CUST-00072,1764344,MERCH-0084,Kaduna,2026-08-06 23:23:00.814381,1,off_hours
TXN-001845,CUST-00443,3692372,MERCH-0098,Benin City,2026-07-30 13:03:00.669065,0,none
TXN-BURST-TXN-004307-0,CUST-00451,1152619,MERCH-0065,Kano,2026-08-21 13:30:30.199691,1,velocity_burst
TXN-008885,CUST-00052,2235844,MERCH-0040,Abuja,2026-09-19 16:09:00.422745,0,none
TXN-006019,CUST-00025,479349,MERCH-0025,Abuja,2026-08-13 11:31:00.265885,0,none
TXN-002881,CUST-00134,4446867,MERCH-0065,Benin City,2026-09-15 19:42:00.360066,0,none
TXN-001744,CUST-00210,4819123,MERCH-0072,Benin City,2026-10-05 18:56:00.661061,0,none
TXN-003382,CUST-00118,2201269,MERCH-0033,Enugu,2026-07-26 19:56:00.474508,0,none
TXN-008700,CUST-00070,1477879,MERCH-0006,Ibadan,2026-08-12 19:58:00.613718,0,none
TXN-008367,CUST-00325,4710462,MERCH-0013,Kano,2026-09-04 13:10:00.343057,0,none
TXN-004511,CUST-00150,6321812,MERCH-0095,Ibadan,2026-08-26 16:51:00.458634,0,none
TXN-006773,CUST-00176,2832719,MERCH-0004,Benin City,2026-08-31 16:31:00.793529,0,none
TXN-004133,CUST-00136,1538328,MERCH-0048,Enugu,2026-09-05 09:41:00.705261,0,none
TXN-000741,CUST-00229,2816911,MERCH-0016,Ibadan,2026-08-21 20:39:00.972492,0,none
TXN-009549,CUST-00171,1356531,MERCH-0058,Kaduna,2026-08-21 11:21:00.248612,0,none
TXN-009379,CUST-00220,5068799,MERCH-0042,Benin City,2026-08-13 21:07:00.416292,0,none
TXN-007150,CUST-00289,2371225,MERCH-0064,Kano,2026-08-22 11:17:00.758765,0,none
TXN-001625,CUST-00137,896169,MERCH-0056,Kaduna,2026-08-29 06:22:00.775332,0,none
TXN-000525,CUST-00262,846006,MERCH-0006,Ibadan,2026-08-08 09:16:00.749761,0,none
TXN-007111,CUST-00206,2201275,MERCH-0011,Kano,2026-08-19 15:21:00.143594,0,none
TXN-008942,CUST-00487,1862854,MERCH-0069,Kano,2026-08-01 12:47:00.044749,0,none
TXN-003236,CUST-00284,4537831,MERCH-0035,Abuja,2026-08-23 08:28:00.319759,0,none
TXN-008500,CUST-00168,3301220,MERCH-0010,Ibadan,2026-09-22 14:00:00.486573,0,none
TXN-003258,CUST-00035,5217246,MERCH-0085,Kano,2026-07-28 11:03:00.028293,0,none
TXN-005861,CUST-00317,4406102,MERCH-0045,Ibadan,2026-09-05 19:06:00.487885,0,none
TXN-007220,CUST-00385,2960408,MERCH-0050,Abuja,2026-07-10 14:08:00.032239,0,none
TXN-008073,CUST-00417,813189,MERCH-0088,Abuja,2026-07-12 19:20:00.803261,0,none
TXN-000436,CUST-00060,938936,MERCH-0070,Ibadan,2026-07-09 14:36:00.743670,0,none
TXN-009244,CUST-00298,3308737,MERCH-0043,Abuja,2026-08-25 18:01:00.276988,0,none
TXN-005682,CUST-00326,1365320,MERCH-0055,Lagos,2026-09-17 12:41:00.364268,0,none
TXN-000309,CUST-00300,2541405,MERCH-0020,Ibadan,2026-09-18 11:46:00.253665,0,none
TXN-001566,CUST-00033,2539342,MERCH-0002,Kano,2026-09-11 00:09:00.464349,1,off_hours
TXN-002632,CUST-00372,812833,MERCH-0008,Kano,2026-07-12 22:33:00.486356,0,none
TXN-006946,CUST-00448,5618166,MERCH-0041,Kaduna,2026-09-30 01:35:00.637629,1,off_hours
TXN-004788,CUST-00274,3576983,MERCH-0051,Ibadan,2026-09-09 20:09:00.696757,0,none
TXN-000402,CUST-00383,1159548,MERCH-0041,Ibadan,2026-08-16 09:29:00.694329,0,none
TXN-004270,CUST-00173,2304297,MERCH-0007,Port Harcourt,2026-09-25 16:53:00.181693,0,none
TXN-003069,CUST-00469,642955,MERCH-0100,Benin City,2026-08-28 19:53:00.212254,0,none
TXN-000882,CUST-00102,3947556,MERCH-0063,Ibadan,2026-07-21 12:11:00.754148,1,geo_anomaly
TXN-000435,CUST-00094,2894897,MERCH-0085,Abuja,2026-08-20 10:15:00.790713,0,none
TXN-009632,CUST-00189,1627898,MERCH-0042,Port Harcourt,2026-08-31 09:04:00.633503,0,none
TXN-003298,CUST-00201,3339792,MERCH-0017,Port Harcourt,2026-09-05 19:59:00.156544,0,none
TXN-004802,CUST-00231,3109910,MERCH-0090,Kaduna,2026-08-13 16:13:00.485481,0,none
TXN-007848,CUST-00043,5084056,MERCH-0045,Abuja,2026-08-20 17:44:00.217200,0,none
TXN-008910,CUST-00187,4719072,MERCH-0100,Enugu,2026-08-04 12:06:00.964251,0,none
TXN-005207,CUST-00140,2552247,MERCH-0072,Kano,2026-08-20 13:20:00.954770,0,none
TXN-006188,CUST-00371,5024290,MERCH-0042,Benin City,2026-09-01 12:15:00.046780,0,none
TXN-005995,CUST-00211,1684881,MERCH-0007,Kaduna,2026-09-10 15:00:00.345199,0,none
TXN-000289,CUST-00323,2661305,MERCH-0012,Kaduna,2026-10-01 14:51:00.953513,0,none
TXN-BURST-TXN-004664-0,CUST-00316,888713,MERCH-0084,Benin City,2026-08-30 15:06:30.265512,1,velocity_burst
TXN-008625,CUST-00367,2023610,MERCH-0056,Benin City,2026-08-13 18:37:00.191131,0,none
TXN-002624,CUST-00088,2358556,MERCH-0029,Abuja,2026-08-14 16:52:00.147264,0,none
TXN-006409,CUST-00254,2431205,MERCH-0077,Lagos,2026-09-04 18:51:00.177991,0,none
TXN-000477,CUST-00490,2203777,MERCH-0063,Abuja,2026-08-31 14:12:00.727058,0,none
TXN-008460,CUST-00216,3663441,MERCH-0071,Benin City,2026-09-23 11:24:00.991066,0,none
TXN-009481,CUST-00225,5814989,MERCH-0100,Kano,2026-08-21 01:31:00.494073,1,off_hours
TXN-000232,CUST-00126,3253292,MERCH-0016,Benin City,2026-07-28 08:19:00.630333,0,none
TXN-004646,CUST-00065,4803388,MERCH-0033,Ibadan,2026-07-08 08:01:00.051215,0,none
TXN-003482,CUST-00487,2153628,MERCH-0077,Kano,2026-08-16 13:10:00.107069,0,none
TXN-000738,CUST-00206,3108223,MERCH-0083,Kano,2026-09-24 18:55:00.083461,0,none
TXN-003657,CUST-00221,1979720,MERCH-0076,Benin City,2026-09-23 11:21:00.892160,0,none
TXN-000843,CUST-00230,3348744,MERCH-0092,Enugu,2026-09-10 09:56:00.775738,0,none
TXN-007074,CUST-00403,3301055,MERCH-0078,Abuja,2026-10-02 15:08:00.054461,0,none
TXN-005842,CUST-00133,575220,MERCH-0075,Kaduna,2026-08-15 12:12:00.007592,0,none
TXN-006004,CUST-00040,840255,MERCH-0006,Kano,2026-07-24 13:39:00.591811,0,none
TXN-005279,CUST-00269,5009726,MERCH-0070,Kaduna,2026-09-15 19:55:00.715383,0,none
TXN-003252,CUST-00415,290942,MERCH-0083,Kano,2026-08-14 11:53:00.467769,0,none
TXN-004476,CUST-00400,1050673,MERCH-0009,Enugu,2026-09-24 14:05:00.925630,0,none
TXN-005533,CUST-00198,1826071,MERCH-0071,Kaduna,2026-08-11 18:20:00.911508,0,none
TXN-009411,CUST-00064,1864093,MERCH-0049,Enugu,2026-09-02 17:11:00.886991,0,none
TXN-004193,CUST-00392,805170,MERCH-0055,Kaduna,2026-07-23 12:38:00.071026,0,none
TXN-001322,CUST-00454,4045217,MERCH-0082,Abuja,2026-07-23 10:45:00.877105,0,none
TXN-001840,CUST-00238,3123588,MERCH-0021,Kaduna,2026-07-08 08:58:00.417914,0,none
TXN-001996,CUST-00094,1678670,MERCH-0052,Abuja,2026-08-27 11:44:00.520912,0,none
TXN-002400,CUST-00385,3478636,MERCH-0050,Abuja,2026-07-26 17:20:00.981247,0,none
TXN-007031,CUST-00309,711672,MERCH-0041,Kaduna,2026-07-21 22:58:00.075133,0,none
TXN-007418,CUST-00479,1604545,MERCH-0081,Abuja,2026-08-19 18:55:00.887058,0,none
TXN-005322,CUST-00437,1941793,MERCH-0067,Kano,2026-08-15 16:43:00.469681,0,none
TXN-001042,CUST-00326,1894405,MERCH-0055,Lagos,2026-10-05 08:18:00.824475,0,none
TXN-000801,CUST-00127,703257,MERCH-0073,Ibadan,2026-08-19 10:36:00.023134,0,none
TXN-004049,CUST-00175,5744333,MERCH-0051,Kano,2026-09-02 18:01:00.953426,0,none
TXN-006127,CUST-00234,396952,MERCH-0084,Kano,2026-09-25 13:36:00.104156,0,none
TXN-001406,CUST-00236,1362411,MERCH-0096,Kano,2026-07-26 10:09:00.497370,0,none
TXN-005866,CUST-00064,2175080,MERCH-0049,Enugu,2026-08-27 17:09:00.874067,0,none
TXN-000070,CUST-00492,1620869,MERCH-0032,Port Harcourt,2026-09-04 11:06:00.210670,0,none
TXN-006177,CUST-00278,6704915,MERCH-0088,Ibadan,2026-09-13 08:36:00.067977,0,none
TXN-002760,CUST-00069,3002628,MERCH-0092,Lagos,2026-08-25 19:33:00.040765,0,none
TXN-003814,CUST-00421,2746586,MERCH-0024,Ibadan,2026-07-18 09:02:00.000224,0,none
TXN-004467,CUST-00184,4933061,MERCH-0044,Abuja,2026-09-23 12:29:00.980735,0,none
TXN-001587,CUST-00397,2717177,MERCH-0008,Benin City,2026-09-05 15:11:00.828788,0,none
TXN-008317,CUST-00491,1116554,MERCH-0063,Abuja,2026-07-25 14:20:00.745863,0,none
TXN-009233,CUST-00126,3480389,MERCH-0059,Benin City,2026-07-30 08:01:00.868366,0,none
TXN-007827,CUST-00089,1055517,MERCH-0037,Kano,2026-07-15 11:42:00.676279,0,none
TXN-001075,CUST-00372,491158,MERCH-0008,Kano,2026-07-13 20:14:00.759430,0,none
TXN-008847,CUST-00217,1054541,MERCH-0036,Port Harcourt,2026-09-18 15:48:00.080900,0,none
TXN-003462,CUST-00452,3354718,MERCH-0074,Ibadan,2026-07-17 14:29:00.280020,0,none
TXN-006849,CUST-00212,3642599,MERCH-0093,Enugu,2026-08-03 08:52:00.462272,0,none
TXN-001470,CUST-00435,6071948,MERCH-0084,Lagos,2026-08-26 09:58:00.546220,0,none
TXN-009412,CUST-00072,3347157,MERCH-0062,Kaduna,2026-08-31 19:03:00.899289,0,none
TXN-009397,CUST-00051,1920345,MERCH-0087,Lagos,2026-07-29 11:37:00.633675,1,geo_anomaly
TXN-002604,CUST-00308,5554566,MERCH-0015,Kaduna,2026-09-08 08:43:00.537335,0,none
TXN-006605,CUST-00152,2695726,MERCH-0022,Enugu,2026-07-16 13:42:00.521263,0,none
TXN-001580,CUST-00431,2168368,MERCH-0014,Ibadan,2026-07-30 10:20:00.402898,0,none
TXN-003626,CUST-00008,5573214,MERCH-0090,Port Harcourt,2026-07-27 08:23:00.358284,0,none
TXN-004011,CUST-00442,2939592,MERCH-0038,Port Harcourt,2026-09-23 12:25:00.920165,0,none
TXN-004122,CUST-00496,81868794,MERCH-0034,Lagos,2026-08-29 18:35:00.579622,1,amount_anomaly
TXN-000410,CUST-00027,831624,MERCH-0097,Abuja,2026-08-30 16:23:00.023539,0,none
TXN-009440,CUST-00397,5351132,MERCH-0050,Lagos,2026-07-17 17:36:00.165492,1,geo_anomaly
TXN-002953,CUST-00312,5324465,MERCH-0025,Lagos,2026-08-05 18:09:00.977203,0,none
TXN-006976,CUST-00368,5125267,MERCH-0055,Enugu,2026-07-23 06:12:00.852513,0,none
TXN-005654,CUST-00200,1034702,MERCH-0060,Ibadan,2026-08-26 20:44:00.131317,1,geo_anomaly
TXN-009161,CUST-00140,3713430,MERCH-0036,Kano,2026-10-04 15:51:00.892228,1,velocity_burst
TXN-003092,CUST-00014,1404438,MERCH-0033,Lagos,2026-09-10 15:16:00.609794,0,none
TXN-002727,CUST-00115,2127793,MERCH-0100,Enugu,2026-08-26 13:42:00.833483,0,none
TXN-000478,CUST-00393,2599520,MERCH-0082,Kaduna,2026-07-12 18:06:00.322100,0,none
TXN-001330,CUST-00049,5785300,MERCH-0087,Port Harcourt,2026-08-29 13:10:00.443807,0,none
TXN-002284,CUST-00266,3113407,MERCH-0095,Kaduna,2026-08-06 07:39:00.716212,0,none
TXN-009992,CUST-00219,4666732,MERCH-0018,Ibadan,2026-08-29 09:40:00.252565,0,none
TXN-006154,CUST-00128,2601293,MERCH-0077,Ibadan,2026-09-06 14:02:00.511781,0,none
TXN-001778,CUST-00161,5276304,MERCH-0084,Enugu,2026-08-16 15:29:00.517078,0,none
TXN-006576,CUST-00169,3524920,MERCH-0044,Abuja,2026-08-28 20:51:00.271047,0,none
TXN-000752,CUST-00233,829410,MERCH-0013,Ibadan,2026-07-10 13:51:00.929564,0,none
TXN-006253,CUST-00412,1418698,MERCH-0089,Kaduna,2026-09-29 18:03:00.318392,0,none
TXN-004395,CUST-00013,4706227,MERCH-0066,Enugu,2026-07-22 11:51:00.003500,0,none
TXN-008659,CUST-00454,3414994,MERCH-0071,Abuja,2026-08-02 10:27:00.460951,0,none
TXN-006779,CUST-00364,1449023,MERCH-0002,Ibadan,2026-07-21 14:21:00.844504,0,none
TXN-007693,CUST-00231,2575602,MERCH-0069,Kaduna,2026-09-13 18:57:00.042276,0,none
TXN-005736,CUST-00210,3848480,MERCH-0066,Benin City,2026-07-14 16:44:00.275098,0,none
TXN-001032,CUST-00294,1029773,MERCH-0073,Ibadan,2026-07-31 11:17:00.968400,0,none
TXN-009870,CUST-00396,2983950,MERCH-0008,Kaduna,2026-07-20 13:54:00.933567,0,none
TXN-009413,CUST-00265,189110078,MERCH-0013,Kaduna,2026-09-30 11:28:00.507301,1,amount_anomaly
TXN-000469,CUST-00252,4082990,MERCH-0069,Lagos,2026-07-31 10:48:00.627250,0,none
TXN-001546,CUST-00322,4318596,MERCH-0036,Enugu,2026-09-05 17:59:00.163972,0,none
TXN-007631,CUST-00389,3126359,MERCH-0056,Abuja,2026-09-19 17:44:00.731628,0,none
TXN-008874,CUST-00419,754177,MERCH-0004,Ibadan,2026-10-04 19:32:00.482886,0,none
TXN-002684,CUST-00437,2561843,MERCH-0085,Kano,2026-07-21 07:05:00.876764,0,none
TXN-007746,CUST-00467,2322634,MERCH-0014,Lagos,2026-08-11 18:04:00.674394,0,none
TXN-006671,CUST-00047,5783293,MERCH-0006,Abuja,2026-09-16 10:43:00.342043,1,velocity_burst
TXN-001026,CUST-00060,1461746,MERCH-0070,Ibadan,2026-07-18 19:45:00.383314,0,none
TXN-004316,CUST-00309,1869319,MERCH-0031,Kaduna,2026-08-06 20:24:00.167848,0,none
TXN-BURST-TXN-008466-1,CUST-00463,3848102,MERCH-0038,Port Harcourt,2026-10-02 14:36:00.055928,1,velocity_burst
TXN-007969,CUST-00100,6407097,MERCH-0061,Kano,2026-09-14 21:36:00.820632,0,none
TXN-007135,CUST-00031,1200214,MERCH-0006,Kano,2026-10-02 12:03:00.625047,0,none
TXN-003519,CUST-00469,1008938,MERCH-0057,Benin City,2026-08-08 06:28:00.569556,0,none
TXN-BURST-TXN-003338-1,CUST-00340,4527192,MERCH-0054,Lagos,2026-08-14 19:26:00.814962,1,velocity_burst
TXN-002355,CUST-00321,1712657,MERCH-0081,Benin City,2026-08-01 20:31:00.631796,0,none
TXN-009817,CUST-00147,1805501,MERCH-0068,Enugu,2026-07-18 17:51:00.072920,0,none
TXN-BURST-TXN-006940-1,CUST-00084,847116,MERCH-0100,Ibadan,2026-08-30 14:59:00.755365,1,velocity_burst
TXN-000774,CUST-00290,4301240,MERCH-0033,Kano,2026-08-18 13:50:00.754961,0,none
TXN-004375,CUST-00350,2033344,MERCH-0010,Enugu,2026-08-28 08:47:00.405442,0,none
TXN-009129,CUST-00479,1089364,MERCH-0028,Abuja,2026-07-25 14:47:00.933438,0,none
TXN-003946,CUST-00086,1670912,MERCH-0011,Abuja,2026-07-31 17:57:00.037302,0,none
TXN-008226,CUST-00058,4193534,MERCH-0036,Ibadan,2026-08-24 16:29:00.850055,0,none
TXN-000642,CUST-00134,4039615,MERCH-0065,Benin City,2026-09-04 21:29:00.238769,0,none
TXN-005082,CUST-00382,1611543,MERCH-0073,Port Harcourt,2026-09-13 12:17:00.291987,0,none
TXN-004773,CUST-00100,6309663,MERCH-0019,Kano,2026-09-13 12:40:00.283658,0,none
TXN-004422,CUST-00017,514427,MERCH-0001,Ibadan,2026-07-16 12:34:00.470389,0,none
TXN-006459,CUST-00132,4241301,MERCH-0088,Port Harcourt,2026-07-11 18:15:00.323488,0,none
TXN-008187,CUST-00410,3015077,MERCH-0007,Ibadan,2026-07-25 06:54:00.719380,0,none
TXN-008837,CUST-00336,2943241,MERCH-0083,Port Harcourt,2026-07-18 16:38:00.379262,0,none
TXN-001109,CUST-00207,2279136,MERCH-0081,Port Harcourt,2026-08-24 17:19:00.339423,0,none
TXN-005509,CUST-00326,1644114,MERCH-0084,Lagos,2026-08-29 17:00:00.041838,0,none
TXN-004084,CUST-00219,3780514,MERCH-0006,Ibadan,2026-09-22 18:03:00.374330,0,none
TXN-001421,CUST-00382,1750742,MERCH-0078,Port Harcourt,2026-07-30 10:16:00.813705,0,none
TXN-005404,CUST-00437,2028817,MERCH-0067,Kano,2026-07-20 16:53:00.279857,0,none
TXN-BURST-TXN-008375-0,CUST-00149,1738286,MERCH-0069,Port Harcourt,2026-08-28 06:05:30.270014,1,velocity_burst
TXN-005305,CUST-00336,2363334,MERCH-0096,Port Harcourt,2026-08-03 20:39:00.201550,0,none
TXN-009743,CUST-00292,1996747,MERCH-0018,Enugu,2026-07-24 09:39:00.272646,0,none
TXN-009813,CUST-00334,2176529,MERCH-0036,Kano,2026-07-27 12:26:00.321657,0,none
TXN-005936,CUST-00473,5161952,MERCH-0041,Port Harcourt,2026-09-21 23:08:00.400465,1,off_hours
TXN-000963,CUST-00344,1559759,MERCH-0064,Kano,2026-07-11 13:22:00.104975,0,none
TXN-001681,CUST-00276,3758351,MERCH-0011,Enugu,2026-07-29 18:42:00.598063,0,none
TXN-007248,CUST-00236,901458,MERCH-0096,Kano,2026-09-17 12:25:00.534490,0,none
TXN-000634,CUST-00046,1111852,MERCH-0041,Port Harcourt,2026-09-23 22:27:00.762210,0,none
TXN-002570,CUST-00106,5210524,MERCH-0051,Kano,2026-07-17 17:53:00.356481,0,none
TXN-006436,CUST-00156,1284987,MERCH-0098,Ibadan,2026-09-26 20:36:00.104973,0,none
TXN-007283,CUST-00208,6604442,MERCH-0059,Port Harcourt,2026-07-29 08:04:00.752060,0,none
TXN-003310,CUST-00232,1422293,MERCH-0086,Port Harcourt,2026-09-12 10:04:00.292643,0,none
TXN-002167,CUST-00472,513806,MERCH-0079,Port Harcourt,2026-08-02 03:57:00.152970,1,off_hours
TXN-000364,CUST-00414,2495799,MERCH-0017,Ibadan,2026-10-02 20:30:00.617172,0,none
TXN-007304,CUST-00321,1584192,MERCH-0081,Benin City,2026-07-17 20:53:00.527244,0,none
TXN-002826,CUST-00242,403235,MERCH-0016,Port Harcourt,2026-07-20 11:20:00.377815,0,none
TXN-005642,CUST-00378,50377410,MERCH-0003,Kano,2026-09-26 15:39:00.069000,1,amount_anomaly
TXN-003575,CUST-00070,1320250,MERCH-0045,Ibadan,2026-07-08 13:59:00.820482,0,none
TXN-006744,CUST-00275,3098338,MERCH-0005,Enugu,2026-08-13 12:18:00.098185,0,none
TXN-008104,CUST-00427,5368440,MERCH-0008,Abuja,2026-09-08 09:22:00.249459,0,none
TXN-007975,CUST-00039,3028681,MERCH-0002,Kano,2026-07-08 17:51:00.611185,0,none
TXN-000472,CUST-00352,3619918,MERCH-0059,Kaduna,2026-07-15 19:52:00.019501,0,none
TXN-004077,CUST-00322,4823324,MERCH-0048,Enugu,2026-09-12 14:48:00.228362,0,none
TXN-008310,CUST-00105,1555511,MERCH-0068,Lagos,2026-07-29 13:41:00.131763,0,none
TXN-003339,CUST-00160,1237349,MERCH-0012,Lagos,2026-08-08 19:57:00.006988,0,none
TXN-005560,CUST-00248,1232487,MERCH-0075,Kaduna,2026-09-18 09:43:00.222503,0,none
TXN-001173,CUST-00393,2513498,MERCH-0011,Kaduna,2026-08-07 10:16:00.832707,0,none
TXN-004383,CUST-00090,194995812,MERCH-0065,Abuja,2026-10-03 09:48:00.689565,1,amount_anomaly
TXN-009257,CUST-00146,2694013,MERCH-0015,Kaduna,2026-09-16 19:28:00.339099,0,none
TXN-006128,CUST-00290,4596776,MERCH-0033,Kano,2026-09-17 10:24:00.711446,0,none
TXN-002577,CUST-00479,1822282,MERCH-0009,Abuja,2026-09-04 20:12:00.538837,0,none
TXN-001990,CUST-00183,5491858,MERCH-0094,Enugu,2026-07-11 15:36:00.219273,0,none
TXN-008665,CUST-00186,3356696,MERCH-0040,Lagos,2026-07-29 07:34:00.940346,0,none
TXN-006075,CUST-00238,3682926,MERCH-0094,Kaduna,2026-08-29 08:21:00.505045,0,none
TXN-003835,CUST-00329,4518154,MERCH-0090,Ibadan,2026-08-24 12:47:00.634217,0,none
TXN-009600,CUST-00113,1385418,MERCH-0089,Kano,2026-09-25 09:44:00.343829,0,none
TXN-004953,CUST-00026,1874159,MERCH-0057,Kaduna,2026-08-20 10:20:00.696558,0,none
TXN-003746,CUST-00237,1201339,MERCH-0018,Port Harcourt,2026-07-22 17:41:00.292009,0,none
TXN-007017,CUST-00393,2509569,MERCH-0011,Kaduna,2026-08-05 14:40:00.121301,0,none
TXN-002629,CUST-00057,4041393,MERCH-0061,Benin City,2026-08-14 22:02:00.755799,0,none
TXN-000378,CUST-00121,2381149,MERCH-0061,Kaduna,2026-08-27 15:37:00.721998,0,none
TXN-001411,CUST-00161,3419940,MERCH-0074,Enugu,2026-07-08 12:19:00.138148,0,none
TXN-005200,CUST-00157,1639531,MERCH-0083,Abuja,2026-09-07 21:01:00.756811,0,none
TXN-004922,CUST-00282,1946410,MERCH-0100,Abuja,2026-08-02 18:16:00.033888,0,none
TXN-004641,CUST-00245,5893360,MERCH-0026,Abuja,2026-09-21 20:31:00.573558,0,none
TXN-003911,CUST-00371,5306201,MERCH-0065,Benin City,2026-09-14 11:39:00.802813,0,none
TXN-008589,CUST-00361,4764981,MERCH-0039,Ibadan,2026-07-25 16:38:00.531627,0,none
TXN-007078,CUST-00047,3108139,MERCH-0067,Abuja,2026-08-01 18:59:00.223077,0,none
TXN-000816,CUST-00169,3687327,MERCH-0085,Abuja,2026-09-24 21:08:00.396312,0,none
TXN-002405,CUST-00423,2506281,MERCH-0034,Ibadan,2026-09-28 12:31:00.434535,0,none
TXN-005830,CUST-00101,2025107,MERCH-0054,Enugu,2026-08-21 16:49:00.653795,0,none
TXN-BURST-TXN-008814-1,CUST-00423,4666579,MERCH-0034,Ibadan,2026-07-26 13:52:00.128040,1,velocity_burst
TXN-006673,CUST-00378,2307750,MERCH-0003,Kano,2026-09-11 12:03:00.932199,0,none
TXN-002132,CUST-00218,962554,MERCH-0072,Abuja,2026-09-28 14:03:00.319743,0,none
TXN-001798,CUST-00320,1364152,MERCH-0032,Abuja,2026-08-23 13:35:00.211519,0,none
TXN-003091,CUST-00482,671750,MERCH-0081,Port Harcourt,2026-09-02 15:23:00.834564,0,none
TXN-008101,CUST-00466,737112,MERCH-0033,Lagos,2026-09-13 17:15:00.316727,0,none
TXN-005580,CUST-00404,622798,MERCH-0080,Kaduna,2026-10-02 11:26:00.790867,0,none
TXN-003123,CUST-00061,5792174,MERCH-0046,Enugu,2026-08-22 15:01:00.988012,0,none
TXN-BURST-TXN-001276-2,CUST-00076,923096,MERCH-0029,Kaduna,2026-08-02 16:47:30.917651,1,velocity_burst
TXN-008453,CUST-00065,4454306,MERCH-0033,Ibadan,2026-08-23 18:57:00.793273,0,none
TXN-BURST-TXN-003116-0,CUST-00443,2279931,MERCH-0002,Benin City,2026-07-07 17:26:30.350635,1,velocity_burst
TXN-000123,CUST-00453,1079220,MERCH-0084,Kaduna,2026-07-28 17:45:00.543800,0,none
TXN-000180,CUST-00210,3426422,MERCH-0041,Benin City,2026-08-17 10:38:00.673466,0,none
TXN-009584,CUST-00260,3336063,MERCH-0018,Kaduna,2026-08-18 14:16:00.868143,0,none
TXN-005965,CUST-00248,2839079,MERCH-0010,Kaduna,2026-08-23 14:19:00.805548,0,none
TXN-007793,CUST-00337,4676750,MERCH-0082,Kaduna,2026-08-02 17:33:00.543671,0,none
TXN-008785,CUST-00406,594256,MERCH-0063,Benin City,2026-09-19 19:17:00.780228,0,none
TXN-004610,CUST-00172,6762777,MERCH-0057,Ibadan,2026-09-18 17:52:00.752288,0,none
TXN-BURST-TXN-009046-1,CUST-00416,4351860,MERCH-0075,Benin City,2026-08-13 16:28:00.500243,1,velocity_burst
TXN-001158,CUST-00142,820835,MERCH-0019,Port Harcourt,2026-08-26 15:45:00.494970,0,none
TXN-000238,CUST-00041,3042571,MERCH-0023,Ibadan,2026-08-21 18:29:00.813146,0,none
TXN-001533,CUST-00479,1159026,MERCH-0009,Abuja,2026-07-15 20:29:00.629218,0,none
TXN-009753,CUST-00453,1530530,MERCH-0016,Kaduna,2026-09-02 10:38:00.127661,0,none
TXN-004124,CUST-00157,2736965,MERCH-0075,Abuja,2026-10-02 18:32:00.428889,0,none
TXN-003411,CUST-00186,2581009,MERCH-0041,Lagos,2026-07-12 14:45:00.476583,0,none
TXN-006809,CUST-00152,2307411,MERCH-0080,Enugu,2026-07-25 16:39:00.638560,0,none
TXN-009439,CUST-00030,3265390,MERCH-0062,Lagos,2026-07-23 13:00:00.036500,0,none
TXN-001536,CUST-00072,1296985,MERCH-0069,Kaduna,2026-10-03 12:37:00.719058,0,none
TXN-003394,CUST-00376,2092110,MERCH-0012,Kaduna,2026-09-25 14:28:00.769252,0,none
TXN-004276,CUST-00238,1851777,MERCH-0094,Kaduna,2026-09-07 07:54:00.295055,0,none
TXN-008158,CUST-00327,1731078,MERCH-0011,Port Harcourt,2026-07-28 12:57:00.699229,0,none
TXN-000899,CUST-00243,1433113,MERCH-0078,Port Harcourt,2026-09-02 17:41:00.711667,0,none
TXN-002606,CUST-00410,1818332,MERCH-0059,Ibadan,2026-09-07 12:36:00.276676,0,none
TXN-001723,CUST-00249,4826928,MERCH-0061,Lagos,2026-08-09 10:12:00.772704,0,none
TXN-007592,CUST-00354,2180756,MERCH-0030,Kaduna,2026-08-05 12:33:00.036694,0,none
TXN-008036,CUST-00344,1859616,MERCH-0093,Kano,2026-08-03 19:41:00.441611,0,none
TXN-002178,CUST-00387,1910786,MERCH-0038,Ibadan,2026-07-31 11:20:00.760805,0,none
TXN-008389,CUST-00315,4667653,MERCH-0035,Kaduna,2026-08-04 19:47:00.807844,0,none
TXN-002352,CUST-00072,1536815,MERCH-0079,Kaduna,2026-09-20 10:11:00.240870,0,none
TXN-003326,CUST-00465,5965874,MERCH-0014,Kaduna,2026-10-03 14:31:00.258229,0,none
TXN-003800,CUST-00376,2225276,MERCH-0008,Kaduna,2026-08-29 12:54:00.105629,0,none
TXN-006506,CUST-00295,319053,MERCH-0038,Kaduna,2026-09-29 15:49:00.135395,1,geo_anomaly
TXN-008836,CUST-00065,3707704,MERCH-0097,Ibadan,2026-09-16 13:59:00.687468,1,velocity_burst
TXN-009133,CUST-00182,1332107,MERCH-0071,Benin City,2026-09-29 15:44:00.275950,0,none
TXN-002135,CUST-00070,1293768,MERCH-0073,Ibadan,2026-09-29 12:45:00.704350,0,none
TXN-001481,CUST-00217,1191758,MERCH-0071,Port Harcourt,2026-07-07 18:17:00.958689,0,none
TXN-002794,CUST-00417,410909,MERCH-0088,Abuja,2026-08-20 19:07:00.424355,0,none
TXN-005235,CUST-00208,3858194,MERCH-0059,Port Harcourt,2026-08-15 13:14:00.720031,0,none
TXN-BURST-TXN-003338-2,CUST-00340,4527192,MERCH-0054,Lagos,2026-08-14 19:26:30.814962,1,velocity_burst
TXN-BURST-TXN-008295-1,CUST-00498,5036452,MERCH-0051,Kano,2026-09-11 22:56:00.857348,1,velocity_burst
TXN-004994,CUST-00223,4937148,MERCH-0030,Lagos,2026-07-19 08:08:00.825346,0,none
TXN-007160,CUST-00162,1190530,MERCH-0011,Kano,2026-08-16 17:18:00.682047,0,none
TXN-006519,CUST-00184,5109977,MERCH-0100,Abuja,2026-07-17 13:39:00.002971,1,velocity_burst
TXN-004255,CUST-00180,725796,MERCH-0066,Abuja,2026-08-19 19:34:00.255459,1,geo_anomaly
TXN-005088,CUST-00213,3191753,MERCH-0040,Kano,2026-07-12 15:55:00.024980,0,none
TXN-004970,CUST-00189,1004831,MERCH-0014,Port Harcourt,2026-10-04 13:41:00.591754,0,none
TXN-008457,CUST-00381,1733976,MERCH-0023,Kaduna,2026-09-30 20:43:00.067448,0,none
TXN-003662,CUST-00204,1598554,MERCH-0011,Port Harcourt,2026-08-31 20:28:00.133129,0,none
TXN-006622,CUST-00017,2783179,MERCH-0077,Ibadan,2026-07-10 14:38:00.499860,0,none
TXN-001953,CUST-00485,4027208,MERCH-0004,Abuja,2026-08-22 18:40:00.308660,0,none
TXN-000556,CUST-00434,4178243,MERCH-0076,Ibadan,2026-07-23 15:13:00.270207,0,none
TXN-008566,CUST-00406,622263,MERCH-0063,Benin City,2026-08-12 13:40:00.168031,0,none
TXN-001164,CUST-00261,1944902,MERCH-0011,Enugu,2026-09-23 15:31:00.474734,0,none
TXN-001585,CUST-00299,2432881,MERCH-0029,Enugu,2026-07-25 09:02:00.158125,0,none
TXN-007901,CUST-00068,2513883,MERCH-0092,Port Harcourt,2026-08-13 16:15:00.993300,0,none
TXN-006635,CUST-00078,5335678,MERCH-0030,Benin City,2026-10-02 09:10:00.196015,0,none
TXN-006597,CUST-00059,1040348,MERCH-0091,Benin City,2026-07-18 11:16:00.499258,0,none
TXN-007768,CUST-00126,3776695,MERCH-0012,Benin City,2026-09-02 12:04:00.974506,0,none
TXN-005688,CUST-00334,332431,MERCH-0041,Kano,2026-09-17 20:10:00.290113,0,none
TXN-005664,CUST-00310,2526441,MERCH-0055,Abuja,2026-08-07 10:09:00.112256,0,none
TXN-001460,CUST-00343,455796,MERCH-0079,Ibadan,2026-07-19 17:33:00.297660,0,none
TXN-009429,CUST-00085,4044297,MERCH-0008,Kaduna,2026-09-09 13:29:00.072733,0,none
TXN-001599,CUST-00030,1231899,MERCH-0008,Lagos,2026-09-10 13:59:00.748258,0,none
TXN-007742,CUST-00338,1630895,MERCH-0098,Benin City,2026-07-22 18:39:00.882476,0,none
TXN-000301,CUST-00086,1497234,MERCH-0053,Abuja,2026-07-21 18:48:00.235429,0,none
TXN-008711,CUST-00303,3280597,MERCH-0039,Abuja,2026-09-24 14:03:00.217139,0,none
TXN-BURST-TXN-000325-0,CUST-00252,3600758,MERCH-0032,Lagos,2026-09-19 11:41:30.813582,1,velocity_burst
TXN-009918,CUST-00440,3434118,MERCH-0001,Kaduna,2026-07-29 16:20:00.660624,0,none
TXN-004272,CUST-00295,503906,MERCH-0089,Kano,2026-09-17 09:25:00.755742,0,none
TXN-003860,CUST-00438,3196528,MERCH-0080,Kano,2026-08-30 21:18:00.398658,0,none
TXN-008674,CUST-00338,1235158,MERCH-0088,Benin City,2026-08-21 12:32:00.227931,0,none
TXN-009393,CUST-00252,1385791,MERCH-0045,Lagos,2026-09-17 18:14:00.626523,0,none
TXN-002859,CUST-00218,2003193,MERCH-0097,Abuja,2026-07-11 14:20:00.377257,0,none
TXN-004033,CUST-00423,2039544,MERCH-0048,Ibadan,2026-10-04 13:59:00.432639,0,none
TXN-BURST-TXN-004502-0,CUST-00057,4665783,MERCH-0058,Benin City,2026-08-30 13:50:30.235861,1,velocity_burst
TXN-003143,CUST-00135,1837947,MERCH-0052,Abuja,2026-07-15 14:01:00.757361,0,none
TXN-001360,CUST-00402,4985857,MERCH-0075,Abuja,2026-08-18 18:27:00.084706,0,none
TXN-009625,CUST-00163,2480299,MERCH-0021,Lagos,2026-09-03 11:11:00.682285,0,none
TXN-001936,CUST-00300,5986675,MERCH-0087,Ibadan,2026-07-30 17:22:00.906744,0,none
TXN-003206,CUST-00286,3995203,MERCH-0058,Kaduna,2026-08-06 18:33:00.971521,0,none
TXN-009190,CUST-00011,3078252,MERCH-0064,Abuja,2026-07-28 18:51:00.264920,0,none
TXN-000487,CUST-00059,494215,MERCH-0050,Benin City,2026-08-26 09:59:00.039459,0,none
TXN-009391,CUST-00463,1837344,MERCH-0092,Port Harcourt,2026-07-24 15:44:00.700339,0,none
TXN-BURST-TXN-003191-2,CUST-00296,2153639,MERCH-0049,Kano,2026-08-24 17:38:30.656305,1,velocity_burst
TXN-009914,CUST-00346,2307336,MERCH-0008,Abuja,2026-08-27 12:11:00.047273,0,none
TXN-006365,CUST-00463,2806972,MERCH-0038,Port Harcourt,2026-09-23 18:13:00.538022,0,none
TXN-008501,CUST-00099,4463099,MERCH-0083,Lagos,2026-08-26 06:45:00.564200,0,none
TXN-006877,CUST-00420,4289258,MERCH-0092,Port Harcourt,2026-07-18 10:17:00.885002,0,none
TXN-003338,CUST-00340,4527192,MERCH-0054,Lagos,2026-08-14 19:25:00.814962,1,velocity_burst
TXN-003609,CUST-00480,1319885,MERCH-0056,Enugu,2026-07-16 11:45:00.027321,0,none
TXN-007932,CUST-00426,3902578,MERCH-0024,Benin City,2026-09-29 13:55:00.127520,0,none
TXN-001153,CUST-00066,912559,MERCH-0084,Lagos,2026-09-14 18:08:00.024266,0,none
TXN-005815,CUST-00466,962640,MERCH-0033,Lagos,2026-09-28 20:30:00.640372,0,none
TXN-BURST-TXN-002634-0,CUST-00296,2524960,MERCH-0077,Kano,2026-09-18 19:16:30.394141,1,velocity_burst
TXN-001213,CUST-00156,1826908,MERCH-0078,Ibadan,2026-08-02 12:23:00.618186,0,none
TXN-000408,CUST-00351,5214606,MERCH-0067,Abuja,2026-07-11 15:56:00.299360,0,none
TXN-005267,CUST-00080,1541077,MERCH-0039,Port Harcourt,2026-07-18 17:32:00.536958,0,none
TXN-008244,CUST-00026,1684154,MERCH-0060,Lagos,2026-07-17 17:41:00.774579,1,geo_anomaly
TXN-006679,CUST-00332,593899,MERCH-0022,Kano,2026-09-21 15:40:00.118423,0,none
TXN-BURST-TXN-001285-0,CUST-00045,5008657,MERCH-0034,Enugu,2026-09-16 13:35:30.570686,1,velocity_burst
TXN-008569,CUST-00441,4621724,MERCH-0093,Abuja,2026-08-08 17:36:00.844232,0,none
TXN-007014,CUST-00006,6021836,MERCH-0047,Abuja,2026-08-30 12:12:00.622490,0,none
TXN-007293,CUST-00339,806110,MERCH-0006,Abuja,2026-07-09 16:29:00.327182,0,none
TXN-BURST-TXN-008072-2,CUST-00450,2217550,MERCH-0007,Benin City,2026-09-19 11:42:30.620218,1,velocity_burst
TXN-004581,CUST-00092,3456511,MERCH-0057,Lagos,2026-07-31 13:00:00.937419,0,none
TXN-000666,CUST-00217,1180420,MERCH-0036,Port Harcourt,2026-10-02 18:11:00.554093,0,none
TXN-003915,CUST-00314,771269,MERCH-0037,Port Harcourt,2026-08-31 12:46:00.985472,0,none
TXN-005850,CUST-00435,4630873,MERCH-0007,Lagos,2026-08-26 09:20:00.355862,0,none
TXN-007851,CUST-00126,3206050,MERCH-0012,Benin City,2026-08-24 14:12:00.217636,0,none
TXN-000643,CUST-00224,2566350,MERCH-0003,Enugu,2026-07-16 00:28:00.764636,1,off_hours
TXN-009576,CUST-00082,3340351,MERCH-0007,Lagos,2026-09-23 09:53:00.083952,0,none
TXN-000177,CUST-00461,1792710,MERCH-0050,Kano,2026-07-10 06:29:00.621974,0,none
TXN-007919,CUST-00004,5803774,MERCH-0098,Kano,2026-08-24 16:45:00.766912,0,none
TXN-BURST-TXN-007360-1,CUST-00378,2394520,MERCH-0003,Kano,2026-07-12 10:32:00.060205,1,velocity_burst
TXN-004012,CUST-00066,880394,MERCH-0084,Lagos,2026-08-04 09:59:00.615369,0,none
TXN-000787,CUST-00206,2346276,MERCH-0011,Kano,2026-08-22 15:27:00.538507,0,none
TXN-006903,CUST-00360,1655810,MERCH-0016,Abuja,2026-08-30 14:24:00.216548,0,none
TXN-006871,CUST-00441,4711062,MERCH-0033,Abuja,2026-08-14 14:01:00.225364,0,none
TXN-007407,CUST-00303,4577820,MERCH-0091,Abuja,2026-09-14 10:36:00.181689,0,none
TXN-003203,CUST-00339,760394,MERCH-0006,Abuja,2026-09-03 14:49:00.231865,0,none
TXN-006719,CUST-00370,3139205,MERCH-0049,Kano,2026-09-29 12:05:00.817980,0,none
TXN-005813,CUST-00368,5185037,MERCH-0028,Enugu,2026-09-29 06:46:00.361238,0,none
TXN-008363,CUST-00046,691202,MERCH-0094,Port Harcourt,2026-08-21 10:24:00.377903,0,none
TXN-004223,CUST-00229,3162054,MERCH-0016,Ibadan,2026-08-01 23:16:00.523810,1,off_hours
TXN-000092,CUST-00472,333729,MERCH-0100,Port Harcourt,2026-08-29 13:56:00.146510,0,none
TXN-006216,CUST-00307,842178,MERCH-0026,Abuja,2026-07-28 10:38:00.998837,0,none
TXN-008974,CUST-00255,2859621,MERCH-0097,Lagos,2026-09-09 12:16:00.836547,0,none
TXN-009846,CUST-00117,1723577,MERCH-0047,Lagos,2026-07-18 10:25:00.991958,0,none
TXN-BURST-TXN-008172-0,CUST-00172,1738001,MERCH-0057,Ibadan,2026-07-21 09:21:30.982123,1,velocity_burst
TXN-001972,CUST-00248,4091812,MERCH-0096,Kaduna,2026-09-21 14:06:00.409770,0,none
TXN-002906,CUST-00370,4338428,MERCH-0049,Kano,2026-09-02 13:06:00.784485,0,none
TXN-000531,CUST-00267,673363,MERCH-0093,Kano,2026-07-31 12:42:00.826400,0,none
TXN-006022,CUST-00365,1997995,MERCH-0075,Ibadan,2026-08-30 13:28:00.488127,0,none
TXN-000997,CUST-00352,2666023,MERCH-0059,Kaduna,2026-08-11 16:20:00.796018,0,none
TXN-009877,CUST-00407,2067214,MERCH-0094,Ibadan,2026-09-20 09:42:00.453114,0,none
TXN-007458,CUST-00125,2281420,MERCH-0013,Enugu,2026-07-19 15:02:00.941523,0,none
TXN-005910,CUST-00418,819257,MERCH-0025,Kaduna,2026-08-20 20:21:00.137105,0,none
TXN-006753,CUST-00152,4705220,MERCH-0042,Enugu,2026-09-21 11:21:00.657267,0,none
TXN-002313,CUST-00313,5414297,MERCH-0057,Kaduna,2026-08-25 19:06:00.628802,0,none
TXN-007462,CUST-00109,1641066,MERCH-0008,Abuja,2026-08-06 11:18:00.861799,0,none
TXN-002155,CUST-00249,4119022,MERCH-0037,Lagos,2026-07-15 14:42:00.392449,0,none
TXN-BURST-TXN-004664-1,CUST-00316,888713,MERCH-0084,Benin City,2026-08-30 15:07:00.265512,1,velocity_burst
TXN-008447,CUST-00359,4523618,MERCH-0026,Benin City,2026-08-03 09:26:00.425909,0,none
TXN-001428,CUST-00456,4491388,MERCH-0098,Kaduna,2026-09-22 17:16:00.450040,0,none
TXN-008202,CUST-00249,2432406,MERCH-0008,Lagos,2026-08-04 10:15:00.898253,0,none
TXN-006138,CUST-00499,2611327,MERCH-0021,Lagos,2026-08-23 13:43:00.329705,0,none
TXN-008952,CUST-00259,5021179,MERCH-0097,Enugu,2026-10-03 14:56:00.405060,0,none
TXN-008442,CUST-00232,1396617,MERCH-0076,Port Harcourt,2026-08-14 13:27:00.474487,0,none
TXN-000157,CUST-00305,2544180,MERCH-0024,Enugu,2026-09-13 15:06:00.970292,0,none
TXN-005675,CUST-00398,5445291,MERCH-0074,Ibadan,2026-08-14 17:25:00.135419,0,none
TXN-003086,CUST-00390,2008672,MERCH-0053,Enugu,2026-08-21 17:59:00.891729,0,none
TXN-006930,CUST-00449,2945371,MERCH-0080,Ibadan,2026-09-09 14:51:00.104988,0,none
TXN-008825,CUST-00114,3473184,MERCH-0003,Enugu,2026-07-08 17:27:00.606731,0,none
TXN-007087,CUST-00119,2567951,MERCH-0029,Port Harcourt,2026-08-04 16:11:00.351700,0,none
TXN-008376,CUST-00413,919103,MERCH-0028,Port Harcourt,2026-08-20 11:54:00.224860,0,none
TXN-007511,CUST-00045,1835529,MERCH-0034,Enugu,2026-07-08 10:45:00.737035,0,none
TXN-000496,CUST-00061,4106698,MERCH-0001,Enugu,2026-10-02 10:04:00.169939,0,none
TXN-004225,CUST-00222,2491108,MERCH-0087,Kano,2026-09-04 06:35:00.266606,1,geo_anomaly
TXN-002322,CUST-00283,3026118,MERCH-0049,Kaduna,2026-09-29 15:44:00.545176,0,none
TXN-008739,CUST-00314,803876,MERCH-0073,Port Harcourt,2026-08-19 13:15:00.834839,0,none
TXN-003972,CUST-00406,645556,MERCH-0013,Benin City,2026-08-18 10:42:00.168528,0,none
TXN-000152,CUST-00381,2997274,MERCH-0086,Kaduna,2026-07-13 13:04:00.656054,0,none
TXN-007499,CUST-00203,1229578,MERCH-0067,Kano,2026-07-19 13:40:00.115484,0,none
TXN-000695,CUST-00292,3731880,MERCH-0018,Enugu,2026-08-12 09:06:00.398613,0,none
TXN-008980,CUST-00490,2767896,MERCH-0084,Abuja,2026-09-29 07:42:00.809597,0,none
TXN-008551,CUST-00274,2984344,MERCH-0051,Ibadan,2026-08-24 13:06:00.223919,0,none
TXN-001739,CUST-00260,2842399,MERCH-0068,Kaduna,2026-08-19 07:35:00.378567,0,none
TXN-003002,CUST-00497,1914604,MERCH-0099,Kaduna,2026-10-03 08:04:00.598542,0,none
TXN-000168,CUST-00129,1939871,MERCH-0076,Kano,2026-08-04 18:41:00.564728,0,none
TXN-005369,CUST-00454,3858546,MERCH-0078,Abuja,2026-07-14 12:35:00.417126,0,none
TXN-008009,CUST-00487,1437983,MERCH-0071,Kano,2026-07-28 07:42:00.542374,0,none
TXN-002866,CUST-00026,2604545,MERCH-0071,Kaduna,2026-08-14 18:34:00.145723,0,none
TXN-008853,CUST-00055,2401605,MERCH-0100,Enugu,2026-09-01 16:46:00.774387,0,none
TXN-009222,CUST-00248,4109242,MERCH-0075,Kaduna,2026-07-26 06:21:00.772756,0,none
TXN-006680,CUST-00118,2195634,MERCH-0062,Enugu,2026-08-13 16:27:00.129941,0,none
TXN-002884,CUST-00319,4647248,MERCH-0066,Benin City,2026-07-18 08:20:00.695843,0,none
TXN-003721,CUST-00194,4538705,MERCH-0018,Kaduna,2026-08-19 11:23:00.401401,0,none
TXN-003032,CUST-00256,5220278,MERCH-0077,Kano,2026-08-16 10:04:00.361410,0,none
TXN-006235,CUST-00232,1276293,MERCH-0068,Port Harcourt,2026-07-24 16:16:00.903484,0,none
TXN-008841,CUST-00248,3793278,MERCH-0075,Kaduna,2026-09-22 17:04:00.876273,0,none
TXN-004343,CUST-00051,2798615,MERCH-0061,Enugu,2026-08-12 19:02:00.885076,0,none
TXN-006754,CUST-00072,2377292,MERCH-0084,Kaduna,2026-09-09 11:58:00.162339,0,none
TXN-009460,CUST-00409,1402462,MERCH-0068,Kano,2026-10-03 08:36:00.853190,0,none
TXN-006462,CUST-00159,1797245,MERCH-0010,Port Harcourt,2026-08-25 13:02:00.097229,0,none
TXN-002277,CUST-00008,5422279,MERCH-0086,Port Harcourt,2026-08-19 10:22:00.648085,1,velocity_burst
TXN-007580,CUST-00172,3792747,MERCH-0057,Ibadan,2026-08-12 10:59:00.418133,0,none
TXN-008843,CUST-00450,2251961,MERCH-0002,Benin City,2026-08-29 09:53:00.947880,0,none
TXN-000609,CUST-00448,4495005,MERCH-0002,Kaduna,2026-07-27 16:51:00.942338,0,none
TXN-008854,CUST-00227,6343228,MERCH-0046,Kano,2026-08-11 19:35:00.578228,0,none
TXN-004642,CUST-00231,2048891,MERCH-0035,Kaduna,2026-09-19 14:58:00.765823,1,velocity_burst
TXN-003496,CUST-00292,3516004,MERCH-0077,Enugu,2026-07-19 12:02:00.331171,0,none
TXN-007941,CUST-00458,4622962,MERCH-0059,Kano,2026-08-15 13:42:00.442845,0,none
TXN-000429,CUST-00336,1863145,MERCH-0083,Port Harcourt,2026-08-24 20:44:00.397808,0,none
TXN-007620,CUST-00378,4267378,MERCH-0076,Kano,2026-08-26 19:30:00.191784,0,none
TXN-006876,CUST-00056,7069327,MERCH-0086,Kano,2026-10-05 14:33:00.919353,0,none
TXN-004541,CUST-00481,5686023,MERCH-0023,Lagos,2026-09-28 10:36:00.578196,0,none
TXN-000427,CUST-00150,4807629,MERCH-0051,Ibadan,2026-09-10 18:41:00.062727,0,none
TXN-002224,CUST-00291,2158909,MERCH-0051,Kaduna,2026-07-31 10:11:00.221916,0,none
TXN-000101,CUST-00043,1889815,MERCH-0040,Abuja,2026-10-02 14:05:00.604708,0,none
TXN-005665,CUST-00467,1979499,MERCH-0058,Lagos,2026-07-09 10:28:00.595716,0,none
TXN-003861,CUST-00356,6533160,MERCH-0030,Enugu,2026-08-25 15:09:00.080777,0,none
TXN-002763,CUST-00062,2221861,MERCH-0004,Enugu,2026-07-08 12:19:00.327860,0,none
TXN-006320,CUST-00113,1154026,MERCH-0026,Kano,2026-10-01 19:03:00.272103,0,none
TXN-009631,CUST-00060,915459,MERCH-0070,Ibadan,2026-09-20 15:03:00.582011,0,none
TXN-005275,CUST-00065,6448778,MERCH-0011,Ibadan,2026-08-31 19:16:00.036900,0,none
TXN-006598,CUST-00480,1401701,MERCH-0096,Enugu,2026-08-04 15:51:00.350538,0,none
TXN-009981,CUST-00061,5335299,MERCH-0049,Enugu,2026-09-20 15:06:00.719651,0,none
TXN-003287,CUST-00062,965208,MERCH-0004,Enugu,2026-08-09 17:32:00.305814,0,none
TXN-004809,CUST-00148,836413,MERCH-0033,Lagos,2026-09-15 19:45:00.860377,0,none
TXN-006144,CUST-00272,4284770,MERCH-0036,Kaduna,2026-08-06 14:21:00.665449,0,none
TXN-009470,CUST-00212,4258177,MERCH-0041,Enugu,2026-10-01 12:16:00.472302,1,velocity_burst
TXN-006730,CUST-00470,1664932,MERCH-0023,Benin City,2026-09-05 18:21:00.270914,0,none
TXN-006546,CUST-00060,992435,MERCH-0060,Ibadan,2026-07-25 12:24:00.332011,0,none
TXN-007075,CUST-00257,5210740,MERCH-0072,Kano,2026-09-28 13:27:00.252507,0,none
TXN-009569,CUST-00107,3089839,MERCH-0098,Abuja,2026-07-14 12:33:00.303814,0,none
TXN-004861,CUST-00079,5518361,MERCH-0036,Abuja,2026-09-01 11:04:00.122550,0,none
TXN-001466,CUST-00109,2686173,MERCH-0006,Abuja,2026-08-08 17:13:00.828852,0,none
TXN-008683,CUST-00040,909378,MERCH-0019,Kano,2026-08-10 18:29:00.812332,0,none
TXN-002235,CUST-00034,946415,MERCH-0017,Abuja,2026-07-20 17:12:00.542980,0,none
TXN-004985,CUST-00358,2171345,MERCH-0090,Enugu,2026-08-31 20:35:00.146255,0,none
TXN-001745,CUST-00086,1102669,MERCH-0021,Abuja,2026-08-03 02:39:00.300485,1,off_hours
TXN-006170,CUST-00318,2178308,MERCH-0055,Ibadan,2026-09-28 20:55:00.090034,0,none
TXN-008878,CUST-00432,1892609,MERCH-0094,Port Harcourt,2026-09-26 17:27:00.679480,0,none
TXN-004031,CUST-00100,5377409,MERCH-0054,Kano,2026-08-09 21:50:00.296642,0,none
TXN-008888,CUST-00076,2803158,MERCH-0038,Kaduna,2026-07-26 20:35:00.082108,0,none
TXN-003885,CUST-00335,1736038,MERCH-0078,Abuja,2026-08-18 12:37:00.391177,0,none
TXN-006209,CUST-00476,1378904,MERCH-0080,Lagos,2026-09-10 10:18:00.686729,0,none
TXN-005432,CUST-00235,2104402,MERCH-0093,Benin City,2026-09-20 18:29:00.761741,0,none
TXN-009568,CUST-00149,2658791,MERCH-0056,Port Harcourt,2026-09-30 14:43:00.940495,0,none
TXN-003788,CUST-00452,3556065,MERCH-0074,Ibadan,2026-09-28 18:54:00.682713,0,none
TXN-001984,CUST-00265,5084197,MERCH-0060,Kaduna,2026-08-15 15:39:00.639491,0,none
TXN-007406,CUST-00041,3058645,MERCH-0096,Ibadan,2026-08-24 20:21:00.413487,0,none
TXN-008687,CUST-00218,1386469,MERCH-0019,Abuja,2026-08-12 16:14:00.384516,0,none
TXN-009900,CUST-00330,744687,MERCH-0094,Lagos,2026-08-01 12:12:00.202625,1,geo_anomaly
TXN-003699,CUST-00066,795842,MERCH-0004,Lagos,2026-08-26 18:43:00.557575,0,none
TXN-002122,CUST-00282,3236404,MERCH-0035,Abuja,2026-09-17 14:08:00.286961,0,none
TXN-006322,CUST-00315,4894083,MERCH-0100,Kaduna,2026-09-05 13:01:00.551124,0,none
TXN-004293,CUST-00422,902303,MERCH-0012,Kaduna,2026-09-10 08:49:00.307132,0,none
TXN-003004,CUST-00323,3012541,MERCH-0094,Kaduna,2026-08-09 15:03:00.187843,0,none
TXN-004025,CUST-00327,2041074,MERCH-0086,Port Harcourt,2026-09-02 15:55:00.433725,0,none
TXN-000917,CUST-00207,3459907,MERCH-0083,Port Harcourt,2026-09-26 20:00:00.439031,1,velocity_burst
TXN-008859,CUST-00057,1337880,MERCH-0058,Benin City,2026-08-24 10:46:00.872227,0,none
TXN-007817,CUST-00235,2239375,MERCH-0074,Benin City,2026-08-17 16:57:00.621484,0,none
TXN-005490,CUST-00215,3369376,MERCH-0018,Kaduna,2026-07-24 18:12:00.635526,0,none
TXN-003162,CUST-00439,3393744,MERCH-0006,Ibadan,2026-09-14 13:20:00.013757,0,none
TXN-003888,CUST-00359,4748433,MERCH-0100,Benin City,2026-08-06 14:14:00.999139,0,none
TXN-005255,CUST-00152,3699652,MERCH-0080,Enugu,2026-08-17 09:58:00.852023,0,none
TXN-008822,CUST-00223,156840285,MERCH-0075,Lagos,2026-09-12 13:18:00.732539,1,amount_anomaly
TXN-005857,CUST-00156,1744019,MERCH-0078,Ibadan,2026-08-31 16:37:00.864151,0,none
TXN-009303,CUST-00242,735241,MERCH-0086,Port Harcourt,2026-08-25 10:45:00.415337,0,none
TXN-001204,CUST-00316,1034416,MERCH-0014,Benin City,2026-07-30 10:55:00.512012,0,none
TXN-002318,CUST-00466,909366,MERCH-0033,Lagos,2026-07-26 16:57:00.392278,0,none
TXN-006046,CUST-00074,4494187,MERCH-0042,Kaduna,2026-09-15 11:35:00.321380,0,none
TXN-008939,CUST-00091,3216997,MERCH-0004,Lagos,2026-07-25 10:59:00.549983,0,none
TXN-000617,CUST-00368,2283784,MERCH-0020,Enugu,2026-07-09 21:07:00.925899,0,none
TXN-001927,CUST-00365,1184986,MERCH-0011,Ibadan,2026-07-15 17:38:00.213656,0,none
TXN-003115,CUST-00415,823975,MERCH-0083,Kano,2026-10-01 07:20:00.231026,0,none
TXN-002642,CUST-00205,2328905,MERCH-0022,Port Harcourt,2026-09-28 02:29:00.071352,1,off_hours
TXN-005413,CUST-00156,1163307,MERCH-0023,Ibadan,2026-07-26 12:05:00.816799,0,none
TXN-007930,CUST-00458,4060762,MERCH-0059,Kano,2026-09-29 16:16:00.784564,0,none
TXN-009571,CUST-00243,1421905,MERCH-0096,Port Harcourt,2026-07-19 16:40:00.689474,0,none
TXN-002563,CUST-00464,1452086,MERCH-0082,Benin City,2026-08-04 18:19:00.559545,0,none
TXN-002631,CUST-00148,270370,MERCH-0033,Lagos,2026-09-19 15:34:00.746756,0,none
TXN-004404,CUST-00167,3970087,MERCH-0040,Abuja,2026-07-12 10:10:00.622189,0,none
TXN-002729,CUST-00136,1578447,MERCH-0033,Enugu,2026-08-29 21:28:00.965747,0,none
TXN-002217,CUST-00160,695219,MERCH-0012,Lagos,2026-09-06 15:05:00.907779,0,none
TXN-006921,CUST-00167,4950723,MERCH-0047,Abuja,2026-07-11 19:12:00.770703,0,none
TXN-004801,CUST-00389,2057107,MERCH-0004,Abuja,2026-07-27 12:31:00.816891,0,none
TXN-008251,CUST-00185,6273741,MERCH-0092,Kaduna,2026-09-02 10:16:00.154191,0,none
TXN-004885,CUST-00334,2161544,MERCH-0041,Kano,2026-09-17 11:22:00.916257,0,none
TXN-002627,CUST-00068,3669456,MERCH-0015,Port Harcourt,2026-07-09 15:29:00.133459,0,none
TXN-002127,CUST-00376,3054061,MERCH-0012,Kaduna,2026-09-21 16:55:00.980009,0,none
TXN-006907,CUST-00384,1237493,MERCH-0027,Kano,2026-09-02 04:45:00.521510,1,off_hours
TXN-009376,CUST-00490,2296162,MERCH-0063,Abuja,2026-08-19 08:21:00.862461,0,none
TXN-005225,CUST-00074,2950983,MERCH-0046,Kaduna,2026-07-23 12:22:00.243759,0,none
TXN-009748,CUST-00022,2537640,MERCH-0030,Ibadan,2026-09-05 13:20:00.420866,0,none
TXN-006977,CUST-00350,3191151,MERCH-0048,Enugu,2026-08-10 17:53:00.404761,0,none
TXN-000806,CUST-00318,1868087,MERCH-0018,Ibadan,2026-08-15 20:10:00.826897,0,none
TXN-007211,CUST-00173,2766202,MERCH-0033,Port Harcourt,2026-07-25 12:32:00.688142,0,none
TXN-000848,CUST-00321,3081398,MERCH-0035,Benin City,2026-09-11 13:15:00.112665,0,none
TXN-003681,CUST-00271,442684,MERCH-0079,Kano,2026-08-22 11:14:00.122712,0,none
TXN-006009,CUST-00161,4148657,MERCH-0074,Enugu,2026-09-27 11:47:00.130957,0,none
TXN-004520,CUST-00230,2518247,MERCH-0045,Enugu,2026-08-11 08:10:00.562063,0,none
TXN-009255,CUST-00405,3740816,MERCH-0061,Lagos,2026-09-27 08:30:00.568438,0,none
TXN-009588,CUST-00318,1404891,MERCH-0008,Ibadan,2026-09-05 15:11:00.475839,0,none
TXN-008094,CUST-00050,2650425,MERCH-0027,Kano,2026-08-07 17:11:00.654173,0,none
TXN-004814,CUST-00082,3021090,MERCH-0044,Lagos,2026-07-18 09:15:00.468585,0,none
TXN-001243,CUST-00337,5665394,MERCH-0002,Kaduna,2026-08-28 07:46:00.999028,0,none
TXN-008995,CUST-00194,4875416,MERCH-0068,Kaduna,2026-09-18 20:38:00.364478,0,none
TXN-009996,CUST-00078,3734452,MERCH-0041,Benin City,2026-09-28 12:10:00.671822,0,none
TXN-004295,CUST-00199,3992420,MERCH-0018,Kano,2026-10-03 19:48:00.163710,0,none
TXN-000548,CUST-00157,2218181,MERCH-0098,Abuja,2026-07-14 14:10:00.688631,0,none
TXN-003023,CUST-00343,1053012,MERCH-0086,Ibadan,2026-08-30 18:22:00.942321,0,none
TXN-003929,CUST-00432,2030255,MERCH-0077,Port Harcourt,2026-08-21 18:39:00.969249,0,none
TXN-004378,CUST-00436,3997458,MERCH-0071,Abuja,2026-09-22 18:45:00.451649,0,none
TXN-000027,CUST-00216,3094867,MERCH-0072,Benin City,2026-09-17 15:44:00.968877,0,none
TXN-005352,CUST-00330,1565557,MERCH-0050,Enugu,2026-07-13 18:22:00.351580,0,none
TXN-003919,CUST-00305,5423615,MERCH-0082,Enugu,2026-08-26 17:10:00.464639,0,none
TXN-004608,CUST-00462,2275156,MERCH-0053,Ibadan,2026-07-17 13:17:00.472730,0,none
TXN-002509,CUST-00318,3471670,MERCH-0073,Ibadan,2026-08-08 10:24:00.356678,0,none
TXN-001434,CUST-00239,641861,MERCH-0079,Kano,2026-07-26 20:20:00.753282,0,none
TXN-002583,CUST-00457,3174065,MERCH-0067,Lagos,2026-07-20 13:39:00.931541,0,none
TXN-001303,CUST-00268,1734646,MERCH-0098,Ibadan,2026-09-24 13:25:00.069834,0,none
TXN-009432,CUST-00018,4846563,MERCH-0073,Abuja,2026-09-10 08:24:00.903563,0,none
TXN-007041,CUST-00153,4196798,MERCH-0076,Kaduna,2026-09-23 19:15:00.081935,0,none
TXN-004336,CUST-00061,3612597,MERCH-0050,Enugu,2026-10-03 14:58:00.943066,0,none
TXN-004694,CUST-00160,29316840,MERCH-0083,Lagos,2026-08-13 16:17:00.320921,1,amount_anomaly
TXN-001222,CUST-00188,5790337,MERCH-0067,Abuja,2026-07-16 19:45:00.458656,0,none
TXN-009084,CUST-00097,5395597,MERCH-0090,Kaduna,2026-09-19 09:15:00.088512,0,none
TXN-002549,CUST-00222,5623411,MERCH-0075,Port Harcourt,2026-08-06 06:12:00.166583,0,none
TXN-000751,CUST-00334,2001369,MERCH-0036,Kano,2026-08-21 21:00:00.123612,0,none
TXN-000438,CUST-00018,3915714,MERCH-0011,Abuja,2026-08-27 13:22:00.874190,0,none
TXN-006628,CUST-00058,2437427,MERCH-0031,Ibadan,2026-08-04 15:14:00.001615,0,none
TXN-003412,CUST-00402,2722169,MERCH-0014,Abuja,2026-07-08 08:00:00.168730,0,none
TXN-008773,CUST-00189,1390290,MERCH-0078,Port Harcourt,2026-08-11 13:13:00.989874,0,none
TXN-002848,CUST-00231,3061544,MERCH-0035,Kaduna,2026-08-02 18:08:00.741336,0,none
TXN-001174,CUST-00110,2828400,MERCH-0032,Port Harcourt,2026-09-12 19:40:00.059294,0,none
TXN-008078,CUST-00196,5142690,MERCH-0034,Kaduna,2026-08-27 22:19:00.183532,0,none
TXN-002700,CUST-00434,1686137,MERCH-0016,Ibadan,2026-08-24 17:20:00.299860,0,none
TXN-008160,CUST-00367,1773397,MERCH-0056,Benin City,2026-08-24 15:36:00.074453,0,none
TXN-008266,CUST-00037,2027947,MERCH-0065,Port Harcourt,2026-08-05 12:17:00.386765,0,none
TXN-009318,CUST-00181,2507263,MERCH-0054,Kano,2026-08-15 09:12:00.053333,0,none
TXN-002482,CUST-00239,387350,MERCH-0023,Kano,2026-09-05 20:34:00.307641,0,none
TXN-004304,CUST-00058,1699906,MERCH-0035,Ibadan,2026-08-23 11:27:00.414974,0,none
TXN-008746,CUST-00169,3436795,MERCH-0044,Abuja,2026-09-25 21:31:00.187422,0,none
TXN-002707,CUST-00018,2848673,MERCH-0073,Abuja,2026-07-12 09:03:00.756324,0,none
TXN-005034,CUST-00217,1257301,MERCH-0036,Port Harcourt,2026-09-02 11:21:00.080796,0,none
TXN-000327,CUST-00221,2021545,MERCH-0091,Benin City,2026-07-23 20:16:00.307938,0,none
TXN-001040,CUST-00389,3986618,MERCH-0004,Abuja,2026-08-29 14:57:00.088570,0,none
TXN-002638,CUST-00013,3123889,MERCH-0012,Enugu,2026-08-16 15:12:00.522988,0,none
TXN-005427,CUST-00379,1551710,MERCH-0085,Kano,2026-07-22 13:40:00.211077,0,none
TXN-002500,CUST-00062,2212424,MERCH-0063,Enugu,2026-09-26 11:52:00.529691,0,none
TXN-001005,CUST-00230,4560358,MERCH-0011,Enugu,2026-08-23 09:23:00.080905,0,none
TXN-002862,CUST-00448,6870425,MERCH-0041,Kaduna,2026-08-10 09:50:00.169341,0,none
TXN-003234,CUST-00031,1418906,MERCH-0052,Kano,2026-08-07 18:07:00.058499,0,none
TXN-001871,CUST-00067,1291460,MERCH-0086,Lagos,2026-09-08 08:19:00.841981,0,none
TXN-004743,CUST-00418,1721642,MERCH-0039,Kaduna,2026-09-10 12:51:00.258230,0,none
TXN-007845,CUST-00207,47636148,MERCH-0081,Port Harcourt,2026-08-23 10:18:00.316420,1,amount_anomaly
TXN-008686,CUST-00477,3299691,MERCH-0067,Lagos,2026-09-13 09:53:00.221059,0,none
TXN-008370,CUST-00229,2280821,MERCH-0037,Ibadan,2026-08-08 03:59:00.074594,1,off_hours
TXN-000535,CUST-00227,4028925,MERCH-0088,Kano,2026-07-31 20:55:00.592273,0,none
TXN-007016,CUST-00144,3500930,MERCH-0093,Enugu,2026-10-02 15:40:00.139044,0,none
TXN-003961,CUST-00138,1406978,MERCH-0053,Benin City,2026-09-16 16:27:00.795066,0,none
TXN-003345,CUST-00180,1291313,MERCH-0066,Kaduna,2026-08-07 07:14:00.699022,0,none
TXN-006595,CUST-00183,3239695,MERCH-0094,Enugu,2026-09-09 08:58:00.950832,0,none
TXN-007935,CUST-00003,1394307,MERCH-0058,Lagos,2026-08-02 18:29:00.719203,0,none
TXN-000586,CUST-00497,1601925,MERCH-0094,Kaduna,2026-09-08 15:26:00.833780,0,none
TXN-009731,CUST-00458,2528211,MERCH-0092,Kano,2026-08-23 09:27:00.434903,0,none
TXN-BURST-TXN-007491-2,CUST-00264,1071378,MERCH-0049,Kaduna,2026-09-04 18:21:30.592107,1,velocity_burst
TXN-003036,CUST-00280,1937171,MERCH-0050,Enugu,2026-09-16 19:53:00.901917,0,none
TXN-009740,CUST-00005,2883416,MERCH-0006,Abuja,2026-08-03 08:51:00.194763,0,none
TXN-002586,CUST-00283,3411247,MERCH-0088,Kaduna,2026-07-25 21:15:00.642227,0,none
TXN-001704,CUST-00061,4152974,MERCH-0001,Enugu,2026-09-07 14:31:00.597643,0,none
TXN-004632,CUST-00438,5167323,MERCH-0037,Kano,2026-09-24 10:47:00.234682,0,none
TXN-006011,CUST-00400,1194970,MERCH-0012,Enugu,2026-08-07 16:25:00.193133,0,none
TXN-005027,CUST-00358,1140247,MERCH-0041,Enugu,2026-09-16 07:06:00.586152,0,none
TXN-000492,CUST-00065,6827731,MERCH-0097,Ibadan,2026-09-23 10:05:00.489980,0,none
TXN-004130,CUST-00319,6048806,MERCH-0022,Benin City,2026-07-20 13:12:00.375965,0,none
TXN-004696,CUST-00302,2431300,MERCH-0061,Benin City,2026-09-17 14:49:00.251580,0,none
TXN-002837,CUST-00048,4199329,MERCH-0085,Ibadan,2026-08-06 09:30:00.145558,0,none
TXN-002267,CUST-00132,6325676,MERCH-0092,Port Harcourt,2026-08-02 12:18:00.045687,0,none
TXN-005160,CUST-00327,1379768,MERCH-0033,Port Harcourt,2026-07-16 15:09:00.215368,0,none
TXN-007195,CUST-00077,3441883,MERCH-0096,Ibadan,2026-09-03 12:14:00.312163,0,none
TXN-BURST-TXN-007753-2,CUST-00383,1111510,MERCH-0096,Ibadan,2026-09-22 18:27:30.723899,1,velocity_burst
TXN-005083,CUST-00109,5190143,MERCH-0008,Abuja,2026-08-02 12:32:00.444364,0,none
TXN-BURST-TXN-006512-1,CUST-00466,1552779,MERCH-0033,Lagos,2026-07-09 08:02:00.141685,1,velocity_burst
TXN-003549,CUST-00260,973288,MERCH-0053,Kaduna,2026-08-13 00:04:00.503086,1,off_hours
TXN-002901,CUST-00194,3473127,MERCH-0068,Kaduna,2026-08-24 09:25:00.927086,0,none
TXN-000820,CUST-00449,1712584,MERCH-0080,Ibadan,2026-07-13 18:01:00.305280,0,none
TXN-002945,CUST-00232,1581115,MERCH-0031,Port Harcourt,2026-08-15 08:16:00.001934,0,none
TXN-001917,CUST-00370,2586728,MERCH-0049,Kano,2026-08-23 10:50:00.849447,0,none
TXN-003186,CUST-00476,2191866,MERCH-0083,Lagos,2026-08-21 08:49:00.277669,0,none
TXN-008498,CUST-00369,3039974,MERCH-0036,Lagos,2026-10-05 12:30:00.582757,0,none
TXN-008988,CUST-00434,2510306,MERCH-0047,Ibadan,2026-07-22 03:09:00.913771,1,off_hours
TXN-008243,CUST-00401,2498739,MERCH-0076,Enugu,2026-09-27 17:31:00.661444,0,none
TXN-004314,CUST-00394,1766257,MERCH-0085,Kaduna,2026-09-29 11:56:00.358739,0,none
TXN-007820,CUST-00481,5315857,MERCH-0023,Lagos,2026-08-22 17:43:00.656549,0,none
TXN-008019,CUST-00107,2875584,MERCH-0092,Abuja,2026-07-26 11:40:00.504419,0,none
TXN-004573,CUST-00378,3454032,MERCH-0019,Kano,2026-08-23 20:53:00.828053,0,none
TXN-004100,CUST-00094,1927780,MERCH-0059,Abuja,2026-07-15 08:54:00.156533,0,none
TXN-001134,CUST-00217,1425685,MERCH-0098,Port Harcourt,2026-08-10 17:16:00.393629,0,none
TXN-006192,CUST-00494,3464216,MERCH-0011,Kaduna,2026-08-11 13:58:00.210942,0,none
TXN-008877,CUST-00442,2693245,MERCH-0023,Port Harcourt,2026-09-27 10:46:00.667549,0,none
TXN-002519,CUST-00061,3347268,MERCH-0046,Enugu,2026-09-21 14:54:00.350874,0,none
TXN-000398,CUST-00254,3367194,MERCH-0077,Lagos,2026-08-27 08:35:00.285900,0,none
TXN-001318,CUST-00170,730380,MERCH-0022,Kano,2026-09-15 18:32:00.345092,0,none
TXN-004626,CUST-00061,6059625,MERCH-0001,Enugu,2026-07-12 17:31:00.130805,0,none
TXN-000122,CUST-00056,7661136,MERCH-0032,Kano,2026-07-19 13:55:00.031742,0,none
TXN-007725,CUST-00224,1715056,MERCH-0057,Enugu,2026-10-05 16:42:00.797784,0,none
TXN-002450,CUST-00013,2871987,MERCH-0012,Enugu,2026-09-28 08:13:00.467820,0,none
TXN-009812,CUST-00287,1671008,MERCH-0077,Enugu,2026-09-29 09:31:00.093550,0,none
TXN-003230,CUST-00303,3506034,MERCH-0091,Abuja,2026-08-17 14:23:00.422094,0,none
TXN-001567,CUST-00369,1775512,MERCH-0062,Lagos,2026-07-16 12:50:00.714259,0,none
TXN-001985,CUST-00461,1785321,MERCH-0042,Kano,2026-09-28 16:33:00.614806,0,none
TXN-007077,CUST-00227,1685040,MERCH-0083,Kano,2026-07-24 17:28:00.541323,0,none
TXN-002602,CUST-00207,1643509,MERCH-0004,Port Harcourt,2026-07-26 13:20:00.641424,0,none
TXN-007279,CUST-00178,4701855,MERCH-0028,Kaduna,2026-09-25 10:35:00.037868,0,none
TXN-007217,CUST-00341,3645076,MERCH-0027,Kano,2026-07-11 09:04:00.161648,0,none
TXN-005877,CUST-00468,4575988,MERCH-0088,Ibadan,2026-08-11 11:16:00.043096,0,none
TXN-002174,CUST-00425,6720180,MERCH-0018,Enugu,2026-09-30 09:58:00.539150,0,none
TXN-003284,CUST-00301,721467,MERCH-0015,Benin City,2026-08-23 17:01:00.594487,0,none
TXN-008800,CUST-00489,3769470,MERCH-0073,Port Harcourt,2026-09-02 06:18:00.621388,0,none
TXN-003606,CUST-00216,2827861,MERCH-0072,Benin City,2026-09-26 17:38:00.294687,0,none
TXN-008896,CUST-00328,4017427,MERCH-0017,Enugu,2026-09-06 15:33:00.647734,0,none
TXN-002334,CUST-00214,2428372,MERCH-0037,Kaduna,2026-09-25 18:54:00.241889,0,none
TXN-000574,CUST-00464,2130819,MERCH-0089,Benin City,2026-09-05 13:10:00.709382,0,none
TXN-004177,CUST-00041,1980250,MERCH-0096,Ibadan,2026-07-25 17:35:00.228323,0,none
TXN-004607,CUST-00326,1555541,MERCH-0089,Lagos,2026-08-03 10:43:00.688396,0,none
TXN-009403,CUST-00375,2810339,MERCH-0076,Kano,2026-08-26 12:11:00.545476,0,none
TXN-003769,CUST-00452,2619229,MERCH-0059,Ibadan,2026-08-09 18:44:00.517067,1,velocity_burst
TXN-003903,CUST-00299,1674651,MERCH-0072,Enugu,2026-09-30 14:03:00.607606,0,none
TXN-000982,CUST-00324,1981587,MERCH-0074,Enugu,2026-08-24 15:43:00.874033,0,none
TXN-006163,CUST-00154,5038019,MERCH-0044,Enugu,2026-08-15 11:34:00.724269,0,none
TXN-003503,CUST-00110,4225227,MERCH-0068,Port Harcourt,2026-08-16 17:16:00.631438,0,none
TXN-001408,CUST-00186,3520799,MERCH-0041,Lagos,2026-08-31 13:06:00.759850,0,none
TXN-000536,CUST-00400,1179911,MERCH-0094,Enugu,2026-10-04 11:31:00.996122,0,none
TXN-004462,CUST-00359,6671757,MERCH-0100,Benin City,2026-07-26 09:37:00.888253,0,none
TXN-006428,CUST-00319,3189345,MERCH-0042,Benin City,2026-08-08 14:03:00.296140,0,none
TXN-006256,CUST-00037,1690572,MERCH-0027,Port Harcourt,2026-07-10 19:39:00.830689,0,none
TXN-008567,CUST-00035,6773186,MERCH-0071,Kano,2026-07-16 20:02:00.428711,0,none
TXN-007682,CUST-00314,323220,MERCH-0037,Port Harcourt,2026-08-22 18:23:00.403075,0,none
TXN-005272,CUST-00125,3069232,MERCH-0057,Enugu,2026-07-31 09:09:00.787266,0,none
TXN-001435,CUST-00461,1596000,MERCH-0050,Kano,2026-09-08 12:33:00.700605,0,none
TXN-007542,CUST-00358,1641081,MERCH-0042,Enugu,2026-07-19 08:54:00.165064,0,none
TXN-002580,CUST-00063,60303840,MERCH-0051,Enugu,2026-09-02 09:02:00.086447,1,amount_anomaly
TXN-006525,CUST-00121,3089001,MERCH-0082,Kaduna,2026-08-23 19:54:00.191809,0,none
TXN-003270,CUST-00137,1137483,MERCH-0056,Kaduna,2026-07-13 09:53:00.241610,0,none
TXN-009897,CUST-00470,1812770,MERCH-0066,Benin City,2026-07-16 16:20:00.352365,0,none
TXN-003768,CUST-00316,18679188,MERCH-0014,Benin City,2026-08-29 16:28:00.825635,1,amount_anomaly
TXN-009931,CUST-00143,1232832,MERCH-0068,Enugu,2026-09-13 08:39:00.704827,0,none
TXN-003370,CUST-00162,693793,MERCH-0023,Kano,2026-08-10 10:24:00.608310,0,none
TXN-001868,CUST-00206,3120395,MERCH-0083,Kano,2026-07-11 10:10:00.693633,0,none
TXN-001455,CUST-00453,1277578,MERCH-0096,Kaduna,2026-10-03 10:16:00.509973,0,none
TXN-001787,CUST-00289,3334673,MERCH-0009,Kano,2026-09-05 17:13:00.237695,0,none
TXN-BURST-TXN-007491-0,CUST-00264,1071378,MERCH-0049,Kaduna,2026-09-04 18:20:30.592107,1,velocity_burst
TXN-009654,CUST-00388,957033,MERCH-0049,Port Harcourt,2026-10-02 17:47:00.177313,0,none
TXN-002522,CUST-00249,4877602,MERCH-0009,Lagos,2026-08-06 08:24:00.035223,0,none
TXN-004790,CUST-00129,3502255,MERCH-0004,Kano,2026-07-15 08:27:00.415998,0,none
TXN-001821,CUST-00018,2627926,MERCH-0073,Abuja,2026-08-04 08:44:00.434407,0,none
TXN-008918,CUST-00339,557694,MERCH-0034,Abuja,2026-09-27 14:00:00.715769,0,none
TXN-002930,CUST-00049,4154706,MERCH-0087,Port Harcourt,2026-07-28 16:54:00.024577,0,none
TXN-000052,CUST-00426,4937731,MERCH-0092,Benin City,2026-09-16 11:33:00.187618,0,none
TXN-008180,CUST-00024,544015,MERCH-0094,Abuja,2026-08-04 10:59:00.095468,0,none
TXN-006523,CUST-00069,1727945,MERCH-0092,Port Harcourt,2026-08-08 15:32:00.011235,1,geo_anomaly
TXN-007954,CUST-00007,891275,MERCH-0030,Abuja,2026-09-06 19:46:00.154599,0,none
TXN-005901,CUST-00009,2013854,MERCH-0035,Abuja,2026-09-16 18:37:00.098917,0,none
TXN-003578,CUST-00290,4106691,MERCH-0010,Kano,2026-09-21 09:10:00.014733,0,none
TXN-000470,CUST-00142,565643,MERCH-0073,Port Harcourt,2026-08-20 08:38:00.139089,0,none
TXN-002630,CUST-00035,3450327,MERCH-0086,Kano,2026-07-26 12:00:00.773793,0,none
TXN-005606,CUST-00096,3567715,MERCH-0097,Lagos,2026-08-17 15:31:00.181035,0,none
TXN-003847,CUST-00055,1508418,MERCH-0100,Enugu,2026-07-14 11:03:00.093053,0,none
TXN-008046,CUST-00410,2597953,MERCH-0007,Ibadan,2026-08-07 08:19:00.196365,0,none
TXN-008546,CUST-00039,4189583,MERCH-0002,Kano,2026-08-30 11:46:00.983261,0,none
TXN-006697,CUST-00409,883953,MERCH-0068,Kano,2026-08-20 19:02:00.201314,0,none
TXN-004594,CUST-00153,4016094,MERCH-0032,Kaduna,2026-08-26 20:56:00.475677,0,none
TXN-001859,CUST-00462,4069228,MERCH-0053,Ibadan,2026-08-31 09:10:00.382444,0,none
TXN-006339,CUST-00286,3009388,MERCH-0012,Kaduna,2026-08-06 13:08:00.446483,0,none
TXN-009962,CUST-00265,4956220,MERCH-0064,Kaduna,2026-07-29 19:30:00.423810,0,none
TXN-000866,CUST-00454,4994634,MERCH-0080,Abuja,2026-07-09 11:09:00.724215,0,none
TXN-BURST-TXN-001524-0,CUST-00042,977494,MERCH-0032,Enugu,2026-09-25 10:02:30.703835,1,velocity_burst
TXN-007772,CUST-00498,4326772,MERCH-0065,Kano,2026-09-04 14:43:00.977613,0,none
TXN-005317,CUST-00130,2966236,MERCH-0096,Kano,2026-08-30 09:48:00.170777,0,none
TXN-006822,CUST-00364,1697641,MERCH-0008,Ibadan,2026-09-02 14:09:00.112809,0,none
TXN-009558,CUST-00051,2517577,MERCH-0095,Enugu,2026-09-26 09:05:00.532949,0,none
TXN-004627,CUST-00128,1757143,MERCH-0019,Ibadan,2026-08-03 13:09:00.993797,0,none
TXN-006752,CUST-00222,4375631,MERCH-0054,Port Harcourt,2026-08-08 17:53:00.032448,0,none
TXN-007384,CUST-00436,4213144,MERCH-0033,Abuja,2026-08-13 14:16:00.255218,0,none
TXN-000426,CUST-00216,3606368,MERCH-0025,Benin City,2026-09-27 18:01:00.446327,0,none
TXN-000189,CUST-00219,5060978,MERCH-0005,Ibadan,2026-10-02 11:07:00.684158,0,none
TXN-006077,CUST-00462,2428053,MERCH-0053,Ibadan,2026-08-13 11:25:00.421424,0,none
TXN-004984,CUST-00141,8403219,MERCH-0085,Ibadan,2026-07-11 17:24:00.033007,0,none
TXN-000229,CUST-00140,5189502,MERCH-0072,Kano,2026-08-24 16:35:00.097734,0,none
TXN-005598,CUST-00026,1957424,MERCH-0057,Kaduna,2026-09-16 09:29:00.944215,0,none
TXN-002742,CUST-00392,33979695,MERCH-0012,Kaduna,2026-09-06 10:34:00.240541,1,amount_anomaly
TXN-009056,CUST-00494,4244252,MERCH-0014,Kaduna,2026-09-12 09:38:00.449849,0,none
TXN-004440,CUST-00236,1087363,MERCH-0005,Kano,2026-10-01 18:23:00.493072,0,none
TXN-002922,CUST-00425,8241923,MERCH-0026,Enugu,2026-07-26 12:37:00.311246,0,none
TXN-008743,CUST-00413,500777,MERCH-0100,Port Harcourt,2026-07-24 13:45:00.349356,0,none
TXN-003654,CUST-00185,3022554,MERCH-0092,Kaduna,2026-08-18 13:23:00.158728,0,none
TXN-004412,CUST-00422,1781703,MERCH-0043,Kaduna,2026-07-23 15:55:00.924064,0,none
TXN-001129,CUST-00072,1053584,MERCH-0100,Kaduna,2026-09-26 18:34:00.278658,0,none
TXN-007538,CUST-00233,34792099,MERCH-0013,Ibadan,2026-08-08 09:00:00.165106,1,amount_anomaly
TXN-007657,CUST-00438,4514438,MERCH-0026,Kano,2026-08-31 07:41:00.357280,0,none
TXN-002209,CUST-00498,2790432,MERCH-0047,Kano,2026-07-18 19:07:00.186169,0,none
TXN-005426,CUST-00483,2428238,MERCH-0001,Enugu,2026-09-11 07:39:00.486889,0,none
TXN-009224,CUST-00053,3538967,MERCH-0079,Ibadan,2026-08-08 12:50:00.578208,0,none
TXN-004534,CUST-00235,2832616,MERCH-0074,Benin City,2026-08-12 12:46:00.524890,0,none
TXN-003154,CUST-00111,2373554,MERCH-0080,Kano,2026-09-25 14:50:00.747214,0,none
TXN-004792,CUST-00151,966584,MERCH-0055,Enugu,2026-08-09 12:19:00.403537,0,none
TXN-008088,CUST-00098,1730469,MERCH-0040,Kaduna,2026-09-30 07:31:00.373832,0,none
TXN-008383,CUST-00138,1611404,MERCH-0053,Benin City,2026-08-09 14:48:00.477664,0,none
TXN-009946,CUST-00429,1991990,MERCH-0026,Enugu,2026-08-08 12:53:00.756199,0,none
TXN-002375,CUST-00239,737840,MERCH-0052,Kano,2026-09-13 14:29:00.574496,0,none
TXN-001633,CUST-00495,2024867,MERCH-0065,Port Harcourt,2026-07-31 16:31:00.019784,0,none
TXN-006917,CUST-00193,1175105,MERCH-0005,Kano,2026-07-10 17:08:00.516562,0,none
TXN-002299,CUST-00483,1525477,MERCH-0097,Enugu,2026-09-12 20:28:00.039962,0,none
TXN-005439,CUST-00342,3049308,MERCH-0031,Benin City,2026-08-22 15:41:00.093109,0,none
TXN-007704,CUST-00425,5685482,MERCH-0026,Enugu,2026-07-15 20:10:00.087615,0,none
TXN-007238,CUST-00028,4465533,MERCH-0034,Enugu,2026-08-09 11:07:00.978036,0,none
TXN-BURST-TXN-001478-1,CUST-00109,7105205,MERCH-0006,Abuja,2026-09-11 13:33:00.214965,1,velocity_burst
TXN-004512,CUST-00036,2823891,MERCH-0071,Abuja,2026-07-29 13:54:00.336720,0,none
TXN-009433,CUST-00211,692610,MERCH-0019,Kaduna,2026-08-05 18:56:00.553056,0,none
TXN-005951,CUST-00407,1434538,MERCH-0035,Enugu,2026-09-28 17:44:00.251346,1,geo_anomaly
TXN-008316,CUST-00352,3550491,MERCH-0071,Kaduna,2026-08-17 08:21:00.650660,0,none
TXN-007143,CUST-00034,1181578,MERCH-0017,Abuja,2026-07-16 16:00:00.897159,0,none
TXN-008282,CUST-00101,1564103,MERCH-0054,Enugu,2026-09-09 22:24:00.531426,0,none
TXN-009416,CUST-00002,4516062,MERCH-0028,Abuja,2026-09-11 13:40:00.003921,0,none
TXN-008359,CUST-00324,3043518,MERCH-0035,Enugu,2026-07-16 18:26:00.277585,0,none
TXN-007472,CUST-00227,5677614,MERCH-0088,Kano,2026-09-03 20:20:00.523206,0,none
TXN-005969,CUST-00345,1600185,MERCH-0035,Benin City,2026-07-12 13:42:00.059353,0,none
TXN-002551,CUST-00311,2169110,MERCH-0018,Kaduna,2026-08-20 17:39:00.658775,0,none
TXN-004566,CUST-00096,3080477,MERCH-0067,Lagos,2026-08-22 10:25:00.833512,0,none
TXN-000939,CUST-00364,1178096,MERCH-0008,Ibadan,2026-08-21 18:12:00.331688,0,none
TXN-005501,CUST-00354,1725212,MERCH-0004,Kaduna,2026-08-05 10:48:00.417308,0,none
TXN-009426,CUST-00382,1519280,MERCH-0073,Port Harcourt,2026-09-19 15:20:00.715559,0,none
TXN-005787,CUST-00216,3415536,MERCH-0047,Benin City,2026-08-02 15:22:00.149105,0,none
TXN-BURST-TXN-001692-0,CUST-00472,195205,MERCH-0100,Port Harcourt,2026-08-24 15:58:30.230992,1,velocity_burst
TXN-002645,CUST-00028,2797906,MERCH-0034,Enugu,2026-07-19 15:04:00.810932,0,none
TXN-003166,CUST-00483,3178531,MERCH-0016,Enugu,2026-07-28 16:16:00.088393,0,none
TXN-003640,CUST-00377,518743,MERCH-0079,Ibadan,2026-07-27 19:43:00.943794,0,none
TXN-002062,CUST-00133,1144454,MERCH-0075,Kaduna,2026-07-10 09:37:00.575955,0,none
TXN-009537,CUST-00285,2980739,MERCH-0012,Kano,2026-07-08 19:56:00.166909,0,none
TXN-002813,CUST-00464,2176615,MERCH-0098,Benin City,2026-09-27 22:24:00.817734,0,none
TXN-009719,CUST-00192,6191115,MERCH-0087,Benin City,2026-09-05 10:51:00.380520,0,none
TXN-008950,CUST-00317,2761486,MERCH-0057,Ibadan,2026-08-15 20:13:00.047291,0,none
TXN-009322,CUST-00345,1979336,MERCH-0043,Benin City,2026-07-16 15:13:00.243264,0,none
TXN-002550,CUST-00344,1607460,MERCH-0093,Kano,2026-07-23 12:28:00.648989,0,none
TXN-008374,CUST-00481,3183167,MERCH-0023,Lagos,2026-07-25 16:53:00.971192,0,none
TXN-005216,CUST-00346,4030460,MERCH-0066,Abuja,2026-08-26 13:47:00.323866,0,none
TXN-004630,CUST-00497,2392250,MERCH-0038,Kaduna,2026-08-19 12:37:00.603835,0,none
TXN-009064,CUST-00153,2832796,MERCH-0056,Kaduna,2026-09-26 13:24:00.864577,0,none
TXN-001025,CUST-00076,2488375,MERCH-0089,Kaduna,2026-09-02 11:00:00.969556,0,none
TXN-004327,CUST-00276,4645563,MERCH-0002,Enugu,2026-08-12 17:54:00.192850,0,none
TXN-005826,CUST-00469,975824,MERCH-0029,Benin City,2026-09-03 12:19:00.545507,0,none
TXN-001952,CUST-00258,2797248,MERCH-0045,Kano,2026-07-13 19:36:00.207999,1,velocity_burst
TXN-005381,CUST-00297,3509532,MERCH-0069,Enugu,2026-09-06 15:45:00.717415,0,none
TXN-000352,CUST-00088,2653229,MERCH-0055,Abuja,2026-08-28 21:52:00.619163,0,none
TXN-005217,CUST-00073,3166309,MERCH-0058,Enugu,2026-09-29 16:00:00.237876,0,none
TXN-003663,CUST-00094,2801673,MERCH-0064,Abuja,2026-08-06 15:55:00.198917,0,none
TXN-009023,CUST-00359,3417166,MERCH-0100,Benin City,2026-09-25 17:22:00.120609,0,none
TXN-005313,CUST-00267,620129,MERCH-0075,Kano,2026-08-27 10:56:00.529391,0,none
TXN-003151,CUST-00337,2026567,MERCH-0068,Kaduna,2026-07-11 06:35:00.084268,0,none
TXN-009171,CUST-00052,2318143,MERCH-0087,Abuja,2026-08-23 16:09:00.922225,0,none
TXN-008529,CUST-00369,1887670,MERCH-0062,Lagos,2026-08-09 10:13:00.423236,0,none
TXN-008908,CUST-00289,3723853,MERCH-0064,Kano,2026-08-10 12:55:00.413538,0,none
TXN-002940,CUST-00270,5346735,MERCH-0018,Lagos,2026-07-28 07:34:00.770778,0,none
TXN-001341,CUST-00359,4368482,MERCH-0026,Benin City,2026-09-02 12:24:00.761724,0,none
TXN-009708,CUST-00177,1684816,MERCH-0018,Benin City,2026-07-18 10:11:00.347746,0,none
TXN-006498,CUST-00364,951181,MERCH-0016,Ibadan,2026-07-19 09:23:00.233142,0,none
TXN-008161,CUST-00202,5584942,MERCH-0017,Abuja,2026-09-27 16:51:00.685434,0,none
TXN-004978,CUST-00043,2260175,MERCH-0040,Abuja,2026-09-24 14:47:00.700946,0,none
TXN-007936,CUST-00114,3906358,MERCH-0074,Enugu,2026-09-06 16:51:00.404100,0,none
TXN-005616,CUST-00153,5051062,MERCH-0056,Kaduna,2026-07-08 18:11:00.740256,0,none
TXN-001584,CUST-00417,453020,MERCH-0039,Abuja,2026-07-08 13:05:00.742204,0,none
TXN-001413,CUST-00500,2974710,MERCH-0006,Kaduna,2026-08-31 15:34:00.241455,0,none
TXN-004430,CUST-00402,2913141,MERCH-0075,Abuja,2026-10-03 16:12:00.467493,0,none
TXN-009062,CUST-00293,5645570,MERCH-0082,Ibadan,2026-07-18 19:59:00.146712,0,none
TXN-002257,CUST-00470,2250298,MERCH-0088,Benin City,2026-09-03 16:15:00.223855,0,none
TXN-007224,CUST-00199,3624475,MERCH-0026,Kano,2026-08-17 14:59:00.383876,0,none
TXN-002213,CUST-00093,3393427,MERCH-0012,Port Harcourt,2026-07-16 15:05:00.285939,0,none
TXN-002623,CUST-00079,4052912,MERCH-0095,Abuja,2026-08-12 12:54:00.944608,0,none
TXN-005719,CUST-00481,5891759,MERCH-0007,Lagos,2026-07-20 17:16:00.882879,0,none
TXN-003625,CUST-00291,3269525,MERCH-0039,Kaduna,2026-08-07 15:31:00.994320,0,none
TXN-004615,CUST-00481,7278390,MERCH-0007,Lagos,2026-09-12 13:15:00.653458,0,none
TXN-009313,CUST-00157,2612767,MERCH-0098,Abuja,2026-08-03 19:59:00.960732,0,none
TXN-000464,CUST-00252,3440977,MERCH-0069,Lagos,2026-08-18 22:52:00.795668,0,none
TXN-001755,CUST-00140,4543569,MERCH-0098,Kano,2026-09-29 17:25:00.119660,0,none
TXN-005911,CUST-00195,3593186,MERCH-0004,Benin City,2026-09-07 13:49:00.496100,0,none
TXN-009773,CUST-00484,896380,MERCH-0088,Lagos,2026-07-21 22:50:00.880550,0,none
TXN-004348,CUST-00034,1288189,MERCH-0009,Abuja,2026-08-17 11:01:00.194671,0,none
TXN-000379,CUST-00297,174390930,MERCH-0082,Enugu,2026-10-03 15:14:00.639982,1,amount_anomaly
TXN-003107,CUST-00077,2637526,MERCH-0071,Ibadan,2026-07-22 14:49:00.815406,0,none
TXN-001336,CUST-00439,2609562,MERCH-0006,Ibadan,2026-08-07 12:28:00.448219,0,none
TXN-BURST-TXN-001050-1,CUST-00123,1222462,MERCH-0031,Kano,2026-07-31 16:26:00.957294,1,velocity_burst
TXN-002717,CUST-00365,1231650,MERCH-0083,Ibadan,2026-08-10 07:06:00.077198,0,none
TXN-009659,CUST-00024,896482,MERCH-0084,Abuja,2026-08-04 10:38:00.034421,0,none
TXN-004707,CUST-00260,3558422,MERCH-0068,Kaduna,2026-08-31 14:02:00.752818,1,velocity_burst
TXN-005228,CUST-00144,3503828,MERCH-0048,Enugu,2026-07-18 11:38:00.143859,0,none
TXN-007235,CUST-00365,1163334,MERCH-0075,Ibadan,2026-08-25 18:26:00.144126,0,none
TXN-001812,CUST-00485,2716135,MERCH-0029,Abuja,2026-07-14 13:45:00.870964,0,none
TXN-001895,CUST-00006,889203,MERCH-0074,Abuja,2026-08-16 19:49:00.558665,0,none
TXN-009270,CUST-00180,979046,MERCH-0081,Kaduna,2026-09-26 17:41:00.373649,0,none
TXN-007707,CUST-00452,3412204,MERCH-0057,Ibadan,2026-09-13 15:11:00.822232,0,none
TXN-001190,CUST-00251,1981510,MERCH-0001,Benin City,2026-08-10 22:51:00.990228,0,none
TXN-007656,CUST-00167,1617719,MERCH-0024,Abuja,2026-09-11 17:02:00.640572,0,none
TXN-007587,CUST-00492,2407009,MERCH-0032,Port Harcourt,2026-07-27 10:47:00.235048,0,none
TXN-003455,CUST-00402,4843750,MERCH-0013,Abuja,2026-07-30 15:35:00.751056,0,none
TXN-005708,CUST-00340,5010439,MERCH-0052,Lagos,2026-07-24 19:11:00.589104,0,none
TXN-006254,CUST-00140,2684429,MERCH-0048,Kano,2026-07-23 09:57:00.248599,0,none
TXN-004909,CUST-00236,778138,MERCH-0002,Kano,2026-08-25 10:28:00.311563,0,none
TXN-004340,CUST-00395,2608556,MERCH-0024,Enugu,2026-09-08 15:58:00.256527,0,none
TXN-008970,CUST-00064,1540000,MERCH-0042,Enugu,2026-08-03 16:09:00.489330,0,none
TXN-003993,CUST-00385,3723682,MERCH-0007,Abuja,2026-09-23 03:14:00.605515,1,off_hours
TXN-007760,CUST-00444,1752136,MERCH-0044,Kano,2026-09-02 15:53:00.160179,0,none
TXN-001031,CUST-00211,1543898,MERCH-0019,Kaduna,2026-07-19 09:40:00.325970,0,none
TXN-005008,CUST-00251,1598131,MERCH-0017,Benin City,2026-09-19 19:13:00.516072,0,none
TXN-007655,CUST-00158,3722454,MERCH-0061,Benin City,2026-07-10 08:05:00.864948,0,none
TXN-003775,CUST-00318,3023973,MERCH-0027,Ibadan,2026-07-10 19:25:00.006564,0,none
TXN-007268,CUST-00193,1145893,MERCH-0005,Kano,2026-07-31 17:33:00.217206,0,none
TXN-007896,CUST-00048,3314552,MERCH-0039,Ibadan,2026-09-01 09:36:00.523831,0,none
TXN-001756,CUST-00068,1619846,MERCH-0014,Port Harcourt,2026-08-25 15:55:00.122605,0,none
TXN-009910,CUST-00460,6294284,MERCH-0007,Kano,2026-08-30 19:12:00.763107,0,none
TXN-007048,CUST-00306,4582619,MERCH-0036,Ibadan,2026-08-17 14:39:00.610041,0,none
TXN-000111,CUST-00474,5271965,MERCH-0069,Kano,2026-08-02 10:48:00.946396,0,none
TXN-008201,CUST-00150,4910175,MERCH-0051,Ibadan,2026-07-09 11:10:00.914162,0,none
TXN-008166,CUST-00259,4911499,MERCH-0039,Enugu,2026-09-13 12:19:00.869559,0,none
TXN-002918,CUST-00498,4106088,MERCH-0051,Kano,2026-08-14 17:39:00.306806,0,none
TXN-001516,CUST-00349,3314340,MERCH-0071,Kaduna,2026-09-27 17:18:00.585145,0,none
TXN-009547,CUST-00216,5382974,MERCH-0007,Benin City,2026-08-28 17:07:00.243526,1,velocity_burst
TXN-009389,CUST-00176,3877124,MERCH-0041,Benin City,2026-07-28 18:08:00.371864,0,none
TXN-008719,CUST-00103,3407709,MERCH-0074,Benin City,2026-09-28 17:25:00.799745,0,none
TXN-002264,CUST-00066,965193,MERCH-0006,Lagos,2026-07-13 09:40:00.178169,0,none
TXN-008803,CUST-00001,108169,MERCH-0087,Abuja,2026-07-12 17:45:00.485151,0,none
TXN-006484,CUST-00016,4323991,MERCH-0081,Port Harcourt,2026-09-28 08:23:00.307860,0,none
TXN-000894,CUST-00065,3196460,MERCH-0011,Ibadan,2026-10-04 17:56:00.084871,0,none
TXN-001491,CUST-00379,1112087,MERCH-0048,Kano,2026-08-02 12:20:00.130910,0,none
TXN-001851,CUST-00324,2162794,MERCH-0071,Enugu,2026-07-16 15:09:00.902898,0,none
TXN-000325,CUST-00252,3600758,MERCH-0032,Lagos,2026-09-19 11:41:00.813582,1,velocity_burst
TXN-001216,CUST-00197,2179996,MERCH-0026,Kaduna,2026-09-29 11:08:00.348333,0,none
TXN-002934,CUST-00066,806287,MERCH-0009,Lagos,2026-07-21 11:44:00.649176,0,none
TXN-007262,CUST-00373,3986403,MERCH-0032,Kaduna,2026-07-08 17:56:00.280680,0,none
TXN-006804,CUST-00429,5327544,MERCH-0005,Enugu,2026-08-29 14:25:00.425615,0,none
TXN-008898,CUST-00008,3134537,MERCH-0035,Port Harcourt,2026-08-20 17:24:00.829807,0,none
TXN-008715,CUST-00250,4228892,MERCH-0049,Kano,2026-09-04 15:16:00.910679,0,none
TXN-BURST-TXN-001692-1,CUST-00472,195205,MERCH-0100,Port Harcourt,2026-08-24 15:59:00.230992,1,velocity_burst
TXN-001130,CUST-00262,731626,MERCH-0025,Ibadan,2026-09-18 19:06:00.571399,0,none
TXN-005170,CUST-00004,3519272,MERCH-0014,Kano,2026-10-04 14:10:00.501458,0,none
TXN-002919,CUST-00426,3357391,MERCH-0024,Benin City,2026-08-20 10:18:00.811034,0,none
TXN-003085,CUST-00208,4836071,MERCH-0089,Port Harcourt,2026-07-12 09:34:00.646716,0,none
TXN-002796,CUST-00351,4048847,MERCH-0009,Abuja,2026-08-08 08:13:00.952881,0,none
TXN-004289,CUST-00304,362450,MERCH-0022,Abuja,2026-08-08 09:05:00.974805,0,none
TXN-000799,CUST-00034,774146,MERCH-0017,Abuja,2026-07-21 10:17:00.574489,0,none
TXN-000735,CUST-00085,2172315,MERCH-0073,Kaduna,2026-09-22 20:59:00.864972,0,none
TXN-009317,CUST-00206,2626023,MERCH-0006,Kano,2026-08-15 10:34:00.128814,0,none
TXN-002245,CUST-00426,6692864,MERCH-0024,Benin City,2026-09-25 19:47:00.670740,0,none
TXN-000179,CUST-00452,2905729,MERCH-0074,Ibadan,2026-08-23 16:29:00.536130,0,none
TXN-006293,CUST-00371,4446159,MERCH-0035,Benin City,2026-09-14 13:03:00.874567,0,none
TXN-BURST-TXN-008466-0,CUST-00463,3848102,MERCH-0038,Port Harcourt,2026-10-02 14:35:30.055928,1,velocity_burst
TXN-001175,CUST-00292,1523695,MERCH-0078,Enugu,2026-09-12 17:52:00.464660,0,none
TXN-006311,CUST-00056,3582088,MERCH-0086,Kano,2026-08-16 11:00:00.681893,0,none
TXN-001832,CUST-00364,946384,MERCH-0002,Ibadan,2026-08-01 18:46:00.419020,0,none
TXN-BURST-TXN-008836-2,CUST-00065,3707704,MERCH-0097,Ibadan,2026-09-16 14:00:30.687468,1,velocity_burst
TXN-005867,CUST-00214,3293028,MERCH-0037,Kaduna,2026-09-24 09:40:00.397634,0,none
TXN-BURST-TXN-003388-2,CUST-00409,864665,MERCH-0068,Kano,2026-08-19 08:03:30.157512,1,velocity_burst
TXN-007832,CUST-00065,4177934,MERCH-0054,Ibadan,2026-09-17 12:52:00.117150,0,none
TXN-003202,CUST-00173,4606233,MERCH-0026,Port Harcourt,2026-08-14 18:00:00.170242,0,none
TXN-000199,CUST-00107,4367726,MERCH-0063,Abuja,2026-07-09 10:21:00.503601,0,none
TXN-007257,CUST-00154,4651746,MERCH-0100,Enugu,2026-07-13 19:36:00.275774,0,none
TXN-004088,CUST-00206,2752338,MERCH-0011,Kano,2026-07-25 15:59:00.429383,0,none
TXN-000549,CUST-00011,2087342,MERCH-0083,Abuja,2026-07-13 19:32:00.953997,0,none
TXN-007454,CUST-00041,3603723,MERCH-0053,Ibadan,2026-08-19 07:23:00.814345,0,none
TXN-BURST-TXN-001952-2,CUST-00258,2797248,MERCH-0045,Kano,2026-07-13 19:37:30.207999,1,velocity_burst
TXN-009759,CUST-00479,1545853,MERCH-0100,Abuja,2026-07-21 09:56:00.081671,0,none
TXN-002533,CUST-00260,3961202,MERCH-0008,Kaduna,2026-09-21 08:01:00.450095,0,none
TXN-002315,CUST-00005,5644237,MERCH-0006,Abuja,2026-08-26 19:05:00.233446,0,none
TXN-007182,CUST-00077,3857735,MERCH-0071,Ibadan,2026-09-17 20:23:00.422662,0,none
TXN-000067,CUST-00328,4152598,MERCH-0010,Enugu,2026-08-28 20:23:00.126621,0,none
TXN-003261,CUST-00294,3968250,MERCH-0070,Ibadan,2026-09-21 10:20:00.526561,0,none
TXN-002573,CUST-00478,3183046,MERCH-0038,Benin City,2026-09-12 14:38:00.064027,0,none
TXN-006142,CUST-00259,5624688,MERCH-0049,Enugu,2026-09-25 11:30:00.038031,0,none
TXN-006831,CUST-00047,4527962,MERCH-0067,Abuja,2026-07-26 10:23:00.550306,0,none
TXN-000623,CUST-00500,3401642,MERCH-0009,Kaduna,2026-09-13 11:37:00.606433,0,none
TXN-001682,CUST-00071,5979083,MERCH-0014,Enugu,2026-08-14 15:21:00.668021,0,none
TXN-000788,CUST-00093,1648511,MERCH-0042,Port Harcourt,2026-09-23 10:55:00.462738,0,none
TXN-003333,CUST-00323,4418920,MERCH-0012,Kaduna,2026-10-04 16:29:00.723166,0,none
TXN-005363,CUST-00246,1895078,MERCH-0075,Kano,2026-10-05 20:41:00.311296,0,none
TXN-007881,CUST-00352,3766249,MERCH-0059,Kaduna,2026-09-01 20:13:00.296649,0,none
TXN-003281,CUST-00121,2449173,MERCH-0030,Kaduna,2026-09-23 17:32:00.935797,0,none
TXN-008855,CUST-00275,4033443,MERCH-0084,Enugu,2026-09-20 13:28:00.062292,0,none
TXN-006026,CUST-00469,474282,MERCH-0029,Benin City,2026-09-24 16:46:00.199463,0,none
TXN-007524,CUST-00246,1726553,MERCH-0063,Kano,2026-08-01 22:47:00.610004,0,none
TXN-008962,CUST-00204,1166646,MERCH-0082,Port Harcourt,2026-09-23 08:40:00.694968,0,none
TXN-007913,CUST-00495,1931370,MERCH-0081,Port Harcourt,2026-08-11 17:24:00.470613,0,none
TXN-000479,CUST-00307,1361958,MERCH-0059,Abuja,2026-07-18 14:17:00.911689,0,none
TXN-006148,CUST-00004,4892352,MERCH-0044,Kano,2026-07-21 11:28:00.856757,0,none
TXN-002648,CUST-00170,3559526,MERCH-0099,Kano,2026-07-12 11:59:00.658628,0,none
TXN-007521,CUST-00093,1520274,MERCH-0012,Port Harcourt,2026-08-18 11:51:00.643822,0,none
TXN-008584,CUST-00063,1463325,MERCH-0051,Enugu,2026-09-21 13:35:00.854474,0,none
TXN-001034,CUST-00087,6584140,MERCH-0059,Kaduna,2026-09-04 08:06:00.941591,0,none
TXN-005059,CUST-00257,2840022,MERCH-0072,Kano,2026-09-22 16:28:00.103068,0,none
TXN-002599,CUST-00165,2385076,MERCH-0040,Port Harcourt,2026-07-27 15:38:00.476450,0,none
TXN-009965,CUST-00207,3382478,MERCH-0070,Port Harcourt,2026-07-10 20:27:00.924855,0,none
TXN-006028,CUST-00417,287902,MERCH-0077,Abuja,2026-09-02 16:52:00.678052,0,none
TXN-008792,CUST-00360,1564860,MERCH-0046,Abuja,2026-08-21 17:15:00.119196,0,none
TXN-000345,CUST-00256,2099276,MERCH-0039,Kano,2026-09-22 08:02:00.533631,0,none
TXN-004382,CUST-00093,2687632,MERCH-0063,Port Harcourt,2026-08-27 21:11:00.724009,0,none
TXN-001872,CUST-00406,366677,MERCH-0063,Benin City,2026-09-27 20:22:00.600471,0,none
TXN-006861,CUST-00128,2137031,MERCH-0036,Ibadan,2026-08-29 13:01:00.496665,0,none
TXN-008574,CUST-00437,2033144,MERCH-0035,Kano,2026-10-04 06:40:00.006815,0,none
TXN-009948,CUST-00306,3178095,MERCH-0001,Ibadan,2026-08-25 17:45:00.355641,0,none
TXN-002889,CUST-00077,2088160,MERCH-0068,Ibadan,2026-08-04 16:09:00.367407,0,none
TXN-000221,CUST-00168,4638633,MERCH-0020,Ibadan,2026-10-02 12:46:00.229017,0,none
TXN-009521,CUST-00470,2289807,MERCH-0023,Benin City,2026-08-08 12:51:00.182099,0,none
TXN-008633,CUST-00478,5811817,MERCH-0042,Benin City,2026-08-10 21:00:00.914598,0,none
TXN-004394,CUST-00040,1162979,MERCH-0019,Kano,2026-09-10 14:34:00.472503,0,none
TXN-004017,CUST-00285,3037119,MERCH-0040,Kano,2026-07-23 13:10:00.540156,0,none
TXN-009467,CUST-00131,5044726,MERCH-0006,Benin City,2026-08-17 15:19:00.066809,0,none
TXN-004249,CUST-00372,1140311,MERCH-0100,Kano,2026-08-16 22:09:00.025462,0,none
TXN-009484,CUST-00097,3754058,MERCH-0071,Kaduna,2026-10-04 16:02:00.583949,0,none
TXN-006429,CUST-00004,4519061,MERCH-0028,Kano,2026-10-04 18:49:00.665958,0,none
TXN-007583,CUST-00201,3917410,MERCH-0017,Port Harcourt,2026-07-08 19:20:00.409001,0,none
TXN-007534,CUST-00262,1045721,MERCH-0078,Ibadan,2026-07-14 14:48:00.198712,0,none
TXN-006968,CUST-00241,328405,MERCH-0058,Ibadan,2026-08-07 18:09:00.474507,0,none
TXN-004242,CUST-00044,2916841,MERCH-0036,Ibadan,2026-07-11 14:15:00.117051,0,none
TXN-004561,CUST-00166,1615512,MERCH-0095,Kano,2026-08-22 12:36:00.123761,0,none
TXN-009423,CUST-00333,4617903,MERCH-0088,Kaduna,2026-10-05 11:35:00.283360,0,none
TXN-005282,CUST-00407,1805019,MERCH-0094,Ibadan,2026-09-03 21:56:00.369891,0,none
TXN-002882,CUST-00296,4005040,MERCH-0062,Kano,2026-10-04 11:31:00.559438,0,none
TXN-001678,CUST-00259,4502127,MERCH-0020,Enugu,2026-08-30 13:41:00.465450,0,none
TXN-008095,CUST-00121,2855313,MERCH-0048,Kaduna,2026-09-23 22:08:00.774212,0,none
TXN-000902,CUST-00456,3778206,MERCH-0085,Kaduna,2026-07-25 18:10:00.407367,0,none
TXN-007686,CUST-00053,2612952,MERCH-0079,Ibadan,2026-08-03 11:10:00.375814,0,none
TXN-002297,CUST-00154,5902652,MERCH-0100,Enugu,2026-09-28 13:25:00.734481,0,none
TXN-009093,CUST-00234,587939,MERCH-0097,Kano,2026-08-28 13:55:00.680494,0,none
TXN-005077,CUST-00358,1190369,MERCH-0051,Enugu,2026-09-27 19:40:00.835367,0,none
TXN-000297,CUST-00496,5568624,MERCH-0071,Lagos,2026-09-30 17:48:00.830725,0,none
TXN-009096,CUST-00167,3302220,MERCH-0040,Abuja,2026-08-16 10:50:00.387036,0,none
TXN-004154,CUST-00406,713492,MERCH-0063,Benin City,2026-09-21 14:57:00.037811,0,none
TXN-004732,CUST-00067,2017359,MERCH-0090,Lagos,2026-09-03 15:56:00.990866,0,none
TXN-000028,CUST-00406,1003272,MERCH-0036,Benin City,2026-08-06 13:05:00.424492,0,none
TXN-004756,CUST-00328,3528152,MERCH-0013,Enugu,2026-08-05 19:26:00.577943,0,none
TXN-009012,CUST-00241,811189,MERCH-0058,Ibadan,2026-07-21 13:23:00.660673,0,none
TXN-007173,CUST-00194,4310588,MERCH-0018,Kaduna,2026-07-17 21:43:00.149848,0,none
TXN-008289,CUST-00171,1380901,MERCH-0079,Kaduna,2026-08-20 13:57:00.744375,0,none
TXN-003249,CUST-00361,3401119,MERCH-0016,Ibadan,2026-09-26 11:07:00.497454,0,none
TXN-009074,CUST-00114,5999153,MERCH-0003,Enugu,2026-09-03 10:32:00.440796,0,none
TXN-002581,CUST-00056,3748714,MERCH-0068,Kano,2026-09-10 10:59:00.985905,0,none
TXN-005119,CUST-00466,843259,MERCH-0037,Lagos,2026-07-14 11:37:00.756349,0,none
TXN-005917,CUST-00210,2624653,MERCH-0031,Benin City,2026-08-15 15:17:00.053970,0,none
TXN-001371,CUST-00490,4028807,MERCH-0075,Abuja,2026-07-13 10:57:00.165941,0,none
TXN-BURST-TXN-005025-2,CUST-00008,3386291,MERCH-0035,Port Harcourt,2026-10-03 15:42:30.549284,1,velocity_burst
TXN-007540,CUST-00022,994666,MERCH-0010,Ibadan,2026-08-08 15:00:00.690113,0,none
TXN-005584,CUST-00282,3239720,MERCH-0035,Abuja,2026-08-27 12:28:00.766927,0,none
TXN-005652,CUST-00007,955985,MERCH-0013,Abuja,2026-09-22 08:27:00.694992,0,none
TXN-000682,CUST-00274,2357924,MERCH-0046,Ibadan,2026-08-18 10:25:00.428355,0,none
TXN-003160,CUST-00282,3040344,MERCH-0100,Abuja,2026-09-26 13:57:00.404339,0,none
TXN-002988,CUST-00282,3733673,MERCH-0058,Abuja,2026-09-22 22:09:00.015601,0,none
TXN-001883,CUST-00037,2132283,MERCH-0044,Port Harcourt,2026-10-04 13:56:00.014933,0,none
TXN-001941,CUST-00149,3501569,MERCH-0069,Port Harcourt,2026-08-25 12:35:00.545098,0,none
TXN-003297,CUST-00217,747273,MERCH-0080,Port Harcourt,2026-07-08 20:48:00.664775,0,none
TXN-003535,CUST-00447,2106403,MERCH-0094,Kaduna,2026-09-10 21:58:00.060481,0,none
TXN-003730,CUST-00339,525800,MERCH-0034,Abuja,2026-07-31 18:50:00.699582,0,none
TXN-006715,CUST-00496,5712190,MERCH-0034,Lagos,2026-09-07 17:43:00.023840,0,none
TXN-001182,CUST-00468,4450834,MERCH-0088,Ibadan,2026-09-26 07:09:00.601531,0,none
TXN-001376,CUST-00084,1916999,MERCH-0067,Ibadan,2026-09-21 16:24:00.373025,0,none
TXN-005633,CUST-00297,6535591,MERCH-0047,Enugu,2026-08-26 12:32:00.076531,0,none
TXN-004915,CUST-00239,861552,MERCH-0082,Kano,2026-09-11 12:04:00.695895,0,none
TXN-000627,CUST-00377,603297,MERCH-0026,Ibadan,2026-09-26 10:03:00.711972,0,none
TXN-002113,CUST-00166,1625385,MERCH-0017,Kano,2026-08-10 11:40:00.609587,0,none
TXN-006265,CUST-00409,1147136,MERCH-0023,Kano,2026-09-08 18:08:00.836780,0,none
TXN-007525,CUST-00369,2199490,MERCH-0012,Lagos,2026-08-19 09:00:00.481068,0,none
TXN-007068,CUST-00213,3010385,MERCH-0003,Kano,2026-09-18 21:42:00.369424,0,none
TXN-007705,CUST-00455,5374501,MERCH-0043,Ibadan,2026-09-01 12:59:00.720430,0,none
TXN-004181,CUST-00295,631013,MERCH-0087,Kano,2026-09-11 18:59:00.425354,0,none
TXN-007533,CUST-00114,4728617,MERCH-0090,Enugu,2026-08-03 11:21:00.788762,0,none
TXN-004487,CUST-00430,4401214,MERCH-0001,Lagos,2026-08-25 13:11:00.622268,0,none
TXN-001463,CUST-00136,1360004,MERCH-0048,Enugu,2026-09-06 16:53:00.888280,0,none
TXN-002888,CUST-00371,3654376,MERCH-0035,Benin City,2026-08-15 14:33:00.399776,0,none
TXN-005206,CUST-00124,3751236,MERCH-0094,Kaduna,2026-08-24 17:48:00.756856,0,none
TXN-000685,CUST-00372,420376,MERCH-0036,Kano,2026-09-14 19:43:00.099134,0,none
TXN-007770,CUST-00460,7216660,MERCH-0007,Kano,2026-09-27 22:25:00.013666,0,none
TXN-008146,CUST-00381,2233539,MERCH-0023,Kaduna,2026-07-31 11:11:00.045889,0,none
TXN-001367,CUST-00483,3397245,MERCH-0097,Enugu,2026-08-08 09:02:00.478062,0,none
TXN-003917,CUST-00442,2593024,MERCH-0006,Port Harcourt,2026-09-07 18:28:00.429043,0,none
TXN-BURST-TXN-003769-1,CUST-00452,2619229,MERCH-0059,Ibadan,2026-08-09 18:45:00.517067,1,velocity_burst
TXN-002640,CUST-00303,4310404,MERCH-0091,Abuja,2026-08-01 04:41:00.274127,1,off_hours
TXN-009800,CUST-00172,3716179,MERCH-0057,Ibadan,2026-10-02 19:27:00.136590,0,none
TXN-009365,CUST-00035,2837551,MERCH-0068,Kano,2026-09-25 16:25:00.091498,0,none
TXN-008128,CUST-00112,5730867,MERCH-0002,Ibadan,2026-08-02 16:48:00.678093,0,none
TXN-002301,CUST-00173,3188152,MERCH-0007,Port Harcourt,2026-07-20 18:13:00.043614,0,none
TXN-002939,CUST-00454,4824604,MERCH-0071,Abuja,2026-09-05 10:55:00.348717,0,none
TXN-006139,CUST-00470,3034740,MERCH-0066,Benin City,2026-07-12 09:12:00.119485,0,none
TXN-008972,CUST-00389,3883703,MERCH-0004,Abuja,2026-07-18 15:14:00.459836,0,none
TXN-005422,CUST-00034,896980,MERCH-0032,Abuja,2026-09-13 17:33:00.233448,0,none
TXN-001980,CUST-00151,587902,MERCH-0055,Enugu,2026-09-12 11:09:00.830635,0,none
TXN-003804,CUST-00294,3245559,MERCH-0076,Ibadan,2026-09-26 12:04:00.855895,0,none
TXN-005071,CUST-00262,1510464,MERCH-0093,Ibadan,2026-07-26 12:06:00.184631,0,none
TXN-004673,CUST-00388,835898,MERCH-0049,Port Harcourt,2026-07-19 08:44:00.785564,0,none
TXN-BURST-TXN-005310-1,CUST-00473,3728460,MERCH-0068,Port Harcourt,2026-07-17 17:26:00.713629,1,velocity_burst
TXN-009857,CUST-00339,653184,MERCH-0034,Abuja,2026-07-10 16:28:00.110691,0,none
TXN-002281,CUST-00225,5229692,MERCH-0091,Kano,2026-08-24 10:38:00.024501,0,none
TXN-006150,CUST-00410,1628637,MERCH-0059,Ibadan,2026-10-01 13:35:00.138597,0,none
TXN-004468,CUST-00367,741068,MERCH-0056,Benin City,2026-08-04 15:27:00.008878,0,none
TXN-007906,CUST-00475,2322634,MERCH-0097,Abuja,2026-08-16 16:44:00.204756,0,none
TXN-004131,CUST-00263,5787262,MERCH-0002,Ibadan,2026-09-04 09:34:00.700693,0,none
TXN-006538,CUST-00167,3530175,MERCH-0024,Abuja,2026-08-29 15:36:00.665080,0,none
TXN-BURST-TXN-003796-2,CUST-00006,2556966,MERCH-0081,Abuja,2026-09-09 15:18:30.028211,1,velocity_burst
TXN-001785,CUST-00152,5074903,MERCH-0080,Enugu,2026-09-06 14:33:00.663570,0,none
TXN-003183,CUST-00143,1320163,MERCH-0068,Enugu,2026-09-13 17:05:00.157641,0,none
TXN-000495,CUST-00056,6934181,MERCH-0060,Kano,2026-08-30 09:30:00.151424,0,none
TXN-007933,CUST-00255,4056135,MERCH-0097,Lagos,2026-08-26 13:07:00.516386,0,none
TXN-004484,CUST-00006,3453837,MERCH-0081,Abuja,2026-09-23 19:25:00.362303,0,none
TXN-002861,CUST-00208,3888103,MERCH-0008,Port Harcourt,2026-07-09 21:05:00.324138,0,none
TXN-006513,CUST-00051,2511172,MERCH-0061,Enugu,2026-08-21 09:01:00.870285,0,none
TXN-004042,CUST-00290,2131908,MERCH-0062,Kano,2026-08-25 13:27:00.207368,0,none
TXN-007738,CUST-00098,857000,MERCH-0040,Kaduna,2026-09-18 13:19:00.769195,0,none
TXN-002898,CUST-00456,2617784,MERCH-0029,Kaduna,2026-08-31 17:47:00.199050,0,none
TXN-000367,CUST-00355,687148,MERCH-0031,Benin City,2026-09-07 17:05:00.434815,0,none
TXN-000850,CUST-00171,975020,MERCH-0079,Kaduna,2026-07-17 10:49:00.262899,0,none
TXN-009119,CUST-00115,1164885,MERCH-0007,Enugu,2026-09-01 09:18:00.604200,0,none
TXN-004772,CUST-00199,5136052,MERCH-0026,Kano,2026-09-16 18:15:00.490621,0,none
TXN-005781,CUST-00440,1864342,MERCH-0086,Kaduna,2026-08-23 19:15:00.709692,0,none
TXN-004639,CUST-00378,1383894,MERCH-0076,Kano,2026-10-04 10:13:00.045899,0,none
TXN-002654,CUST-00250,5627842,MERCH-0085,Kano,2026-09-02 20:32:00.448752,0,none
TXN-003504,CUST-00143,832631,MERCH-0068,Enugu,2026-07-29 08:26:00.904624,0,none
TXN-001542,CUST-00354,2676453,MERCH-0004,Kaduna,2026-07-17 10:07:00.732295,0,none
TXN-005731,CUST-00064,1832291,MERCH-0034,Enugu,2026-09-15 09:48:00.532349,0,none
TXN-009188,CUST-00478,3144632,MERCH-0066,Benin City,2026-09-08 17:35:00.958646,0,none
TXN-000323,CUST-00032,3213752,MERCH-0041,Abuja,2026-08-07 14:52:00.658582,0,none
TXN-002032,CUST-00287,1624397,MERCH-0012,Enugu,2026-09-03 18:13:00.892084,0,none
TXN-000814,CUST-00386,3616750,MERCH-0088,Kaduna,2026-07-13 15:17:00.683231,0,none
TXN-008157,CUST-00303,3581188,MERCH-0091,Abuja,2026-09-10 12:23:00.873622,0,none
TXN-009712,CUST-00225,4761382,MERCH-0094,Kano,2026-08-22 15:30:00.758452,0,none
TXN-009528,CUST-00479,1293537,MERCH-0100,Abuja,2026-09-18 15:22:00.484986,0,none
TXN-001080,CUST-00032,5103143,MERCH-0092,Abuja,2026-07-12 18:12:00.479867,0,none
TXN-002227,CUST-00192,2089232,MERCH-0087,Benin City,2026-08-08 15:09:00.694971,0,none
TXN-009466,CUST-00010,2579796,MERCH-0035,Ibadan,2026-08-02 07:53:00.950435,0,none
TXN-006018,CUST-00004,6168582,MERCH-0028,Kano,2026-09-25 12:12:00.349085,0,none
TXN-002706,CUST-00480,1783910,MERCH-0083,Enugu,2026-09-06 22:41:00.688016,0,none
TXN-007365,CUST-00254,3330524,MERCH-0077,Lagos,2026-09-10 15:43:00.229743,0,none
TXN-008688,CUST-00477,3364616,MERCH-0070,Lagos,2026-07-22 12:49:00.198979,0,none
TXN-001165,CUST-00264,2081886,MERCH-0037,Kaduna,2026-10-03 11:25:00.564575,0,none
TXN-003262,CUST-00402,3993774,MERCH-0075,Abuja,2026-07-16 07:16:00.258829,0,none
TXN-004598,CUST-00334,1757250,MERCH-0018,Kano,2026-10-01 14:53:00.069070,0,none
TXN-001451,CUST-00053,2370848,MERCH-0032,Ibadan,2026-08-22 09:06:00.966547,0,none
TXN-004230,CUST-00493,5085026,MERCH-0062,Ibadan,2026-07-30 10:02:00.762747,0,none
TXN-003863,CUST-00317,2987738,MERCH-0100,Ibadan,2026-08-26 16:47:00.462848,0,none
TXN-006583,CUST-00274,2277900,MERCH-0035,Ibadan,2026-09-13 13:12:00.321957,0,none
TXN-007426,CUST-00306,5120219,MERCH-0027,Ibadan,2026-08-11 19:02:00.991249,0,none
TXN-007676,CUST-00130,3201054,MERCH-0068,Kano,2026-09-02 14:46:00.638839,0,none
TXN-005283,CUST-00189,1377189,MERCH-0024,Port Harcourt,2026-08-27 13:20:00.377718,0,none
TXN-008459,CUST-00287,2227007,MERCH-0071,Enugu,2026-07-19 15:15:00.017828,0,none
TXN-BURST-TXN-000761-0,CUST-00300,2904800,MERCH-0089,Ibadan,2026-07-22 19:59:30.393499,1,velocity_burst
TXN-009676,CUST-00377,753629,MERCH-0026,Ibadan,2026-08-15 16:45:00.033263,0,none
TXN-004848,CUST-00471,2928564,MERCH-0021,Abuja,2026-10-04 10:12:00.062719,0,none
TXN-004057,CUST-00225,5213851,MERCH-0061,Kano,2026-08-18 20:49:00.793648,0,none
TXN-009853,CUST-00375,2248335,MERCH-0091,Kano,2026-10-03 17:29:00.538838,0,none
TXN-003000,CUST-00391,2657782,MERCH-0051,Port Harcourt,2026-07-29 16:12:00.936665,0,none
TXN-009352,CUST-00141,4617772,MERCH-0087,Ibadan,2026-09-17 21:43:00.064067,0,none
TXN-001232,CUST-00369,1626155,MERCH-0036,Lagos,2026-08-20 12:19:00.728914,0,none
TXN-001515,CUST-00057,5670998,MERCH-0034,Benin City,2026-08-23 12:29:00.445611,0,none
TXN-002314,CUST-00403,2410637,MERCH-0034,Abuja,2026-07-23 11:01:00.348206,0,none
TXN-001452,CUST-00166,1231483,MERCH-0095,Kano,2026-07-29 19:27:00.753928,0,none
TXN-004798,CUST-00492,1980120,MERCH-0055,Port Harcourt,2026-09-29 11:01:00.249690,0,none
TXN-008395,CUST-00462,2128822,MERCH-0018,Ibadan,2026-08-21 19:13:00.259173,0,none
TXN-BURST-TXN-009046-2,CUST-00416,4351860,MERCH-0075,Benin City,2026-08-13 16:28:30.500243,1,velocity_burst
TXN-004322,CUST-00060,918723,MERCH-0008,Ibadan,2026-09-12 13:52:00.582347,0,none
TXN-008185,CUST-00131,6660502,MERCH-0085,Benin City,2026-09-03 15:05:00.871834,0,none
TXN-000839,CUST-00483,2063652,MERCH-0080,Enugu,2026-09-06 19:54:00.565343,0,none
TXN-BURST-TXN-007753-0,CUST-00383,1111510,MERCH-0096,Ibadan,2026-09-22 18:26:30.723899,1,velocity_burst
TXN-004986,CUST-00105,1090773,MERCH-0059,Lagos,2026-09-15 22:28:00.977401,0,none
TXN-006927,CUST-00129,2135327,MERCH-0003,Kano,2026-07-12 14:02:00.930381,0,none
TXN-009878,CUST-00262,1053582,MERCH-0006,Ibadan,2026-09-10 13:16:00.407343,0,none
TXN-003568,CUST-00096,4629481,MERCH-0047,Lagos,2026-09-01 12:50:00.033861,0,none
TXN-009598,CUST-00016,4028189,MERCH-0081,Port Harcourt,2026-07-31 17:32:00.528368,0,none
TXN-003088,CUST-00088,4055156,MERCH-0020,Abuja,2026-08-25 17:14:00.626378,0,none
TXN-008957,CUST-00012,1754453,MERCH-0069,Kaduna,2026-07-30 10:32:00.648719,0,none
TXN-001715,CUST-00041,2573369,MERCH-0053,Ibadan,2026-09-21 11:10:00.285718,0,none
TXN-004271,CUST-00130,1646091,MERCH-0015,Kano,2026-08-05 11:16:00.738225,0,none
TXN-000340,CUST-00021,2893957,MERCH-0029,Port Harcourt,2026-07-15 18:12:00.484946,0,none
TXN-008909,CUST-00469,1422849,MERCH-0057,Kaduna,2026-08-15 10:29:00.826216,1,geo_anomaly
TXN-006410,CUST-00287,1135726,MERCH-0077,Enugu,2026-09-21 14:24:00.110569,0,none
TXN-006426,CUST-00489,1883609,MERCH-0097,Port Harcourt,2026-09-10 11:20:00.976529,0,none
TXN-008445,CUST-00354,2045542,MERCH-0030,Kaduna,2026-08-03 10:53:00.204616,0,none
TXN-008461,CUST-00129,2492537,MERCH-0076,Kano,2026-08-23 12:07:00.199011,1,velocity_burst
TXN-000589,CUST-00217,867979,MERCH-0036,Port Harcourt,2026-07-07 21:59:00.963944,0,none
TXN-003366,CUST-00474,5664286,MERCH-0054,Kano,2026-10-02 06:44:00.054516,1,velocity_burst
TXN-002671,CUST-00012,1326871,MERCH-0069,Kaduna,2026-10-03 15:46:00.454023,0,none
TXN-003590,CUST-00049,2913565,MERCH-0049,Port Harcourt,2026-08-17 09:49:00.284487,0,none
TXN-000035,CUST-00107,1800108,MERCH-0098,Abuja,2026-09-22 15:10:00.742118,0,none
TXN-000029,CUST-00432,1902213,MERCH-0094,Port Harcourt,2026-08-27 18:25:00.335221,0,none
TXN-007551,CUST-00091,3353347,MERCH-0074,Lagos,2026-08-07 20:21:00.683669,0,none
TXN-004950,CUST-00160,1235680,MERCH-0083,Lagos,2026-08-28 12:56:00.182008,0,none
TXN-002171,CUST-00395,2632718,MERCH-0034,Enugu,2026-08-27 20:22:00.800363,0,none
TXN-005555,CUST-00033,3641392,MERCH-0080,Kano,2026-09-07 09:47:00.818427,0,none
TXN-005036,CUST-00002,4152845,MERCH-0028,Abuja,2026-09-11 12:52:00.744369,0,none
TXN-000890,CUST-00273,549705,MERCH-0020,Port Harcourt,2026-08-31 21:23:00.249829,0,none
TXN-008615,CUST-00027,927725,MERCH-0022,Abuja,2026-09-23 15:24:00.880803,0,none
TXN-003323,CUST-00244,123639315,MERCH-0098,Benin City,2026-08-15 12:15:00.629871,1,amount_anomaly
TXN-009733,CUST-00348,2310152,MERCH-0032,Abuja,2026-09-02 15:44:00.627971,0,none
TXN-003515,CUST-00020,2697343,MERCH-0089,Kano,2026-08-29 18:14:00.773550,0,none
TXN-004769,CUST-00478,4590391,MERCH-0042,Benin City,2026-07-24 20:36:00.489963,0,none
TXN-008652,CUST-00307,1690622,MERCH-0059,Abuja,2026-08-16 16:29:00.996809,0,none
TXN-BURST-TXN-002263-2,CUST-00308,7191906,MERCH-0079,Kaduna,2026-09-14 19:50:30.546250,1,velocity_burst
TXN-003734,CUST-00292,4362205,MERCH-0084,Enugu,2026-10-02 11:59:00.543023,0,none
TXN-009805,CUST-00368,5567837,MERCH-0058,Enugu,2026-08-05 12:15:00.970241,0,none
TXN-007633,CUST-00433,2867359,MERCH-0097,Benin City,2026-09-22 08:58:00.562304,0,none
TXN-001655,CUST-00447,1877914,MERCH-0079,Kaduna,2026-07-17 20:02:00.353223,0,none
TXN-009534,CUST-00241,655149,MERCH-0043,Ibadan,2026-07-12 10:33:00.934097,0,none
TXN-008281,CUST-00418,726191,MERCH-0025,Kaduna,2026-08-31 18:27:00.245288,0,none
TXN-000224,CUST-00045,4979060,MERCH-0023,Enugu,2026-08-19 15:56:00.943616,0,none
TXN-008938,CUST-00425,5426613,MERCH-0020,Enugu,2026-08-27 18:37:00.169377,0,none
TXN-BURST-TXN-007318-2,CUST-00179,3029367,MERCH-0016,Kano,2026-07-30 12:18:30.465505,1,velocity_burst
TXN-004240,CUST-00017,2825931,MERCH-0100,Ibadan,2026-09-27 15:38:00.600728,0,none
TXN-001591,CUST-00287,1812591,MERCH-0042,Enugu,2026-09-28 12:40:00.569588,0,none
TXN-006452,CUST-00116,2455832,MERCH-0093,Ibadan,2026-09-15 19:46:00.968784,0,none
TXN-003257,CUST-00052,2592972,MERCH-0040,Abuja,2026-07-17 10:48:00.896003,0,none
TXN-004990,CUST-00384,1282634,MERCH-0034,Kano,2026-08-15 17:46:00.417228,0,none
TXN-008955,CUST-00284,2617595,MERCH-0035,Abuja,2026-08-19 07:02:00.833087,0,none
TXN-002182,CUST-00367,1861165,MERCH-0074,Benin City,2026-08-14 17:25:00.810689,0,none
TXN-005408,CUST-00276,5121380,MERCH-0002,Enugu,2026-07-29 13:54:00.039323,0,none
TXN-BURST-TXN-000551-2,CUST-00357,1136483,MERCH-0051,Kaduna,2026-09-05 16:37:30.476930,1,velocity_burst
TXN-005309,CUST-00475,1968428,MERCH-0080,Abuja,2026-09-10 08:45:00.278177,0,none
TXN-007324,CUST-00450,3557655,MERCH-0007,Benin City,2026-08-26 14:28:00.070723,0,none
TXN-005172,CUST-00338,1604941,MERCH-0070,Port Harcourt,2026-09-10 11:14:00.319656,1,geo_anomaly
TXN-001210,CUST-00339,694257,MERCH-0006,Abuja,2026-07-23 15:13:00.165878,0,none
TXN-000422,CUST-00491,2644879,MERCH-0041,Abuja,2026-09-29 11:10:00.345868,0,none
TXN-009055,CUST-00328,2305017,MERCH-0062,Enugu,2026-10-02 07:20:00.254101,0,none
TXN-001707,CUST-00073,3613195,MERCH-0032,Enugu,2026-07-29 10:01:00.352668,0,none
TXN-001159,CUST-00452,4381813,MERCH-0074,Ibadan,2026-07-27 10:19:00.405615,0,none
TXN-002307,CUST-00103,3949398,MERCH-0031,Benin City,2026-08-03 19:24:00.320515,0,none
TXN-000274,CUST-00218,696981,MERCH-0019,Abuja,2026-09-14 11:29:00.408316,0,none
TXN-000172,CUST-00194,3452825,MERCH-0068,Kaduna,2026-09-01 14:02:00.208964,0,none
TXN-003957,CUST-00166,915333,MERCH-0090,Kano,2026-08-18 17:36:00.405065,0,none
TXN-005749,CUST-00466,1237620,MERCH-0019,Lagos,2026-08-07 13:54:00.448025,0,none
TXN-003189,CUST-00142,536401,MERCH-0045,Port Harcourt,2026-09-08 07:39:00.701701,0,none
TXN-001726,CUST-00313,3837656,MERCH-0011,Kaduna,2026-09-10 20:11:00.495627,0,none
TXN-004636,CUST-00292,3335155,MERCH-0042,Enugu,2026-07-13 15:11:00.155022,0,none
TXN-006183,CUST-00273,478821,MERCH-0020,Port Harcourt,2026-07-21 10:06:00.793970,0,none
TXN-001565,CUST-00439,3064970,MERCH-0006,Ibadan,2026-08-14 16:32:00.874578,0,none
TXN-001783,CUST-00454,3250663,MERCH-0039,Abuja,2026-09-17 17:31:00.462278,0,none
TXN-000844,CUST-00293,5754679,MERCH-0041,Ibadan,2026-07-21 19:14:00.579831,0,none
TXN-009682,CUST-00028,6262127,MERCH-0022,Enugu,2026-09-06 14:15:00.843629,0,none
TXN-004935,CUST-00199,1414252,MERCH-0026,Kano,2026-08-22 14:57:00.730497,0,none
TXN-000905,CUST-00181,2975163,MERCH-0024,Kano,2026-09-21 18:21:00.600957,0,none
TXN-009951,CUST-00412,3876504,MERCH-0012,Kaduna,2026-08-31 07:30:00.073267,0,none
TXN-BURST-TXN-000640-1,CUST-00437,1861079,MERCH-0078,Kano,2026-08-22 16:52:00.578591,1,velocity_burst
TXN-006146,CUST-00402,3565805,MERCH-0076,Abuja,2026-08-25 11:10:00.511258,0,none
TXN-001548,CUST-00001,430094,MERCH-0095,Abuja,2026-07-19 17:56:00.895663,0,none
TXN-002081,CUST-00216,2019892,MERCH-0072,Benin City,2026-09-28 13:19:00.366308,0,none
TXN-004846,CUST-00138,1072401,MERCH-0053,Benin City,2026-09-20 16:12:00.978676,0,none
TXN-003986,CUST-00446,53590319,MERCH-0076,Kano,2026-07-26 17:13:00.978849,1,amount_anomaly
TXN-008107,CUST-00242,380157,MERCH-0040,Port Harcourt,2026-07-29 16:11:00.020052,0,none
TXN-007397,CUST-00454,4483541,MERCH-0082,Abuja,2026-08-22 11:17:00.764687,0,none
TXN-006682,CUST-00426,2830771,MERCH-0092,Benin City,2026-08-08 15:09:00.503242,0,none
TXN-007090,CUST-00003,2945472,MERCH-0058,Lagos,2026-07-09 13:21:00.043223,0,none
TXN-008506,CUST-00433,6000008,MERCH-0003,Benin City,2026-08-09 14:44:00.481385,0,none
TXN-003821,CUST-00117,1492655,MERCH-0017,Lagos,2026-08-22 09:10:00.461906,0,none
TXN-002647,CUST-00263,4151617,MERCH-0095,Ibadan,2026-08-17 08:22:00.319638,0,none
TXN-008621,CUST-00275,2010076,MERCH-0011,Enugu,2026-08-22 12:17:00.462658,0,none
TXN-007719,CUST-00092,3190837,MERCH-0061,Lagos,2026-09-08 10:15:00.614064,0,none
TXN-006726,CUST-00169,4233474,MERCH-0099,Abuja,2026-07-12 14:56:00.721653,0,none
TXN-008728,CUST-00348,3558365,MERCH-0006,Abuja,2026-09-28 14:00:00.953813,0,none
TXN-007552,CUST-00322,4906137,MERCH-0059,Enugu,2026-08-08 11:47:00.160860,0,none
TXN-004351,CUST-00329,4885087,MERCH-0016,Ibadan,2026-07-24 09:13:00.506638,0,none
TXN-006551,CUST-00370,4278035,MERCH-0049,Kano,2026-07-12 15:24:00.207133,0,none
TXN-002156,CUST-00137,1435580,MERCH-0056,Kaduna,2026-07-14 18:52:00.530378,0,none
TXN-007244,CUST-00451,911959,MERCH-0065,Kano,2026-08-17 09:18:00.032367,0,none
TXN-003716,CUST-00073,3212289,MERCH-0036,Enugu,2026-09-25 19:32:00.739721,0,none
TXN-004058,CUST-00456,5603068,MERCH-0085,Kaduna,2026-09-07 14:40:00.094853,0,none
TXN-008605,CUST-00336,2726942,MERCH-0025,Port Harcourt,2026-09-01 21:07:00.476692,0,none
TXN-006420,CUST-00135,2467597,MERCH-0052,Abuja,2026-09-18 13:25:00.058752,0,none
TXN-004817,CUST-00485,2581628,MERCH-0069,Abuja,2026-08-25 16:17:00.896645,0,none
TXN-003103,CUST-00055,2644959,MERCH-0029,Enugu,2026-09-09 10:52:00.389059,0,none
TXN-000559,CUST-00304,649398,MERCH-0043,Abuja,2026-08-12 14:13:00.599252,0,none
TXN-004979,CUST-00478,6570322,MERCH-0025,Benin City,2026-07-21 11:28:00.819658,0,none
TXN-004722,CUST-00382,1450954,MERCH-0051,Port Harcourt,2026-07-16 16:36:00.690603,0,none
TXN-001437,CUST-00367,787813,MERCH-0056,Benin City,2026-07-07 08:36:00.169541,0,none
TXN-000508,CUST-00182,884135,MERCH-0050,Benin City,2026-09-27 16:13:00.936199,0,none
TXN-004473,CUST-00245,6625109,MERCH-0047,Abuja,2026-07-09 20:32:00.908131,0,none
TXN-001870,CUST-00102,3503064,MERCH-0069,Lagos,2026-07-26 20:08:00.293592,0,none
TXN-000756,CUST-00422,1351389,MERCH-0084,Kaduna,2026-08-03 15:06:00.165455,0,none
TXN-005854,CUST-00282,1284512,MERCH-0042,Abuja,2026-08-23 20:49:00.660670,0,none
TXN-004051,CUST-00273,498463,MERCH-0013,Port Harcourt,2026-09-14 19:01:00.760149,0,none
TXN-005677,CUST-00397,4326388,MERCH-0069,Benin City,2026-08-28 16:44:00.597356,0,none
TXN-003837,CUST-00121,4434192,MERCH-0048,Kaduna,2026-08-28 08:08:00.319416,0,none
TXN-004387,CUST-00316,1031323,MERCH-0095,Benin City,2026-09-30 13:53:00.685093,0,none
TXN-005033,CUST-00050,4323691,MERCH-0027,Kano,2026-07-19 17:20:00.619313,0,none
TXN-002119,CUST-00343,1608750,MERCH-0008,Ibadan,2026-09-11 10:50:00.071605,0,none
TXN-008883,CUST-00320,1542197,MERCH-0017,Abuja,2026-09-24 17:36:00.257442,0,none
TXN-007526,CUST-00305,5066684,MERCH-0085,Enugu,2026-08-17 21:56:00.135948,0,none
TXN-000502,CUST-00259,6365305,MERCH-0097,Enugu,2026-09-29 09:06:00.684458,0,none
TXN-007145,CUST-00141,4575688,MERCH-0078,Ibadan,2026-07-29 22:00:00.838515,0,none
TXN-007489,CUST-00107,3444194,MERCH-0098,Abuja,2026-09-24 10:24:00.509501,0,none
TXN-005418,CUST-00216,2403042,MERCH-0071,Benin City,2026-08-03 11:24:00.170296,0,none
TXN-001540,CUST-00044,2418280,MERCH-0043,Ibadan,2026-08-31 10:53:00.471010,0,none
TXN-006623,CUST-00244,6064828,MERCH-0032,Benin City,2026-08-09 12:46:00.964533,0,none
TXN-001212,CUST-00130,3038444,MERCH-0100,Kano,2026-07-22 11:21:00.708338,0,none
TXN-009451,CUST-00319,3903221,MERCH-0035,Benin City,2026-09-03 17:01:00.041537,0,none
TXN-000673,CUST-00283,2608796,MERCH-0056,Kaduna,2026-07-16 16:27:00.446015,0,none
TXN-003378,CUST-00403,3935738,MERCH-0034,Abuja,2026-07-14 14:28:00.858903,0,none
TXN-004477,CUST-00403,2445631,MERCH-0050,Abuja,2026-08-06 12:11:00.349435,0,none
TXN-009102,CUST-00082,2610504,MERCH-0007,Lagos,2026-08-10 13:24:00.320400,0,none
TXN-001465,CUST-00377,857526,MERCH-0043,Ibadan,2026-08-08 17:03:00.825287,0,none
TXN-009249,CUST-00110,3101549,MERCH-0073,Port Harcourt,2026-08-30 16:59:00.549947,0,none
TXN-001193,CUST-00491,3031641,MERCH-0063,Abuja,2026-09-18 15:32:00.552855,0,none
TXN-007531,CUST-00145,942138,MERCH-0035,Abuja,2026-07-28 13:26:00.012371,0,none
TXN-001873,CUST-00235,2128266,MERCH-0069,Benin City,2026-07-26 09:56:00.556967,0,none
TXN-003591,CUST-00058,2241959,MERCH-0037,Ibadan,2026-08-10 15:35:00.999704,0,none
TXN-007261,CUST-00130,2360438,MERCH-0061,Kano,2026-07-23 14:51:00.922696,0,none
TXN-008386,CUST-00164,4350933,MERCH-0013,Enugu,2026-07-19 18:21:00.628793,0,none
TXN-000506,CUST-00259,3983552,MERCH-0069,Enugu,2026-09-25 15:23:00.012678,0,none
TXN-000244,CUST-00180,1344479,MERCH-0066,Kaduna,2026-08-19 20:54:00.937641,0,none
TXN-000507,CUST-00358,1160149,MERCH-0041,Enugu,2026-07-25 09:53:00.688827,0,none
TXN-008493,CUST-00172,5649685,MERCH-0060,Ibadan,2026-09-29 20:04:00.118224,0,none
TXN-008622,CUST-00347,3038401,MERCH-0093,Kano,2026-08-09 20:58:00.696693,0,none
TXN-007363,CUST-00411,2837352,MERCH-0016,Ibadan,2026-08-14 09:56:00.412943,0,none
TXN-009641,CUST-00420,4931553,MERCH-0093,Port Harcourt,2026-08-30 21:56:00.891414,0,none
TXN-001774,CUST-00393,2348186,MERCH-0011,Kaduna,2026-07-27 10:26:00.042263,0,none
TXN-006108,CUST-00274,2120769,MERCH-0046,Ibadan,2026-07-08 19:19:00.453181,0,none
TXN-005628,CUST-00354,1584047,MERCH-0001,Kaduna,2026-07-27 15:36:00.669988,0,none
TXN-008483,CUST-00149,110584626,MERCH-0023,Port Harcourt,2026-08-28 18:04:00.602545,1,amount_anomaly
TXN-000798,CUST-00163,1815581,MERCH-0047,Lagos,2026-07-18 17:26:00.843587,0,none
TXN-009172,CUST-00190,3839201,MERCH-0022,Abuja,2026-07-24 11:07:00.722699,0,none
TXN-007622,CUST-00354,2709480,MERCH-0053,Kaduna,2026-08-28 10:08:00.840122,0,none
TXN-002830,CUST-00444,1679228,MERCH-0080,Kano,2026-08-26 11:29:00.909323,0,none
TXN-009656,CUST-00129,2547005,MERCH-0002,Kano,2026-08-23 15:18:00.946876,0,none
TXN-009052,CUST-00457,4798824,MERCH-0048,Lagos,2026-07-08 16:07:00.315322,0,none
TXN-004634,CUST-00085,2820826,MERCH-0079,Kaduna,2026-08-08 19:39:00.943420,0,none
TXN-000313,CUST-00211,1703287,MERCH-0038,Kaduna,2026-08-08 13:14:00.885086,0,none
TXN-000747,CUST-00388,1319246,MERCH-0094,Port Harcourt,2026-09-08 09:53:00.628598,0,none
TXN-003570,CUST-00404,1263946,MERCH-0019,Kaduna,2026-08-04 16:02:00.135383,0,none
TXN-000791,CUST-00131,4901106,MERCH-0006,Benin City,2026-08-05 12:03:00.873600,0,none
TXN-002477,CUST-00277,5373812,MERCH-0006,Kaduna,2026-09-09 14:11:00.154014,0,none
TXN-009662,CUST-00133,1036482,MERCH-0009,Kaduna,2026-07-18 06:40:00.707867,0,none
TXN-002571,CUST-00173,4358281,MERCH-0018,Port Harcourt,2026-09-10 15:15:00.119201,0,none
TXN-009707,CUST-00082,1866298,MERCH-0044,Lagos,2026-08-14 16:10:00.635870,0,none
TXN-005637,CUST-00435,4108911,MERCH-0014,Lagos,2026-09-26 16:39:00.736762,0,none
TXN-004356,CUST-00289,2103550,MERCH-0035,Kano,2026-08-15 12:16:00.604998,0,none
TXN-002164,CUST-00417,630299,MERCH-0014,Abuja,2026-09-23 20:47:00.379621,0,none
TXN-008325,CUST-00059,1123029,MERCH-0091,Benin City,2026-08-10 10:47:00.627907,0,none
TXN-006843,CUST-00066,1041294,MERCH-0009,Lagos,2026-07-13 10:39:00.529194,0,none
TXN-000381,CUST-00212,4805624,MERCH-0093,Enugu,2026-07-27 08:30:00.819517,0,none
TXN-006570,CUST-00201,5047012,MERCH-0099,Port Harcourt,2026-07-20 21:46:00.420470,0,none
TXN-001293,CUST-00305,4599203,MERCH-0004,Enugu,2026-07-07 09:05:00.238942,0,none
TXN-001913,CUST-00040,771098,MERCH-0040,Kano,2026-08-24 19:40:00.559166,0,none
TXN-000600,CUST-00212,4493245,MERCH-0041,Enugu,2026-09-20 18:27:00.964037,0,none
TXN-003893,CUST-00320,932068,MERCH-0019,Abuja,2026-09-20 14:06:00.483308,0,none
TXN-004142,CUST-00142,555778,MERCH-0073,Port Harcourt,2026-09-24 07:37:00.552795,0,none
TXN-001653,CUST-00093,1968803,MERCH-0053,Port Harcourt,2026-08-28 17:08:00.855580,0,none
TXN-005647,CUST-00386,2690278,MERCH-0074,Kaduna,2026-07-09 17:26:00.925314,0,none
TXN-001894,CUST-00260,2409401,MERCH-0068,Kaduna,2026-07-16 17:29:00.548588,0,none
TXN-001945,CUST-00326,1305458,MERCH-0089,Lagos,2026-09-27 10:54:00.268095,0,none
TXN-003396,CUST-00331,1550670,MERCH-0100,Abuja,2026-09-24 15:10:00.310380,0,none
TXN-005915,CUST-00108,1739238,MERCH-0056,Lagos,2026-08-04 00:34:00.427626,1,off_hours
TXN-004363,CUST-00107,2883046,MERCH-0063,Abuja,2026-08-21 17:26:00.934297,0,none
TXN-BURST-TXN-003213-0,CUST-00399,1327964,MERCH-0028,Kano,2026-09-08 10:14:30.000565,1,velocity_burst
TXN-000376,CUST-00054,6115454,MERCH-0092,Abuja,2026-07-27 17:11:00.483047,0,none
TXN-001967,CUST-00416,2402097,MERCH-0039,Benin City,2026-07-14 13:25:00.928256,0,none
TXN-003958,CUST-00457,3640312,MERCH-0048,Lagos,2026-09-11 13:20:00.560503,0,none
TXN-007691,CUST-00146,5003974,MERCH-0066,Kaduna,2026-07-18 09:57:00.760783,0,none
TXN-004424,CUST-00106,3132012,MERCH-0044,Kano,2026-09-05 07:10:00.671868,0,none
TXN-008058,CUST-00232,1069802,MERCH-0007,Port Harcourt,2026-07-21 22:29:00.025892,0,none
TXN-004863,CUST-00242,612162,MERCH-0016,Port Harcourt,2026-09-05 11:33:00.468106,0,none
TXN-005581,CUST-00351,3923763,MERCH-0052,Abuja,2026-08-27 16:04:00.167008,0,none
TXN-005717,CUST-00154,4061182,MERCH-0044,Enugu,2026-10-05 13:16:00.056055,0,none
TXN-001472,CUST-00104,5049744,MERCH-0020,Ibadan,2026-09-26 09:04:00.950035,0,none
TXN-003347,CUST-00395,1470964,MERCH-0034,Enugu,2026-07-17 13:15:00.689389,0,none
TXN-004523,CUST-00291,3087625,MERCH-0001,Kaduna,2026-08-26 12:33:00.430386,0,none
TXN-009747,CUST-00264,2463616,MERCH-0100,Kaduna,2026-09-04 12:24:00.273226,0,none
TXN-002854,CUST-00079,4547455,MERCH-0093,Abuja,2026-07-12 08:27:00.506938,0,none
TXN-004507,CUST-00384,1321366,MERCH-0027,Kano,2026-07-09 18:57:00.617601,0,none
TXN-009315,CUST-00380,585305,MERCH-0094,Enugu,2026-07-19 09:36:00.979676,0,none
TXN-BURST-TXN-003316-0,CUST-00451,1434915,MERCH-0065,Kano,2026-07-14 11:16:30.213567,1,velocity_burst
TXN-006975,CUST-00236,995709,MERCH-0038,Kano,2026-07-25 10:49:00.912129,0,none
TXN-004063,CUST-00071,3197548,MERCH-0082,Enugu,2026-08-29 08:29:00.250680,0,none
TXN-009124,CUST-00287,923847,MERCH-0077,Enugu,2026-07-13 16:58:00.102219,0,none
TXN-004307,CUST-00451,1152619,MERCH-0065,Kano,2026-08-21 13:30:00.199691,1,velocity_burst
TXN-005269,CUST-00255,3096589,MERCH-0070,Lagos,2026-08-17 15:12:00.697654,0,none
TXN-007813,CUST-00230,5094042,MERCH-0092,Enugu,2026-08-16 08:26:00.233298,0,none
TXN-007925,CUST-00467,2996678,MERCH-0058,Lagos,2026-09-19 13:46:00.010412,0,none
TXN-003991,CUST-00335,3226295,MERCH-0100,Abuja,2026-09-14 20:51:00.288067,0,none
TXN-001050,CUST-00123,1222462,MERCH-0031,Kano,2026-07-31 16:25:00.957294,1,velocity_burst
TXN-006665,CUST-00460,5370866,MERCH-0023,Kano,2026-10-03 20:41:00.041739,0,none
TXN-009148,CUST-00321,2810560,MERCH-0054,Benin City,2026-08-29 09:25:00.850115,0,none
TXN-008319,CUST-00371,3777744,MERCH-0050,Benin City,2026-07-31 14:57:00.493656,0,none
TXN-002036,CUST-00353,2511543,MERCH-0060,Benin City,2026-09-06 11:17:00.023316,0,none
TXN-004040,CUST-00475,3727973,MERCH-0080,Abuja,2026-07-10 18:14:00.877380,0,none
TXN-005655,CUST-00472,774855,MERCH-0006,Port Harcourt,2026-09-24 15:39:00.947031,0,none
TXN-009691,CUST-00277,3867917,MERCH-0068,Kaduna,2026-07-24 21:45:00.327068,0,none
TXN-001973,CUST-00169,4407344,MERCH-0099,Kaduna,2026-08-11 17:48:00.252734,1,geo_anomaly
TXN-005156,CUST-00016,6493673,MERCH-0039,Port Harcourt,2026-10-01 10:37:00.583305,0,none
TXN-002100,CUST-00244,3218415,MERCH-0032,Benin City,2026-07-14 14:08:00.689531,0,none
TXN-001500,CUST-00412,4864173,MERCH-0089,Kaduna,2026-07-24 12:28:00.446380,0,none
TXN-006728,CUST-00060,227833,MERCH-0027,Ibadan,2026-08-13 11:46:00.182056,0,none
TXN-000653,CUST-00363,3953144,MERCH-0052,Enugu,2026-07-13 15:42:00.568577,0,none
TXN-000171,CUST-00044,1677835,MERCH-0045,Ibadan,2026-09-11 15:10:00.657825,0,none
TXN-004086,CUST-00063,1678966,MERCH-0069,Enugu,2026-08-26 13:20:00.941151,0,none
TXN-000243,CUST-00452,3099016,MERCH-0059,Ibadan,2026-07-13 16:07:00.425560,0,none
TXN-006160,CUST-00411,2729548,MERCH-0082,Ibadan,2026-08-03 20:19:00.957983,0,none
TXN-004372,CUST-00296,2771691,MERCH-0077,Kano,2026-08-08 18:05:00.124666,0,none
TXN-007519,CUST-00426,4049122,MERCH-0041,Benin City,2026-07-07 15:54:00.935891,0,none
TXN-002757,CUST-00461,2078578,MERCH-0077,Kano,2026-09-28 17:01:00.952953,0,none
TXN-007428,CUST-00146,4289818,MERCH-0015,Kaduna,2026-09-26 18:44:00.753440,0,none
TXN-007199,CUST-00412,3717381,MERCH-0012,Kaduna,2026-09-17 11:10:00.542929,0,none
TXN-002077,CUST-00108,1345576,MERCH-0056,Lagos,2026-08-07 18:20:00.942736,0,none
TXN-004104,CUST-00419,938302,MERCH-0064,Ibadan,2026-08-20 11:02:00.036222,0,none
TXN-009904,CUST-00217,1138790,MERCH-0079,Port Harcourt,2026-07-27 10:54:00.795912,0,none
TXN-006759,CUST-00453,1447832,MERCH-0064,Kaduna,2026-09-07 10:42:00.232206,0,none
TXN-008145,CUST-00403,4668600,MERCH-0050,Abuja,2026-08-18 13:28:00.333606,0,none
TXN-005290,CUST-00158,2455432,MERCH-0057,Benin City,2026-08-20 17:08:00.422850,0,none
TXN-007301,CUST-00350,1940753,MERCH-0010,Enugu,2026-07-12 15:00:00.077120,0,none
TXN-009491,CUST-00117,3870591,MERCH-0047,Lagos,2026-09-06 10:54:00.560046,0,none
TXN-005199,CUST-00166,1988914,MERCH-0017,Kano,2026-09-02 17:36:00.708036,0,none
TXN-009710,CUST-00164,3738392,MERCH-0087,Enugu,2026-09-04 10:07:00.146054,0,none
TXN-005115,CUST-00141,3546386,MERCH-0087,Ibadan,2026-09-11 19:34:00.140683,0,none
TXN-007679,CUST-00375,2619893,MERCH-0073,Kano,2026-08-01 19:51:00.251986,0,none
TXN-004837,CUST-00367,1001175,MERCH-0074,Benin City,2026-07-19 08:54:00.317390,0,none
TXN-008627,CUST-00214,2440019,MERCH-0037,Kaduna,2026-10-04 22:01:00.695926,0,none
TXN-004662,CUST-00439,2417979,MERCH-0038,Lagos,2026-07-24 16:34:00.707546,1,geo_anomaly
TXN-004079,CUST-00429,3509530,MERCH-0048,Enugu,2026-08-05 15:01:00.049190,0,none
TXN-008759,CUST-00351,2203247,MERCH-0009,Abuja,2026-07-15 16:29:00.829886,0,none
TXN-000641,CUST-00028,4745965,MERCH-0022,Enugu,2026-07-27 09:30:00.040579,0,none
TXN-001271,CUST-00172,3153341,MERCH-0048,Ibadan,2026-09-09 17:43:00.059835,0,none
TXN-002779,CUST-00055,2721493,MERCH-0055,Enugu,2026-09-21 13:34:00.154404,0,none
TXN-005683,CUST-00485,2886382,MERCH-0021,Abuja,2026-07-29 17:04:00.155999,0,none
TXN-001986,CUST-00192,5965875,MERCH-0005,Benin City,2026-10-02 14:41:00.455787,0,none
TXN-003862,CUST-00181,3222756,MERCH-0046,Kano,2026-09-28 18:39:00.004354,0,none
TXN-003481,CUST-00324,1044661,MERCH-0037,Enugu,2026-08-27 15:17:00.278733,0,none
TXN-001535,CUST-00468,1117766,MERCH-0054,Ibadan,2026-07-26 09:48:00.553632,0,none
TXN-000326,CUST-00056,4719513,MERCH-0016,Kano,2026-09-30 17:49:00.158535,0,none
TXN-002339,CUST-00171,29461612,MERCH-0093,Kaduna,2026-07-08 20:36:00.582184,1,amount_anomaly
TXN-003981,CUST-00305,4291830,MERCH-0082,Enugu,2026-07-26 15:22:00.104758,0,none
TXN-007421,CUST-00229,3457720,MERCH-0037,Ibadan,2026-07-25 20:53:00.778760,0,none
TXN-004055,CUST-00334,1430209,MERCH-0036,Kano,2026-07-29 18:19:00.528511,0,none
TXN-002238,CUST-00340,2539975,MERCH-0090,Lagos,2026-07-15 18:36:00.953920,0,none
TXN-007662,CUST-00119,3335838,MERCH-0097,Port Harcourt,2026-07-28 14:50:00.266918,0,none
TXN-007773,CUST-00426,4784022,MERCH-0041,Benin City,2026-09-12 18:51:00.749012,0,none
TXN-BURST-TXN-000619-2,CUST-00417,589471,MERCH-0037,Abuja,2026-07-16 16:09:30.881848,1,velocity_burst
TXN-005124,CUST-00061,2882778,MERCH-0046,Enugu,2026-10-01 18:02:00.547185,0,none
TXN-000865,CUST-00031,1371852,MERCH-0075,Kano,2026-09-23 14:37:00.963092,0,none
TXN-006135,CUST-00483,3205033,MERCH-0001,Enugu,2026-07-30 12:39:00.380314,0,none
TXN-008928,CUST-00338,2157560,MERCH-0098,Benin City,2026-08-18 17:56:00.165247,0,none
TXN-006900,CUST-00053,2595419,MERCH-0032,Ibadan,2026-10-02 18:49:00.888836,0,none
TXN-000372,CUST-00058,1592104,MERCH-0057,Ibadan,2026-08-09 20:54:00.629501,0,none
TXN-009809,CUST-00130,1871866,MERCH-0058,Kano,2026-09-18 08:36:00.087270,0,none
TXN-005992,CUST-00186,2798477,MERCH-0006,Lagos,2026-08-21 17:26:00.345364,0,none
TXN-006174,CUST-00142,1039208,MERCH-0044,Port Harcourt,2026-09-19 20:03:00.517770,0,none
TXN-008084,CUST-00047,4162440,MERCH-0056,Abuja,2026-07-19 10:15:00.298647,0,none
TXN-006364,CUST-00141,4378939,MERCH-0089,Ibadan,2026-09-05 10:51:00.506458,0,none
TXN-009621,CUST-00308,5430292,MERCH-0046,Kaduna,2026-08-17 21:17:00.753049,0,none
TXN-009319,CUST-00131,5540724,MERCH-0065,Benin City,2026-08-26 17:25:00.647760,0,none
TXN-002365,CUST-00272,7487667,MERCH-0093,Kaduna,2026-09-03 10:18:00.942657,0,none
TXN-003214,CUST-00061,2522638,MERCH-0062,Enugu,2026-07-21 14:12:00.872694,0,none
TXN-000912,CUST-00280,1075799,MERCH-0073,Enugu,2026-09-18 13:12:00.397543,0,none
TXN-009375,CUST-00072,2002174,MERCH-0035,Kaduna,2026-08-25 12:15:00.704534,0,none
TXN-007653,CUST-00110,5233621,MERCH-0068,Port Harcourt,2026-08-11 13:28:00.068752,0,none
TXN-007052,CUST-00241,654480,MERCH-0058,Ibadan,2026-09-03 16:31:00.707947,0,none
TXN-008735,CUST-00241,373688,MERCH-0097,Ibadan,2026-09-28 12:53:00.748302,0,none
TXN-008777,CUST-00319,158883008,MERCH-0035,Benin City,2026-09-12 22:54:00.271322,1,amount_anomaly
TXN-009444,CUST-00425,5175703,MERCH-0018,Enugu,2026-09-27 15:44:00.429881,0,none
TXN-001424,CUST-00407,405538,MERCH-0094,Ibadan,2026-09-16 19:31:00.436072,0,none
TXN-BURST-TXN-003796-0,CUST-00006,2556966,MERCH-0081,Abuja,2026-09-09 15:17:30.028211,1,velocity_burst
TXN-000480,CUST-00351,2941061,MERCH-0052,Abuja,2026-09-03 07:34:00.593939,0,none
TXN-000663,CUST-00309,2533994,MERCH-0040,Kaduna,2026-09-20 13:32:00.799931,0,none
TXN-004833,CUST-00231,1514180,MERCH-0035,Kaduna,2026-09-13 11:58:00.457207,0,none
TXN-009309,CUST-00374,2149506,MERCH-0023,Ibadan,2026-09-11 11:20:00.315032,0,none
TXN-008433,CUST-00359,3331618,MERCH-0018,Benin City,2026-07-14 18:18:00.688090,0,none
TXN-002989,CUST-00208,3466755,MERCH-0010,Port Harcourt,2026-09-01 13:42:00.328365,0,none
TXN-001120,CUST-00402,3756680,MERCH-0100,Abuja,2026-08-26 15:31:00.860938,0,none
TXN-002777,CUST-00471,84275864,MERCH-0017,Abuja,2026-08-15 14:47:00.331074,1,amount_anomaly
TXN-004536,CUST-00459,1752160,MERCH-0085,Benin City,2026-07-25 16:08:00.732563,0,none
TXN-008242,CUST-00251,1492131,MERCH-0029,Benin City,2026-08-01 08:14:00.318546,0,none
TXN-005981,CUST-00064,2309303,MERCH-0049,Enugu,2026-08-22 16:54:00.537681,0,none
TXN-009831,CUST-00031,735977,MERCH-0077,Kano,2026-09-26 11:55:00.102167,0,none
TXN-005522,CUST-00223,5850971,MERCH-0068,Lagos,2026-09-16 18:24:00.744358,0,none
TXN-004428,CUST-00368,483566,MERCH-0055,Enugu,2026-09-15 13:54:00.987280,0,none
TXN-BURST-TXN-003745-2,CUST-00038,1737952,MERCH-0099,Lagos,2026-07-25 15:58:30.227184,1,velocity_burst
TXN-005609,CUST-00385,4125607,MERCH-0054,Abuja,2026-09-05 14:06:00.963169,0,none
TXN-003982,CUST-00213,3589315,MERCH-0064,Kano,2026-08-18 10:09:00.515924,0,none
TXN-006863,CUST-00458,1924892,MERCH-0016,Kano,2026-09-27 06:52:00.088228,0,none
TXN-002894,CUST-00124,2132490,MERCH-0054,Kaduna,2026-08-16 19:54:00.365420,1,velocity_burst
TXN-002670,CUST-00460,3019106,MERCH-0075,Kano,2026-10-04 13:52:00.916644,0,none
TXN-003978,CUST-00054,4037031,MERCH-0090,Abuja,2026-07-23 09:35:00.300714,0,none
TXN-006696,CUST-00302,2005179,MERCH-0067,Kaduna,2026-08-07 16:03:00.298226,1,geo_anomaly
TXN-000280,CUST-00493,3349176,MERCH-0087,Ibadan,2026-08-17 10:46:00.215921,0,none
TXN-007266,CUST-00121,3451062,MERCH-0087,Kaduna,2026-07-22 16:43:00.256669,0,none
TXN-009395,CUST-00094,1234561,MERCH-0071,Abuja,2026-07-15 15:09:00.682485,0,none
TXN-007568,CUST-00329,2365771,MERCH-0016,Ibadan,2026-08-19 14:24:00.921877,0,none
TXN-006245,CUST-00120,3430535,MERCH-0016,Enugu,2026-09-27 12:03:00.476299,0,none
TXN-001695,CUST-00393,1152761,MERCH-0022,Kaduna,2026-08-14 08:57:00.208087,0,none
TXN-009235,CUST-00257,4056610,MERCH-0076,Kano,2026-10-04 04:03:00.101751,1,off_hours
TXN-003480,CUST-00010,2393012,MERCH-0035,Ibadan,2026-09-14 06:04:00.845495,0,none
TXN-004417,CUST-00187,4528876,MERCH-0025,Enugu,2026-08-21 10:02:00.215207,0,none
TXN-009645,CUST-00289,3414027,MERCH-0035,Kano,2026-08-26 07:28:00.974046,0,none
TXN-008182,CUST-00025,1474943,MERCH-0025,Abuja,2026-08-19 17:25:00.625666,0,none
TXN-006691,CUST-00274,2822142,MERCH-0011,Ibadan,2026-08-14 22:58:00.053990,0,none
TXN-006391,CUST-00247,3571042,MERCH-0073,Abuja,2026-07-24 12:51:00.203785,0,none
TXN-008932,CUST-00274,2535460,MERCH-0011,Ibadan,2026-09-27 18:53:00.498005,0,none
TXN-008432,CUST-00299,768537,MERCH-0029,Enugu,2026-07-16 17:45:00.570740,0,none
TXN-004297,CUST-00051,2518012,MERCH-0022,Enugu,2026-09-12 16:52:00.909353,0,none
TXN-007643,CUST-00456,4096173,MERCH-0098,Kaduna,2026-07-19 17:34:00.070508,0,none
TXN-009615,CUST-00500,4268774,MERCH-0006,Kaduna,2026-08-07 04:02:00.334875,1,off_hours
TXN-005236,CUST-00065,4912460,MERCH-0054,Ibadan,2026-08-17 20:02:00.244072,0,none
TXN-002210,CUST-00397,2777587,MERCH-0008,Benin City,2026-08-07 19:04:00.326147,0,none
TXN-009005,CUST-00229,92041100,MERCH-0072,Ibadan,2026-08-11 21:19:00.288206,1,amount_anomaly
TXN-006700,CUST-00133,1494246,MERCH-0017,Kaduna,2026-09-30 18:15:00.459627,0,none
TXN-007862,CUST-00332,1869738,MERCH-0084,Kano,2026-08-16 22:59:00.820111,0,none
TXN-000185,CUST-00045,6482298,MERCH-0034,Enugu,2026-09-27 10:43:00.864411,0,none
TXN-006851,CUST-00445,1012893,MERCH-0035,Kano,2026-08-20 19:13:00.398188,0,none
TXN-008169,CUST-00351,5614831,MERCH-0052,Abuja,2026-09-20 09:33:00.772404,0,none
TXN-004517,CUST-00137,1080436,MERCH-0013,Kaduna,2026-09-23 08:14:00.587169,0,none
TXN-002351,CUST-00170,3777053,MERCH-0089,Kano,2026-08-13 07:45:00.894247,0,none
TXN-000554,CUST-00416,5501229,MERCH-0075,Benin City,2026-09-11 13:10:00.089480,0,none
TXN-001398,CUST-00105,1298538,MERCH-0013,Lagos,2026-09-17 11:01:00.553447,0,none
TXN-001385,CUST-00496,4253039,MERCH-0070,Lagos,2026-08-01 16:00:00.793217,0,none
TXN-009560,CUST-00331,3975396,MERCH-0100,Abuja,2026-08-15 17:54:00.187526,0,none
TXN-005471,CUST-00375,2971225,MERCH-0090,Kano,2026-07-14 11:41:00.830405,0,none
TXN-000298,CUST-00212,6222908,MERCH-0025,Enugu,2026-08-07 10:42:00.405207,0,none
TXN-000444,CUST-00290,4314272,MERCH-0033,Kano,2026-09-27 13:44:00.391917,0,none
TXN-009004,CUST-00040,609829,MERCH-0006,Kano,2026-10-05 12:03:00.864591,0,none
TXN-002078,CUST-00213,5796247,MERCH-0064,Kano,2026-09-24 13:05:00.793481,0,none
TXN-004752,CUST-00253,4117175,MERCH-0079,Kano,2026-08-17 14:03:00.982492,0,none
TXN-008300,CUST-00240,2381835,MERCH-0024,Enugu,2026-09-27 12:56:00.015316,0,none
TXN-002230,CUST-00479,1422229,MERCH-0009,Abuja,2026-07-28 16:06:00.183685,0,none
TXN-002843,CUST-00183,3660520,MERCH-0045,Enugu,2026-09-28 08:47:00.392978,0,none
TXN-002538,CUST-00069,3294089,MERCH-0081,Lagos,2026-09-29 21:25:00.363313,0,none
TXN-006760,CUST-00113,1163184,MERCH-0026,Kano,2026-08-30 19:10:00.476179,0,none
TXN-008607,CUST-00474,5435458,MERCH-0052,Kano,2026-09-18 21:57:00.992073,0,none
TXN-006959,CUST-00062,3805637,MERCH-0004,Enugu,2026-08-06 13:24:00.981911,0,none
TXN-003368,CUST-00494,3733223,MERCH-0083,Kaduna,2026-08-06 14:56:00.231722,0,none
TXN-004844,CUST-00498,5262784,MERCH-0047,Kano,2026-07-22 16:01:00.520590,0,none
TXN-002579,CUST-00251,1073655,MERCH-0029,Abuja,2026-07-22 17:07:00.928652,1,geo_anomaly
TXN-001132,CUST-00439,2165342,MERCH-0053,Ibadan,2026-07-26 12:38:00.330804,0,none
TXN-005205,CUST-00194,3923906,MERCH-0018,Kaduna,2026-09-12 14:29:00.797128,0,none
TXN-007869,CUST-00360,2176992,MERCH-0053,Abuja,2026-09-21 11:13:00.555499,0,none
TXN-000321,CUST-00142,784389,MERCH-0024,Port Harcourt,2026-08-09 11:10:00.815455,0,none
TXN-001372,CUST-00158,3308299,MERCH-0081,Benin City,2026-08-05 20:55:00.446751,0,none
TXN-004043,CUST-00352,2158914,MERCH-0059,Kaduna,2026-09-09 15:05:00.494105,0,none
TXN-005212,CUST-00205,1132126,MERCH-0076,Port Harcourt,2026-09-21 17:10:00.401973,0,none
TXN-005562,CUST-00486,3906124,MERCH-0071,Kano,2026-09-12 19:08:00.072090,0,none
TXN-000908,CUST-00092,3479495,MERCH-0057,Lagos,2026-07-26 13:16:00.846417,0,none
TXN-008406,CUST-00401,4239885,MERCH-0076,Enugu,2026-08-20 15:15:00.268601,0,none
TXN-003951,CUST-00497,1172441,MERCH-0076,Kaduna,2026-07-26 16:44:00.781545,0,none
TXN-005091,CUST-00356,4298949,MERCH-0036,Enugu,2026-08-11 13:51:00.343577,0,none
TXN-BURST-TXN-003191-0,CUST-00296,2153639,MERCH-0049,Kano,2026-08-24 17:37:30.656305,1,velocity_burst
TXN-007226,CUST-00157,2613974,MERCH-0058,Abuja,2026-09-01 20:29:00.776940,0,none
TXN-005379,CUST-00355,315039,MERCH-0095,Benin City,2026-08-03 17:53:00.643224,0,none
TXN-006572,CUST-00313,5485291,MERCH-0004,Kaduna,2026-09-07 19:40:00.659390,0,none
TXN-008710,CUST-00211,1434437,MERCH-0013,Kaduna,2026-08-05 21:08:00.962524,0,none
TXN-000927,CUST-00301,1073676,MERCH-0011,Benin City,2026-07-07 11:21:00.069772,0,none
TXN-006626,CUST-00326,2244506,MERCH-0001,Lagos,2026-09-13 18:38:00.307187,0,none
TXN-000016,CUST-00203,1603224,MERCH-0016,Kano,2026-08-20 11:45:00.482446,0,none
TXN-000144,CUST-00097,2395144,MERCH-0071,Kaduna,2026-09-04 08:11:00.223807,0,none
TXN-002364,CUST-00129,2049778,MERCH-0076,Kano,2026-10-01 18:15:00.034747,0,none
TXN-000130,CUST-00032,3390293,MERCH-0031,Abuja,2026-08-31 14:56:00.601591,0,none
TXN-001162,CUST-00030,3453211,MERCH-0062,Lagos,2026-09-10 17:18:00.807133,0,none
TXN-006335,CUST-00466,1085482,MERCH-0019,Lagos,2026-09-14 13:02:00.107996,0,none
TXN-008407,CUST-00437,1242437,MERCH-0035,Kano,2026-07-29 12:19:00.700559,0,none
TXN-007054,CUST-00075,2940959,MERCH-0093,Benin City,2026-08-12 17:13:00.680759,0,none
TXN-005448,CUST-00223,5525465,MERCH-0075,Lagos,2026-10-05 16:53:00.264782,0,none
TXN-009591,CUST-00073,121064416,MERCH-0036,Enugu,2026-07-08 19:57:00.219538,1,amount_anomaly
TXN-001877,CUST-00082,2337795,MERCH-0015,Lagos,2026-07-16 15:44:00.774792,0,none
TXN-002489,CUST-00131,6758433,MERCH-0029,Benin City,2026-08-26 13:43:00.828065,0,none
TXN-006884,CUST-00073,2701995,MERCH-0032,Enugu,2026-07-17 13:58:00.286046,0,none
TXN-007992,CUST-00128,977238,MERCH-0077,Ibadan,2026-08-12 07:35:00.938766,0,none
TXN-001183,CUST-00394,1294298,MERCH-0012,Kaduna,2026-07-30 13:19:00.911893,0,none
TXN-BURST-TXN-003305-0,CUST-00286,3792914,MERCH-0056,Kaduna,2026-09-16 09:49:30.011305,1,velocity_burst
TXN-006659,CUST-00391,3321128,MERCH-0074,Port Harcourt,2026-07-09 13:15:00.498720,0,none
TXN-001171,CUST-00488,3034458,MERCH-0024,Benin City,2026-07-10 14:07:00.892297,0,none
TXN-006654,CUST-00199,3220741,MERCH-0031,Kano,2026-09-17 16:34:00.238835,0,none
TXN-002183,CUST-00069,3501821,MERCH-0081,Lagos,2026-08-13 14:39:00.286596,0,none
TXN-006182,CUST-00039,2632546,MERCH-0072,Kano,2026-08-08 18:42:00.861746,0,none
TXN-003372,CUST-00467,3313490,MERCH-0014,Lagos,2026-07-24 15:34:00.022869,0,none
TXN-008414,CUST-00128,2049964,MERCH-0001,Ibadan,2026-07-14 17:56:00.292385,0,none
TXN-001860,CUST-00216,4264960,MERCH-0025,Benin City,2026-10-05 13:21:00.783109,0,none
TXN-008211,CUST-00436,3676070,MERCH-0071,Abuja,2026-07-17 21:55:00.883757,0,none
TXN-006612,CUST-00099,5581030,MERCH-0083,Lagos,2026-08-31 17:38:00.169652,0,none
TXN-005729,CUST-00146,3691228,MERCH-0097,Kaduna,2026-08-25 16:25:00.175356,0,none
TXN-006868,CUST-00334,1978514,MERCH-0055,Kano,2026-07-15 15:49:00.198248,0,none
TXN-006799,CUST-00485,2486437,MERCH-0021,Abuja,2026-08-14 11:34:00.876643,0,none
TXN-007956,CUST-00263,5185458,MERCH-0016,Ibadan,2026-09-06 13:31:00.381027,0,none
TXN-009081,CUST-00165,1350742,MERCH-0045,Port Harcourt,2026-07-09 17:04:00.677791,0,none
TXN-003122,CUST-00066,412354,MERCH-0097,Lagos,2026-07-11 17:58:00.204621,0,none
TXN-000388,CUST-00390,2623661,MERCH-0053,Enugu,2026-08-07 09:56:00.248420,0,none
TXN-001312,CUST-00466,947078,MERCH-0033,Enugu,2026-09-08 10:35:00.704017,1,geo_anomaly
TXN-001033,CUST-00384,1400272,MERCH-0032,Kano,2026-09-13 12:00:00.836143,0,none
TXN-008313,CUST-00438,5359329,MERCH-0016,Kano,2026-07-21 14:23:00.520769,0,none
TXN-005853,CUST-00344,1277554,MERCH-0034,Kano,2026-08-16 11:39:00.195273,0,none
TXN-000932,CUST-00353,2561596,MERCH-0048,Benin City,2026-08-30 15:01:00.636889,0,none
TXN-004020,CUST-00060,1443702,MERCH-0027,Ibadan,2026-07-25 14:31:00.271946,0,none
TXN-000692,CUST-00217,1082700,MERCH-0098,Port Harcourt,2026-09-24 10:10:00.810203,0,none
TXN-005728,CUST-00219,4622035,MERCH-0018,Ibadan,2026-08-19 22:27:00.188970,0,none
TXN-009292,CUST-00284,3821856,MERCH-0035,Abuja,2026-08-27 16:57:00.067743,0,none
TXN-000830,CUST-00421,3661827,MERCH-0038,Ibadan,2026-10-03 15:07:00.453194,0,none
TXN-003499,CUST-00464,1174007,MERCH-0089,Benin City,2026-08-08 16:35:00.417832,0,none
TXN-002082,CUST-00429,5232246,MERCH-0001,Enugu,2026-07-21 15:54:00.256186,0,none
TXN-009234,CUST-00345,1764158,MERCH-0055,Benin City,2026-07-15 14:00:00.094402,0,none
TXN-009781,CUST-00473,6981740,MERCH-0091,Port Harcourt,2026-09-07 17:06:00.852225,0,none
TXN-000045,CUST-00079,4196279,MERCH-0062,Abuja,2026-09-27 14:14:00.888884,0,none
TXN-003940,CUST-00051,3182623,MERCH-0022,Enugu,2026-08-06 17:54:00.322002,0,none
TXN-005684,CUST-00035,3623601,MERCH-0068,Kano,2026-09-20 13:39:00.027572,0,none
TXN-005184,CUST-00307,1203592,MERCH-0015,Abuja,2026-09-09 18:15:00.027243,0,none
TXN-004320,CUST-00296,3807067,MERCH-0058,Kano,2026-08-06 18:47:00.703446,0,none
TXN-002966,CUST-00232,1483422,MERCH-0076,Port Harcourt,2026-08-20 07:32:00.911623,0,none
TXN-003970,CUST-00298,2452306,MERCH-0006,Abuja,2026-08-15 14:18:00.563571,0,none
TXN-001188,CUST-00381,3659178,MERCH-0023,Kaduna,2026-08-24 08:10:00.741443,0,none
TXN-000285,CUST-00314,975773,MERCH-0099,Port Harcourt,2026-07-25 08:30:00.067059,0,none
TXN-009195,CUST-00408,2536353,MERCH-0063,Abuja,2026-07-25 14:12:00.054070,0,none
TXN-004160,CUST-00399,1659301,MERCH-0028,Kano,2026-09-12 19:28:00.620384,0,none
TXN-003093,CUST-00490,1453666,MERCH-0086,Abuja,2026-08-31 06:39:00.716142,0,none
TXN-006158,CUST-00398,4163022,MERCH-0074,Ibadan,2026-09-14 10:58:00.673403,0,none
TXN-004557,CUST-00106,3221893,MERCH-0084,Kano,2026-07-21 09:44:00.444819,0,none
TXN-009592,CUST-00413,735333,MERCH-0074,Port Harcourt,2026-09-21 18:04:00.207853,0,none
TXN-004324,CUST-00187,4552544,MERCH-0025,Enugu,2026-09-21 18:33:00.060121,0,none
TXN-009985,CUST-00222,4371608,MERCH-0054,Port Harcourt,2026-09-07 06:49:00.962478,0,none
TXN-008559,CUST-00474,5844729,MERCH-0069,Kano,2026-08-25 14:25:00.961717,0,none
TXN-003365,CUST-00056,3801966,MERCH-0060,Kano,2026-10-04 14:14:00.907263,0,none
TXN-001405,CUST-00027,20336030,MERCH-0022,Abuja,2026-07-26 10:40:00.149875,1,amount_anomaly
TXN-003196,CUST-00382,1310274,MERCH-0051,Port Harcourt,2026-08-27 08:07:00.736395,0,none
TXN-005552,CUST-00370,5793439,MERCH-0070,Kano,2026-07-19 10:15:00.665812,0,none
TXN-000970,CUST-00173,4188521,MERCH-0026,Port Harcourt,2026-08-23 20:42:00.970353,0,none
TXN-003735,CUST-00321,2178431,MERCH-0054,Benin City,2026-07-15 20:17:00.322612,0,none
TXN-000926,CUST-00218,744878,MERCH-0097,Abuja,2026-08-23 15:20:00.263869,0,none
TXN-009838,CUST-00469,1032094,MERCH-0057,Benin City,2026-10-02 06:54:00.089799,0,none
TXN-009969,CUST-00167,3948897,MERCH-0024,Abuja,2026-09-04 15:01:00.383687,0,none
TXN-004726,CUST-00119,4147638,MERCH-0019,Port Harcourt,2026-10-01 10:47:00.195039,0,none
TXN-006074,CUST-00279,1422433,MERCH-0019,Lagos,2026-09-30 17:25:00.359885,0,none
TXN-002852,CUST-00018,2843722,MERCH-0011,Abuja,2026-09-17 10:43:00.912717,0,none
TXN-008557,CUST-00240,4849723,MERCH-0086,Enugu,2026-07-26 09:58:00.475138,0,none
TXN-BURST-TXN-001493-1,CUST-00171,982769,MERCH-0093,Kaduna,2026-10-01 19:31:00.255388,1,velocity_burst
TXN-006621,CUST-00029,3340619,MERCH-0038,Kaduna,2026-07-22 13:39:00.648948,0,none
TXN-009187,CUST-00338,1315013,MERCH-0047,Benin City,2026-09-23 22:14:00.659606,0,none
TXN-008299,CUST-00139,1381383,MERCH-0046,Enugu,2026-09-05 09:06:00.418227,0,none
TXN-004472,CUST-00359,6272592,MERCH-0018,Benin City,2026-07-08 19:50:00.606031,0,none
TXN-005565,CUST-00058,3081563,MERCH-0036,Ibadan,2026-08-29 21:03:00.014170,0,none
TXN-004349,CUST-00236,934891,MERCH-0002,Kano,2026-09-20 10:23:00.176822,1,velocity_burst
TXN-008343,CUST-00139,1114138,MERCH-0065,Enugu,2026-10-02 11:53:00.652330,0,none
TXN-003627,CUST-00208,3325532,MERCH-0008,Port Harcourt,2026-08-05 20:58:00.496985,0,none
TXN-001790,CUST-00383,1089015,MERCH-0010,Ibadan,2026-08-03 11:33:00.953890,0,none
TXN-008594,CUST-00007,476383,MERCH-0030,Abuja,2026-07-19 13:00:00.905264,0,none
TXN-002060,CUST-00295,348384,MERCH-0009,Kano,2026-08-22 09:39:00.117637,0,none
TXN-006718,CUST-00479,1341518,MERCH-0027,Abuja,2026-07-26 10:30:00.115802,0,none
TXN-004014,CUST-00399,1807066,MERCH-0025,Kano,2026-08-19 19:29:00.476308,0,none
TXN-001903,CUST-00373,6041236,MERCH-0085,Kaduna,2026-07-11 12:02:00.755055,0,none
TXN-004687,CUST-00001,560634,MERCH-0018,Abuja,2026-07-20 19:47:00.634728,0,none
TXN-009923,CUST-00104,3819595,MERCH-0049,Ibadan,2026-08-19 18:31:00.924487,0,none
TXN-004923,CUST-00282,2323622,MERCH-0082,Abuja,2026-07-22 10:55:00.526051,0,none
TXN-007468,CUST-00143,1594058,MERCH-0096,Enugu,2026-09-04 18:52:00.814537,0,none
TXN-000076,CUST-00337,4349779,MERCH-0077,Kaduna,2026-07-25 14:38:00.929791,0,none
TXN-002346,CUST-00416,4953845,MERCH-0087,Benin City,2026-08-07 09:15:00.749536,0,none
TXN-005921,CUST-00103,4757561,MERCH-0074,Benin City,2026-08-26 19:50:00.645234,0,none
TXN-000431,CUST-00235,2740276,MERCH-0093,Benin City,2026-09-10 08:50:00.643825,0,none
TXN-004587,CUST-00258,4166251,MERCH-0086,Kano,2026-10-02 16:41:00.045190,0,none
TXN-009620,CUST-00494,3681487,MERCH-0014,Kaduna,2026-08-23 15:25:00.372788,0,none
TXN-008398,CUST-00413,707422,MERCH-0029,Port Harcourt,2026-09-30 09:15:00.043919,0,none
TXN-008472,CUST-00375,3414859,MERCH-0046,Kano,2026-07-12 16:16:00.596449,0,none
TXN-009331,CUST-00139,944840,MERCH-0046,Enugu,2026-08-21 21:07:00.224031,0,none
TXN-001554,CUST-00075,1310022,MERCH-0093,Benin City,2026-08-24 10:11:00.066948,0,none
TXN-000241,CUST-00486,4149195,MERCH-0083,Kano,2026-08-24 15:25:00.754727,0,none
TXN-000784,CUST-00480,885406,MERCH-0056,Enugu,2026-08-02 07:17:00.627842,0,none
TXN-003067,CUST-00400,1580127,MERCH-0050,Enugu,2026-09-20 16:39:00.507455,1,velocity_burst
TXN-000978,CUST-00333,4155050,MERCH-0012,Kaduna,2026-09-27 12:02:00.695270,0,none
TXN-004906,CUST-00422,1571654,MERCH-0084,Kaduna,2026-09-04 21:21:00.512407,0,none
TXN-002942,CUST-00014,1843299,MERCH-0009,Lagos,2026-09-30 19:26:00.592999,0,none
TXN-005810,CUST-00009,1376056,MERCH-0035,Abuja,2026-08-13 12:23:00.818935,0,none
TXN-005107,CUST-00291,1274468,MERCH-0043,Kaduna,2026-07-10 09:26:00.175150,0,none
TXN-005849,CUST-00101,2100880,MERCH-0044,Enugu,2026-08-03 15:12:00.020016,0,none
TXN-001621,CUST-00311,1266138,MERCH-0080,Kaduna,2026-08-16 11:04:00.969954,0,none
TXN-002147,CUST-00196,5429117,MERCH-0091,Kaduna,2026-07-25 16:27:00.216941,0,none
TXN-001802,CUST-00396,2544796,MERCH-0011,Kaduna,2026-09-15 16:38:00.213472,0,none
TXN-002096,CUST-00277,3929110,MERCH-0006,Abuja,2026-09-10 20:38:00.857884,1,geo_anomaly
TXN-006554,CUST-00441,2842436,MERCH-0059,Abuja,2026-08-27 16:08:00.437624,0,none
TXN-009111,CUST-00380,910842,MERCH-0056,Enugu,2026-08-15 10:27:00.924935,0,none
TXN-001358,CUST-00220,6998664,MERCH-0018,Benin City,2026-08-03 14:10:00.185479,0,none
TXN-008426,CUST-00086,2474802,MERCH-0011,Abuja,2026-07-14 09:14:00.095881,0,none
TXN-BURST-TXN-004099-1,CUST-00315,5527634,MERCH-0070,Kaduna,2026-07-17 13:31:00.809595,1,velocity_burst
TXN-008669,CUST-00429,3939921,MERCH-0069,Enugu,2026-08-28 17:27:00.677906,0,none
TXN-005821,CUST-00130,1438715,MERCH-0061,Kano,2026-08-07 08:16:00.836206,0,none
TXN-006492,CUST-00069,3955125,MERCH-0092,Lagos,2026-09-13 11:39:00.253754,0,none
TXN-BURST-TXN-008264-1,CUST-00486,4059509,MERCH-0083,Kano,2026-08-13 15:45:00.111641,1,velocity_burst
TXN-009086,CUST-00104,3678618,MERCH-0084,Enugu,2026-07-21 20:50:00.772968,1,geo_anomaly
TXN-009212,CUST-00391,4576932,MERCH-0051,Port Harcourt,2026-09-15 16:28:00.365531,0,none
TXN-001610,CUST-00441,5045633,MERCH-0033,Abuja,2026-09-02 17:43:00.756518,0,none
TXN-003097,CUST-00346,3895358,MERCH-0059,Abuja,2026-09-02 11:58:00.871860,1,velocity_burst
TXN-005975,CUST-00222,2568369,MERCH-0087,Port Harcourt,2026-08-28 11:55:00.595042,0,none
TXN-002416,CUST-00490,2206205,MERCH-0075,Abuja,2026-09-16 07:03:00.838465,0,none
TXN-002018,CUST-00393,1724588,MERCH-0011,Kaduna,2026-10-02 07:43:00.777647,0,none
TXN-006493,CUST-00230,4621506,MERCH-0037,Enugu,2026-09-02 16:30:00.958999,0,none
TXN-004126,CUST-00241,548574,MERCH-0043,Ibadan,2026-08-26 18:47:00.988407,0,none
TXN-BURST-TXN-003745-1,CUST-00038,1737952,MERCH-0099,Lagos,2026-07-25 15:58:00.227184,1,velocity_burst
TXN-003247,CUST-00361,4370505,MERCH-0088,Ibadan,2026-08-18 10:22:00.498410,0,none
TXN-000125,CUST-00306,3464334,MERCH-0036,Ibadan,2026-08-04 17:35:00.642608,0,none
TXN-009689,CUST-00456,3423421,MERCH-0098,Kaduna,2026-09-20 09:40:00.712926,0,none
TXN-009674,CUST-00184,1335514,MERCH-0023,Abuja,2026-07-24 17:02:00.810709,0,none
TXN-005738,CUST-00044,2250920,MERCH-0009,Ibadan,2026-09-24 15:28:00.786235,0,none
TXN-008041,CUST-00185,4183908,MERCH-0092,Kaduna,2026-09-23 07:27:00.497633,0,none
TXN-009487,CUST-00030,3552680,MERCH-0021,Lagos,2026-08-28 07:26:00.569945,0,none
TXN-003342,CUST-00315,6027062,MERCH-0035,Kaduna,2026-07-24 11:03:00.896836,0,none
TXN-000599,CUST-00018,3479523,MERCH-0073,Abuja,2026-09-08 15:47:00.557728,0,none
TXN-002124,CUST-00498,5582565,MERCH-0065,Kano,2026-09-10 12:25:00.986097,0,none
TXN-007650,CUST-00472,671573,MERCH-0020,Port Harcourt,2026-08-07 09:54:00.017642,0,none
TXN-006924,CUST-00059,1015220,MERCH-0050,Benin City,2026-08-05 10:26:00.652159,0,none
TXN-007600,CUST-00077,1297155,MERCH-0071,Ibadan,2026-10-02 15:55:00.449646,0,none
TXN-BURST-TXN-000325-1,CUST-00252,3600758,MERCH-0032,Lagos,2026-09-19 11:42:00.813582,1,velocity_burst
TXN-002198,CUST-00369,2482102,MERCH-0008,Lagos,2026-08-25 19:44:00.643989,0,none
TXN-004052,CUST-00273,544257,MERCH-0013,Port Harcourt,2026-07-19 20:45:00.946223,0,none
TXN-006533,CUST-00131,5945750,MERCH-0094,Benin City,2026-10-04 18:00:00.421783,0,none
TXN-003363,CUST-00208,6249000,MERCH-0010,Port Harcourt,2026-07-07 19:26:00.046321,0,none
TXN-007394,CUST-00496,5165237,MERCH-0071,Lagos,2026-07-08 15:19:00.978446,0,none
TXN-000726,CUST-00104,4874045,MERCH-0064,Ibadan,2026-10-02 12:49:00.661014,0,none
TXN-005808,CUST-00211,1202987,MERCH-0038,Kaduna,2026-07-26 18:41:00.707946,0,none
TXN-000979,CUST-00035,5145220,MERCH-0085,Kano,2026-08-07 19:31:00.760613,0,none
TXN-000809,CUST-00432,1390865,MERCH-0077,Port Harcourt,2026-08-17 10:02:00.639421,0,none
TXN-009058,CUST-00067,1841792,MERCH-0028,Lagos,2026-09-24 07:39:00.679924,0,none
TXN-001476,CUST-00244,6519403,MERCH-0097,Benin City,2026-09-07 18:28:00.989118,0,none
TXN-004907,CUST-00289,3102407,MERCH-0009,Kano,2026-09-24 07:59:00.108189,0,none
TXN-006401,CUST-00398,3430171,MERCH-0087,Ibadan,2026-08-15 11:23:00.324953,0,none
TXN-009364,CUST-00180,918409,MERCH-0066,Kaduna,2026-08-20 10:32:00.036276,0,none
TXN-004931,CUST-00393,2966046,MERCH-0011,Kaduna,2026-10-03 06:58:00.584321,0,none
TXN-007904,CUST-00474,6404890,MERCH-0070,Kano,2026-08-18 19:05:00.987595,0,none
TXN-003963,CUST-00225,2896417,MERCH-0100,Kano,2026-08-27 15:00:00.519403,0,none
TXN-006936,CUST-00105,1512367,MERCH-0068,Lagos,2026-08-03 14:29:00.933751,0,none
TXN-006943,CUST-00495,1919652,MERCH-0065,Port Harcourt,2026-07-11 14:40:00.517707,0,none
TXN-001236,CUST-00448,2064916,MERCH-0006,Kaduna,2026-07-11 13:52:00.922963,0,none
TXN-001226,CUST-00407,1385043,MERCH-0094,Ibadan,2026-07-28 19:52:00.002641,0,none
TXN-001765,CUST-00288,2819049,MERCH-0032,Lagos,2026-08-30 17:32:00.386014,0,none
TXN-006772,CUST-00361,5345383,MERCH-0021,Ibadan,2026-08-01 15:15:00.052577,0,none
TXN-008721,CUST-00107,1569396,MERCH-0070,Abuja,2026-09-03 16:25:00.449413,0,none
TXN-005502,CUST-00371,5958612,MERCH-0042,Benin City,2026-07-16 15:51:00.013145,0,none
TXN-009473,CUST-00459,859808,MERCH-0058,Benin City,2026-08-11 15:27:00.684202,0,none
TXN-003218,CUST-00247,5346562,MERCH-0017,Abuja,2026-08-27 15:07:00.938846,0,none
TXN-000288,CUST-00019,5693488,MERCH-0061,Abuja,2026-09-07 14:03:00.374218,0,none
TXN-005428,CUST-00228,7639953,MERCH-0099,Port Harcourt,2026-09-12 13:05:00.721210,0,none
TXN-002967,CUST-00189,1664530,MERCH-0078,Port Harcourt,2026-07-13 13:18:00.215716,0,none
TXN-003165,CUST-00452,3022128,MERCH-0057,Ibadan,2026-08-04 13:15:00.771873,0,none
TXN-006474,CUST-00337,4616444,MERCH-0002,Kaduna,2026-07-08 15:36:00.347247,0,none
TXN-009210,CUST-00230,4532405,MERCH-0011,Enugu,2026-09-24 19:27:00.914443,0,none
TXN-001658,CUST-00133,1069299,MERCH-0017,Kaduna,2026-07-21 06:43:00.592503,0,none
TXN-001976,CUST-00305,5631765,MERCH-0024,Enugu,2026-08-26 19:08:00.252509,0,none
TXN-002398,CUST-00304,820070,MERCH-0067,Abuja,2026-10-05 11:31:00.119696,0,none
TXN-000453,CUST-00198,1024699,MERCH-0021,Kaduna,2026-07-28 12:28:00.077415,0,none
TXN-002711,CUST-00217,657553,MERCH-0088,Port Harcourt,2026-07-25 22:44:00.541287,0,none
TXN-008118,CUST-00046,1046681,MERCH-0045,Port Harcourt,2026-07-16 06:45:00.920850,0,none
TXN-003682,CUST-00464,1847740,MERCH-0091,Benin City,2026-08-02 21:28:00.354210,0,none
TXN-000423,CUST-00142,839019,MERCH-0044,Port Harcourt,2026-08-13 20:13:00.458202,0,none
TXN-008673,CUST-00215,1856922,MERCH-0018,Kaduna,2026-08-08 14:39:00.934972,0,none
TXN-000658,CUST-00205,1610896,MERCH-0083,Port Harcourt,2026-08-13 10:15:00.053056,0,none
TXN-003302,CUST-00182,990054,MERCH-0050,Benin City,2026-07-13 10:31:00.593572,0,none
TXN-009967,CUST-00258,4808264,MERCH-0045,Kano,2026-09-15 10:36:00.984148,0,none
TXN-002846,CUST-00024,1552156,MERCH-0084,Abuja,2026-07-13 11:12:00.971903,0,none
TXN-006487,CUST-00072,1404109,MERCH-0035,Kaduna,2026-09-16 10:02:00.689949,0,none
TXN-008080,CUST-00049,3844950,MERCH-0049,Port Harcourt,2026-08-18 13:27:00.260777,0,none
TXN-001002,CUST-00041,1786503,MERCH-0020,Ibadan,2026-07-28 17:29:00.603668,0,none
TXN-004199,CUST-00366,1255713,MERCH-0057,Port Harcourt,2026-09-26 09:47:00.172015,0,none
TXN-002419,CUST-00322,3248289,MERCH-0096,Enugu,2026-09-08 11:39:00.329564,0,none
TXN-008062,CUST-00413,506164,MERCH-0028,Port Harcourt,2026-09-22 17:27:00.907542,0,none
TXN-005713,CUST-00407,1733389,MERCH-0094,Ibadan,2026-08-29 12:41:00.941150,0,none
TXN-003848,CUST-00198,749180,MERCH-0021,Port Harcourt,2026-08-19 18:34:00.349306,1,geo_anomaly
TXN-000962,CUST-00380,1368595,MERCH-0056,Enugu,2026-07-22 10:04:00.521158,0,none
TXN-001581,CUST-00056,4396761,MERCH-0086,Kano,2026-07-18 18:35:00.970177,0,none
TXN-009162,CUST-00254,1054557,MERCH-0058,Lagos,2026-09-07 09:53:00.822588,0,none
TXN-002207,CUST-00357,1063702,MERCH-0076,Kaduna,2026-09-16 18:26:00.565729,0,none
TXN-006819,CUST-00397,4042532,MERCH-0067,Benin City,2026-08-29 11:55:00.851355,0,none
TXN-006514,CUST-00352,3132189,MERCH-0002,Kaduna,2026-08-11 12:18:00.939427,0,none
TXN-BURST-TXN-008067-1,CUST-00325,2468930,MERCH-0013,Kano,2026-09-08 17:13:00.703483,1,velocity_burst
TXN-004232,CUST-00167,6137310,MERCH-0047,Abuja,2026-08-26 00:14:00.664200,1,off_hours
TXN-000758,CUST-00218,715399,MERCH-0072,Abuja,2026-08-16 21:13:00.452677,0,none
TXN-004867,CUST-00210,4123366,MERCH-0014,Benin City,2026-09-12 13:09:00.766489,0,none
TXN-002285,CUST-00369,3423013,MERCH-0008,Lagos,2026-07-20 08:09:00.682126,0,none
TXN-007192,CUST-00249,4353528,MERCH-0037,Lagos,2026-08-03 11:16:00.383118,0,none
TXN-BURST-TXN-006270-0,CUST-00068,3361351,MERCH-0096,Port Harcourt,2026-09-05 07:29:30.171260,1,velocity_burst
TXN-004828,CUST-00067,327017,MERCH-0086,Lagos,2026-09-08 09:45:00.481344,0,none
TXN-005460,CUST-00226,5858467,MERCH-0085,Kano,2026-09-10 19:21:00.859696,0,none
TXN-000808,CUST-00430,4003737,MERCH-0081,Lagos,2026-09-24 16:22:00.854677,0,none
TXN-006395,CUST-00019,4524172,MERCH-0017,Abuja,2026-08-21 14:18:00.052538,0,none
TXN-008261,CUST-00339,509313,MERCH-0028,Abuja,2026-07-26 18:43:00.546514,0,none
TXN-001957,CUST-00371,5118224,MERCH-0065,Benin City,2026-08-08 15:08:00.714140,0,none
TXN-002446,CUST-00292,3722376,MERCH-0078,Enugu,2026-08-21 20:19:00.888475,0,none
TXN-008030,CUST-00051,4312758,MERCH-0061,Enugu,2026-07-13 19:52:00.202265,0,none
TXN-008919,CUST-00283,2481076,MERCH-0049,Ibadan,2026-08-13 15:54:00.911510,1,geo_anomaly
TXN-009768,CUST-00005,4587327,MERCH-0034,Abuja,2026-08-16 07:02:00.047599,0,none
TXN-008474,CUST-00208,7788205,MERCH-0021,Port Harcourt,2026-10-03 21:45:00.443260,0,none
TXN-002403,CUST-00395,1994841,MERCH-0024,Enugu,2026-09-15 15:15:00.895201,0,none
TXN-001074,CUST-00194,4281139,MERCH-0068,Kaduna,2026-08-01 19:47:00.421768,0,none
TXN-007636,CUST-00357,1020953,MERCH-0018,Kaduna,2026-09-29 11:44:00.522536,0,none
TXN-004241,CUST-00089,1148949,MERCH-0037,Kano,2026-08-08 06:03:00.091008,0,none
TXN-008815,CUST-00457,529616,MERCH-0067,Lagos,2026-07-20 18:13:00.535985,0,none
TXN-002092,CUST-00474,4769613,MERCH-0054,Kano,2026-09-17 11:01:00.241333,0,none
TXN-004528,CUST-00201,5589678,MERCH-0041,Port Harcourt,2026-09-06 13:15:00.885468,0,none
TXN-008632,CUST-00396,3488384,MERCH-0011,Kaduna,2026-08-30 18:11:00.507062,0,none
TXN-007333,CUST-00416,5355393,MERCH-0039,Benin City,2026-09-17 13:06:00.745962,0,none
TXN-007801,CUST-00260,2310794,MERCH-0054,Kaduna,2026-10-04 08:37:00.784904,0,none
TXN-007996,CUST-00298,3799877,MERCH-0079,Abuja,2026-08-22 13:58:00.673253,0,none
TXN-005101,CUST-00199,4020162,MERCH-0018,Kano,2026-09-17 13:58:00.676198,0,none
TXN-008215,CUST-00500,1932843,MERCH-0086,Kaduna,2026-09-20 14:28:00.569631,0,none
TXN-001004,CUST-00128,2706281,MERCH-0036,Ibadan,2026-09-06 11:36:00.274024,0,none
TXN-009428,CUST-00247,4052405,MERCH-0073,Abuja,2026-09-09 17:48:00.887650,0,none
TXN-008475,CUST-00393,2928352,MERCH-0082,Kaduna,2026-08-14 07:48:00.439676,0,none
TXN-005737,CUST-00437,2310652,MERCH-0035,Kano,2026-07-11 15:03:00.409505,0,none
TXN-004652,CUST-00009,1192656,MERCH-0049,Abuja,2026-07-26 18:51:00.565086,0,none
TXN-005744,CUST-00252,2718801,MERCH-0045,Lagos,2026-08-16 13:16:00.814421,0,none
TXN-001486,CUST-00318,3094377,MERCH-0008,Ibadan,2026-07-09 16:25:00.080276,0,none
TXN-009957,CUST-00295,948327,MERCH-0038,Kano,2026-07-21 18:59:00.301362,0,none
TXN-001412,CUST-00006,2777081,MERCH-0080,Abuja,2026-07-12 07:07:00.139909,0,none
TXN-009772,CUST-00023,3881453,MERCH-0025,Ibadan,2026-08-30 13:57:00.412144,0,none
TXN-005805,CUST-00142,670359,MERCH-0001,Port Harcourt,2026-08-05 14:28:00.193796,0,none
TXN-000710,CUST-00103,3229559,MERCH-0031,Benin City,2026-08-30 18:31:00.896468,0,none
TXN-007626,CUST-00189,1593171,MERCH-0078,Port Harcourt,2026-08-05 16:14:00.584407,0,none
TXN-003604,CUST-00143,1289042,MERCH-0028,Enugu,2026-07-19 10:46:00.083433,0,none
TXN-007771,CUST-00083,4241635,MERCH-0020,Abuja,2026-07-16 14:50:00.201775,0,none
TXN-003077,CUST-00016,4301661,MERCH-0082,Port Harcourt,2026-08-18 12:49:00.273797,0,none
TXN-009394,CUST-00203,1612560,MERCH-0067,Kano,2026-09-18 19:50:00.579530,0,none
TXN-007776,CUST-00023,2596397,MERCH-0093,Ibadan,2026-07-20 10:32:00.796009,0,none
TXN-004102,CUST-00003,1979252,MERCH-0036,Lagos,2026-09-30 13:18:00.980484,0,none
TXN-005528,CUST-00166,1254577,MERCH-0083,Kano,2026-09-25 03:30:00.482128,1,off_hours
TXN-002723,CUST-00303,2684942,MERCH-0006,Abuja,2026-08-13 09:18:00.701226,0,none
TXN-009696,CUST-00142,466545,MERCH-0045,Port Harcourt,2026-09-15 14:23:00.964613,0,none
TXN-001269,CUST-00316,728114,MERCH-0055,Benin City,2026-07-16 09:38:00.378874,0,none
TXN-002463,CUST-00090,4993590,MERCH-0070,Abuja,2026-07-14 15:55:00.416527,0,none
TXN-005900,CUST-00316,299496,MERCH-0055,Benin City,2026-09-24 12:32:00.867437,0,none
TXN-000269,CUST-00340,4130145,MERCH-0052,Lagos,2026-09-21 15:53:00.424993,0,none
TXN-003581,CUST-00344,1596379,MERCH-0002,Kano,2026-09-11 17:09:00.318883,1,velocity_burst
TXN-004751,CUST-00444,2438442,MERCH-0094,Kano,2026-09-12 10:07:00.438833,0,none
TXN-005782,CUST-00482,1276323,MERCH-0058,Port Harcourt,2026-08-22 02:45:00.702418,1,off_hours
TXN-005340,CUST-00230,4510473,MERCH-0006,Enugu,2026-08-31 15:53:00.440341,0,none
TXN-006766,CUST-00219,3750421,MERCH-0018,Ibadan,2026-08-29 20:42:00.705608,0,none
TXN-009075,CUST-00234,392803,MERCH-0084,Kano,2026-09-16 19:05:00.932130,0,none
TXN-002822,CUST-00354,2131874,MERCH-0030,Kaduna,2026-08-19 19:21:00.318246,0,none
TXN-008138,CUST-00481,5657321,MERCH-0010,Lagos,2026-08-29 13:18:00.118825,0,none
TXN-000590,CUST-00075,2946976,MERCH-0025,Benin City,2026-07-14 17:45:00.395989,0,none
TXN-006424,CUST-00122,4245579,MERCH-0039,Lagos,2026-08-07 12:30:00.954262,0,none
TXN-009312,CUST-00413,876225,MERCH-0028,Port Harcourt,2026-08-22 14:56:00.988966,0,none
TXN-006394,CUST-00361,6005817,MERCH-0088,Ibadan,2026-08-06 21:03:00.313931,0,none
TXN-007190,CUST-00417,839483,MERCH-0078,Abuja,2026-08-23 20:51:00.098589,0,none
TXN-BURST-TXN-008491-2,CUST-00439,3275794,MERCH-0006,Ibadan,2026-08-21 15:33:30.511557,1,velocity_burst
TXN-002038,CUST-00276,3482562,MERCH-0002,Enugu,2026-08-18 16:59:00.948514,0,none
TXN-008720,CUST-00169,3460253,MERCH-0099,Abuja,2026-09-12 17:48:00.741354,0,none
TXN-008552,CUST-00070,1912747,MERCH-0045,Ibadan,2026-07-29 20:11:00.590909,0,none
TXN-002029,CUST-00500,2697535,MERCH-0086,Kaduna,2026-07-27 09:13:00.345336,0,none
TXN-007714,CUST-00325,5255363,MERCH-0059,Kano,2026-08-13 18:37:00.355166,0,none
TXN-000678,CUST-00043,3114241,MERCH-0040,Abuja,2026-08-15 15:20:00.763324,0,none
TXN-006217,CUST-00390,2999562,MERCH-0027,Enugu,2026-09-14 02:43:00.599008,1,off_hours
TXN-001233,CUST-00437,2417862,MERCH-0080,Kano,2026-07-30 07:10:00.155975,0,none
TXN-005964,CUST-00311,2457625,MERCH-0058,Kaduna,2026-09-03 11:29:00.247328,0,none
TXN-007659,CUST-00478,5434487,MERCH-0038,Benin City,2026-08-26 14:53:00.434871,0,none
TXN-008306,CUST-00063,2228287,MERCH-0076,Enugu,2026-09-09 13:48:00.061803,0,none
TXN-004857,CUST-00003,2810202,MERCH-0001,Lagos,2026-09-14 15:33:00.214110,0,none
TXN-008675,CUST-00425,4477698,MERCH-0026,Enugu,2026-08-08 14:57:00.317839,0,none
TXN-002433,CUST-00164,2594131,MERCH-0050,Enugu,2026-08-21 10:32:00.432865,0,none
TXN-006826,CUST-00097,4031791,MERCH-0037,Kaduna,2026-07-21 16:54:00.010457,0,none
TXN-006599,CUST-00241,581985,MERCH-0097,Ibadan,2026-08-07 09:35:00.303352,0,none
TXN-009040,CUST-00379,1594878,MERCH-0091,Kano,2026-09-12 15:48:00.792091,0,none
TXN-006735,CUST-00369,2731750,MERCH-0071,Lagos,2026-09-29 09:23:00.681537,0,none
TXN-000897,CUST-00261,1889165,MERCH-0011,Enugu,2026-09-03 13:45:00.345755,0,none
TXN-001612,CUST-00357,1259546,MERCH-0082,Kaduna,2026-10-04 16:44:00.933259,0,none
TXN-007433,CUST-00176,3875543,MERCH-0013,Benin City,2026-09-08 15:28:00.961713,0,none
TXN-006650,CUST-00268,3502644,MERCH-0071,Port Harcourt,2026-10-04 19:08:00.761348,1,geo_anomaly
TXN-008038,CUST-00252,2602467,MERCH-0030,Lagos,2026-08-14 09:18:00.594570,0,none
TXN-003807,CUST-00044,3861110,MERCH-0045,Ibadan,2026-08-19 11:03:00.025667,0,none
TXN-006495,CUST-00367,1865725,MERCH-0074,Benin City,2026-09-26 12:40:00.356099,0,none
TXN-005982,CUST-00118,1709354,MERCH-0062,Enugu,2026-07-08 02:39:00.930191,1,off_hours
TXN-004702,CUST-00047,4534776,MERCH-0001,Abuja,2026-09-07 14:44:00.786208,0,none
TXN-003962,CUST-00303,3676669,MERCH-0006,Abuja,2026-08-11 10:48:00.196446,0,none
TXN-005852,CUST-00231,2718417,MERCH-0090,Kaduna,2026-08-17 17:05:00.225064,0,none
TXN-007931,CUST-00489,2906321,MERCH-0010,Port Harcourt,2026-09-07 18:59:00.600406,0,none
TXN-000891,CUST-00163,856116,MERCH-0079,Lagos,2026-07-10 09:48:00.787113,0,none
TXN-005401,CUST-00458,4575374,MERCH-0016,Kano,2026-09-01 15:25:00.405487,0,none
TXN-008089,CUST-00144,2635184,MERCH-0040,Enugu,2026-08-28 20:55:00.808899,0,none
TXN-007413,CUST-00454,3646097,MERCH-0071,Abuja,2026-10-02 17:36:00.142630,0,none
TXN-008573,CUST-00286,2409152,MERCH-0058,Kaduna,2026-09-09 15:24:00.589209,0,none
TXN-005508,CUST-00073,3013767,MERCH-0032,Enugu,2026-09-24 13:17:00.643231,0,none
TXN-007478,CUST-00415,868681,MERCH-0091,Kano,2026-10-05 12:51:00.886099,0,none
TXN-007339,CUST-00020,2747085,MERCH-0070,Kano,2026-09-07 17:12:00.348975,0,none
TXN-002800,CUST-00403,3695194,MERCH-0034,Abuja,2026-07-30 15:20:00.652538,0,none
TXN-000585,CUST-00121,4286411,MERCH-0082,Kaduna,2026-09-28 10:13:00.523713,0,none
TXN-003269,CUST-00111,505756,MERCH-0031,Kano,2026-07-13 14:36:00.886662,0,none
TXN-003933,CUST-00433,1690721,MERCH-0052,Benin City,2026-07-14 16:57:00.875979,0,none
TXN-004966,CUST-00362,1827995,MERCH-0092,Lagos,2026-08-10 17:58:00.148349,0,none
TXN-001261,CUST-00084,1313143,MERCH-0080,Ibadan,2026-09-29 10:34:00.382434,0,none
TXN-006406,CUST-00234,142528,MERCH-0061,Kano,2026-08-18 11:29:00.351435,0,none
TXN-000311,CUST-00173,2163127,MERCH-0078,Port Harcourt,2026-09-28 18:00:00.270175,0,none
TXN-001717,CUST-00323,3113416,MERCH-0094,Kaduna,2026-08-16 15:57:00.642439,0,none
TXN-008238,CUST-00102,3173948,MERCH-0085,Lagos,2026-09-19 17:33:00.206502,0,none
TXN-006701,CUST-00163,3088323,MERCH-0048,Lagos,2026-10-03 10:06:00.428395,0,none
TXN-006347,CUST-00429,4171822,MERCH-0094,Enugu,2026-09-07 09:44:00.172355,0,none
TXN-004669,CUST-00337,4303299,MERCH-0010,Kaduna,2026-08-08 19:25:00.158020,0,none
TXN-004299,CUST-00005,3381207,MERCH-0094,Abuja,2026-08-04 11:14:00.323580,0,none
TXN-003784,CUST-00347,4680474,MERCH-0093,Kano,2026-09-24 18:35:00.137225,0,none
TXN-001009,CUST-00196,4299371,MERCH-0100,Kaduna,2026-10-01 18:34:00.485145,0,none
TXN-008655,CUST-00284,2907263,MERCH-0020,Abuja,2026-08-11 09:47:00.213926,0,none
TXN-002186,CUST-00014,1135710,MERCH-0033,Lagos,2026-07-09 10:53:00.739212,0,none
TXN-003624,CUST-00199,3246764,MERCH-0018,Kano,2026-07-31 12:09:00.076772,0,none
TXN-007590,CUST-00293,4558019,MERCH-0041,Ibadan,2026-09-08 16:04:00.195741,0,none
TXN-005318,CUST-00109,1692145,MERCH-0042,Abuja,2026-09-04 20:28:00.004082,0,none
TXN-BURST-TXN-000654-1,CUST-00003,1564906,MERCH-0036,Lagos,2026-08-20 10:42:00.658473,1,velocity_burst
TXN-006591,CUST-00146,3682185,MERCH-0097,Kaduna,2026-09-29 12:08:00.394942,0,none
TXN-005983,CUST-00340,6036348,MERCH-0055,Lagos,2026-09-06 18:30:00.560611,0,none
TXN-004835,CUST-00469,839488,MERCH-0100,Benin City,2026-10-04 19:56:00.988144,0,none
TXN-006443,CUST-00037,3009720,MERCH-0088,Port Harcourt,2026-07-19 12:01:00.156451,0,none
TXN-004757,CUST-00462,2927892,MERCH-0018,Ibadan,2026-07-12 14:51:00.258705,0,none
TXN-005485,CUST-00348,2559109,MERCH-0002,Abuja,2026-08-12 16:34:00.990916,0,none
TXN-000091,CUST-00020,2594529,MERCH-0028,Kano,2026-08-28 22:03:00.806446,0,none
TXN-006444,CUST-00211,969746,MERCH-0013,Kaduna,2026-08-05 20:05:00.536692,0,none
TXN-006931,CUST-00093,1550001,MERCH-0053,Port Harcourt,2026-09-04 19:47:00.208231,0,none
TXN-008149,CUST-00082,3613790,MERCH-0007,Lagos,2026-07-27 10:46:00.552569,0,none
TXN-006045,CUST-00110,2658127,MERCH-0032,Port Harcourt,2026-08-23 18:21:00.418465,0,none
TXN-008345,CUST-00433,2864053,MERCH-0003,Benin City,2026-08-14 12:37:00.845071,0,none
TXN-002118,CUST-00282,4204206,MERCH-0004,Abuja,2026-10-04 20:06:00.350477,0,none
TXN-002938,CUST-00189,822850,MERCH-0042,Port Harcourt,2026-09-11 14:08:00.475905,0,none
TXN-006954,CUST-00424,5396093,MERCH-0080,Abuja,2026-09-05 16:33:00.217020,0,none
TXN-000984,CUST-00390,65443752,MERCH-0053,Enugu,2026-07-23 16:30:00.224124,1,amount_anomaly
TXN-007504,CUST-00032,4875114,MERCH-0027,Abuja,2026-09-11 12:05:00.855181,0,none
TXN-005741,CUST-00173,2075628,MERCH-0018,Port Harcourt,2026-07-13 16:46:00.454273,0,none
TXN-009488,CUST-00262,1136407,MERCH-0098,Ibadan,2026-08-07 12:17:00.182967,0,none
TXN-002926,CUST-00304,754497,MERCH-0095,Abuja,2026-10-01 18:43:00.829079,0,none
TXN-005818,CUST-00035,4824304,MERCH-0068,Kano,2026-07-15 11:34:00.766642,0,none
TXN-003215,CUST-00218,2128825,MERCH-0019,Abuja,2026-08-02 17:24:00.904789,0,none
TXN-006963,CUST-00393,1706501,MERCH-0082,Kaduna,2026-07-19 17:52:00.484156,0,none
TXN-006821,CUST-00095,4625078,MERCH-0052,Abuja,2026-07-29 15:18:00.388954,0,none
TXN-006445,CUST-00270,4684385,MERCH-0018,Lagos,2026-09-26 07:30:00.190212,0,none
TXN-009869,CUST-00471,3628532,MERCH-0021,Abuja,2026-07-27 06:32:00.068224,0,none
TXN-005293,CUST-00171,957693,MERCH-0093,Kaduna,2026-07-09 15:49:00.450933,0,none
TXN-000628,CUST-00171,808453,MERCH-0079,Kaduna,2026-09-08 16:58:00.867341,0,none
TXN-004948,CUST-00421,3130601,MERCH-0085,Ibadan,2026-07-11 13:02:00.834789,0,none
TXN-008067,CUST-00325,2468930,MERCH-0013,Kano,2026-09-08 17:12:00.703483,1,velocity_burst
TXN-004245,CUST-00474,4483069,MERCH-0054,Kano,2026-07-13 10:01:00.977934,0,none
TXN-006795,CUST-00250,2561264,MERCH-0070,Kano,2026-09-06 13:13:00.773957,0,none
TXN-004766,CUST-00375,2691779,MERCH-0073,Kano,2026-09-20 13:06:00.252895,0,none
TXN-001602,CUST-00419,1170022,MERCH-0084,Ibadan,2026-07-25 20:58:00.413763,0,none
TXN-009942,CUST-00028,2191846,MERCH-0050,Enugu,2026-09-28 13:57:00.738136,0,none
TXN-001270,CUST-00078,5362704,MERCH-0016,Benin City,2026-08-26 14:33:00.039004,0,none
TXN-000129,CUST-00182,901700,MERCH-0061,Benin City,2026-08-24 14:51:00.846752,0,none
TXN-006348,CUST-00079,4374145,MERCH-0093,Abuja,2026-07-17 17:24:00.167998,0,none
TXN-001712,CUST-00362,2133119,MERCH-0092,Lagos,2026-07-27 15:56:00.837347,0,none
TXN-004183,CUST-00221,1312277,MERCH-0066,Benin City,2026-09-14 20:38:00.853538,0,none
TXN-004236,CUST-00360,647008,MERCH-0053,Abuja,2026-07-25 07:35:00.488243,0,none
TXN-006129,CUST-00115,1681133,MERCH-0046,Enugu,2026-07-14 08:42:00.949558,0,none
TXN-002399,CUST-00289,3478426,MERCH-0009,Kano,2026-07-21 08:24:00.073139,0,none
TXN-006007,CUST-00405,2910731,MERCH-0061,Lagos,2026-08-01 16:27:00.774275,0,none
TXN-006536,CUST-00312,3405430,MERCH-0050,Lagos,2026-09-14 17:44:00.113996,0,none
TXN-008729,CUST-00157,2081321,MERCH-0058,Abuja,2026-07-30 10:25:00.747571,0,none
TXN-001187,CUST-00102,3414531,MERCH-0063,Lagos,2026-07-20 14:26:00.853786,0,none
TXN-006488,CUST-00455,4261641,MERCH-0059,Ibadan,2026-07-31 18:45:00.216676,0,none
TXN-BURST-TXN-003581-1,CUST-00344,1596379,MERCH-0002,Kano,2026-09-11 17:10:00.318883,1,velocity_burst
TXN-006483,CUST-00187,5526347,MERCH-0046,Enugu,2026-08-30 11:13:00.531314,0,none
TXN-001978,CUST-00366,1118444,MERCH-0017,Port Harcourt,2026-07-31 10:45:00.079288,0,none
TXN-BURST-TXN-006480-2,CUST-00494,4472794,MERCH-0083,Kaduna,2026-09-09 08:14:30.006072,1,velocity_burst
TXN-004248,CUST-00490,2695077,MERCH-0017,Abuja,2026-07-20 10:24:00.860796,0,none
TXN-008604,CUST-00166,582994,MERCH-0043,Kano,2026-07-12 19:26:00.117562,0,none
TXN-000916,CUST-00154,3098443,MERCH-0029,Enugu,2026-09-24 17:50:00.538229,0,none
TXN-001306,CUST-00355,153398,MERCH-0031,Benin City,2026-07-16 15:20:00.593044,0,none
TXN-007412,CUST-00145,1388655,MERCH-0057,Abuja,2026-09-06 18:07:00.595006,0,none
TXN-003050,CUST-00398,5190170,MERCH-0065,Ibadan,2026-07-31 16:28:00.793558,0,none
TXN-009863,CUST-00260,1922919,MERCH-0019,Kaduna,2026-07-12 20:49:00.015241,0,none
TXN-001274,CUST-00465,5626483,MERCH-0019,Kaduna,2026-08-09 11:50:00.906090,0,none
TXN-008420,CUST-00324,2394309,MERCH-0035,Enugu,2026-07-09 13:19:00.131853,0,none
TXN-002797,CUST-00142,1024820,MERCH-0045,Port Harcourt,2026-09-17 18:07:00.653426,0,none
TXN-001399,CUST-00224,2632079,MERCH-0015,Enugu,2026-08-28 07:39:00.258887,0,none
TXN-003359,CUST-00276,4803005,MERCH-0002,Enugu,2026-10-05 21:20:00.734708,0,none
TXN-000184,CUST-00296,3326943,MERCH-0010,Kano,2026-09-01 12:58:00.602775,0,none
TXN-007681,CUST-00221,1485010,MERCH-0076,Benin City,2026-09-07 16:41:00.157807,0,none
TXN-007841,CUST-00416,4521475,MERCH-0087,Benin City,2026-08-25 18:49:00.289266,0,none
TXN-009392,CUST-00435,1800394,MERCH-0003,Lagos,2026-08-23 18:35:00.091588,0,none
TXN-007852,CUST-00374,4494985,MERCH-0050,Ibadan,2026-07-12 15:56:00.354378,0,none
TXN-007615,CUST-00196,5103185,MERCH-0034,Kaduna,2026-09-24 18:26:00.197515,0,none
TXN-007535,CUST-00075,2843340,MERCH-0025,Benin City,2026-08-08 12:26:00.944173,0,none
TXN-004568,CUST-00099,6245392,MERCH-0083,Lagos,2026-08-27 15:11:00.847597,0,none
TXN-008863,CUST-00145,926391,MERCH-0007,Abuja,2026-08-22 15:53:00.543456,0,none
TXN-008412,CUST-00191,4641193,MERCH-0036,Benin City,2026-07-16 09:52:00.651106,0,none
TXN-002657,CUST-00326,1514686,MERCH-0055,Lagos,2026-08-31 08:39:00.640355,0,none
TXN-009329,CUST-00364,1622851,MERCH-0002,Ibadan,2026-09-02 13:04:00.465491,0,none
TXN-009840,CUST-00042,678753,MERCH-0035,Enugu,2026-07-30 07:10:00.404795,0,none
TXN-001962,CUST-00370,1847659,MERCH-0081,Kano,2026-07-07 07:47:00.760100,0,none
TXN-004993,CUST-00232,1002413,MERCH-0029,Port Harcourt,2026-08-27 19:26:00.835165,0,none
TXN-004892,CUST-00035,2187441,MERCH-0071,Kano,2026-09-22 16:47:00.897977,0,none
TXN-008849,CUST-00193,1224357,MERCH-0078,Kano,2026-07-24 19:21:00.365909,0,none
TXN-008103,CUST-00446,1686272,MERCH-0062,Kano,2026-09-15 18:03:00.905483,0,none
TXN-BURST-TXN-009465-0,CUST-00156,1627048,MERCH-0023,Ibadan,2026-08-05 13:40:30.837243,1,velocity_burst
TXN-001252,CUST-00312,3594687,MERCH-0050,Lagos,2026-08-19 08:09:00.602354,0,none
TXN-003177,CUST-00097,5421567,MERCH-0037,Kaduna,2026-08-20 18:35:00.897395,0,none
TXN-005073,CUST-00113,1122825,MERCH-0059,Kano,2026-08-09 14:10:00.743300,0,none
TXN-003360,CUST-00494,3201635,MERCH-0014,Kaduna,2026-09-21 11:50:00.759105,0,none
TXN-005538,CUST-00082,3005210,MERCH-0044,Lagos,2026-10-05 18:39:00.374614,0,none
TXN-007908,CUST-00376,2202440,MERCH-0030,Kaduna,2026-09-07 21:07:00.193942,0,none
TXN-007062,CUST-00497,1789892,MERCH-0099,Kaduna,2026-07-31 19:28:00.035256,0,none
TXN-003290,CUST-00032,3961096,MERCH-0051,Abuja,2026-07-18 10:16:00.732928,0,none
TXN-007589,CUST-00430,4593731,MERCH-0081,Lagos,2026-07-25 14:54:00.349012,0,none
TXN-009041,CUST-00014,1412928,MERCH-0077,Lagos,2026-08-07 17:00:00.407190,0,none
TXN-003191,CUST-00296,2153639,MERCH-0049,Kano,2026-08-24 17:37:00.656305,1,velocity_burst
TXN-006096,CUST-00048,6033640,MERCH-0039,Ibadan,2026-09-05 13:34:00.035562,0,none
TXN-007431,CUST-00289,3066664,MERCH-0019,Kano,2026-08-16 08:09:00.301440,0,none
TXN-001052,CUST-00002,4439474,MERCH-0030,Abuja,2026-07-17 17:25:00.724141,0,none
TXN-004070,CUST-00042,701734,MERCH-0021,Enugu,2026-07-30 10:39:00.265254,0,none
TXN-006497,CUST-00320,1586320,MERCH-0090,Abuja,2026-08-20 10:43:00.948014,0,none
TXN-005993,CUST-00207,3419831,MERCH-0070,Port Harcourt,2026-10-04 14:40:00.784327,0,none
TXN-000273,CUST-00329,5852593,MERCH-0016,Ibadan,2026-07-09 18:59:00.112255,0,none
TXN-002043,CUST-00272,5457323,MERCH-0053,Kaduna,2026-09-03 18:49:00.178314,0,none
TXN-004764,CUST-00108,1138090,MERCH-0012,Lagos,2026-09-27 16:20:00.534134,0,none
TXN-005373,CUST-00164,4464600,MERCH-0050,Enugu,2026-08-13 13:00:00.589091,0,none
TXN-007366,CUST-00331,3359340,MERCH-0097,Abuja,2026-07-15 15:33:00.881208,0,none
TXN-005724,CUST-00105,1870345,MERCH-0068,Lagos,2026-08-10 10:36:00.471637,0,none
TXN-001087,CUST-00383,997714,MERCH-0096,Ibadan,2026-07-19 18:20:00.468137,0,none
TXN-006271,CUST-00482,1176345,MERCH-0050,Port Harcourt,2026-08-04 10:20:00.201997,0,none
TXN-006856,CUST-00248,3344717,MERCH-0001,Kaduna,2026-07-19 06:54:00.146137,0,none
TXN-005904,CUST-00302,118420350,MERCH-0067,Benin City,2026-08-28 12:29:00.655239,1,amount_anomaly
TXN-007208,CUST-00165,77502568,MERCH-0019,Port Harcourt,2026-09-29 13:07:00.356265,1,amount_anomaly
TXN-004323,CUST-00075,2784601,MERCH-0002,Benin City,2026-09-16 13:12:00.490764,0,none
TXN-008930,CUST-00222,5052376,MERCH-0087,Port Harcourt,2026-10-01 09:45:00.947985,0,none
TXN-008272,CUST-00491,1939776,MERCH-0063,Abuja,2026-09-23 14:28:00.970418,0,none
TXN-006272,CUST-00311,2028919,MERCH-0058,Kaduna,2026-09-16 16:32:00.284237,0,none
TXN-005958,CUST-00448,4868912,MERCH-0034,Kaduna,2026-08-22 10:05:00.008193,0,none
TXN-BURST-TXN-008614-1,CUST-00091,3647244,MERCH-0087,Lagos,2026-09-30 13:33:00.730741,1,velocity_burst
TXN-BURST-TXN-005484-1,CUST-00485,1412932,MERCH-0029,Abuja,2026-07-27 18:24:00.402301,1,velocity_burst
TXN-004710,CUST-00371,4241360,MERCH-0042,Benin City,2026-08-05 13:05:00.399174,0,none
TXN-008747,CUST-00104,3133452,MERCH-0064,Ibadan,2026-07-12 06:17:00.571872,0,none
TXN-008456,CUST-00261,3072277,MERCH-0083,Enugu,2026-09-10 13:22:00.661409,0,none
TXN-006078,CUST-00408,2279984,MERCH-0095,Abuja,2026-08-02 11:11:00.521688,0,none
TXN-008207,CUST-00164,2283621,MERCH-0083,Enugu,2026-08-03 10:44:00.893102,0,none
TXN-003479,CUST-00433,5131584,MERCH-0046,Benin City,2026-09-17 18:36:00.392783,0,none
TXN-007671,CUST-00296,3897859,MERCH-0077,Kano,2026-09-02 10:21:00.506462,0,none
TXN-003925,CUST-00097,4285496,MERCH-0071,Kaduna,2026-09-27 11:51:00.949878,0,none
TXN-001749,CUST-00430,1346183,MERCH-0087,Lagos,2026-09-15 14:51:00.406083,0,none
TXN-000733,CUST-00075,3017403,MERCH-0031,Benin City,2026-07-15 11:05:00.580429,0,none
TXN-002554,CUST-00267,381744,MERCH-0054,Kano,2026-10-04 15:49:00.718217,0,none
TXN-005894,CUST-00467,3622520,MERCH-0014,Port Harcourt,2026-08-14 14:04:00.005876,1,geo_anomaly
TXN-005345,CUST-00053,1885830,MERCH-0079,Ibadan,2026-09-19 13:27:00.597719,0,none
TXN-002663,CUST-00440,3296675,MERCH-0001,Kaduna,2026-08-06 12:29:00.005651,0,none
TXN-005870,CUST-00399,1887698,MERCH-0006,Kano,2026-09-10 11:01:00.568969,0,none
TXN-006511,CUST-00005,3704514,MERCH-0006,Abuja,2026-07-25 11:17:00.400157,0,none
TXN-003114,CUST-00456,3196318,MERCH-0098,Kaduna,2026-08-02 14:35:00.783130,0,none
TXN-003304,CUST-00458,3647553,MERCH-0092,Kano,2026-08-30 17:35:00.825445,0,none
TXN-001345,CUST-00461,1671557,MERCH-0042,Kano,2026-08-26 09:58:00.646382,0,none
TXN-001691,CUST-00312,1001352,MERCH-0025,Lagos,2026-08-19 08:47:00.462781,0,none
TXN-005559,CUST-00469,1119420,MERCH-0100,Benin City,2026-09-02 16:37:00.517697,0,none
TXN-007021,CUST-00352,2437005,MERCH-0059,Kaduna,2026-09-27 17:42:00.824138,0,none
TXN-005049,CUST-00017,2170076,MERCH-0042,Ibadan,2026-07-12 10:11:00.146759,0,none
TXN-008629,CUST-00241,389004,MERCH-0097,Ibadan,2026-08-05 14:33:00.488486,0,none
TXN-003309,CUST-00197,1245737,MERCH-0023,Kaduna,2026-07-15 10:17:00.572960,0,none
TXN-001505,CUST-00011,2688663,MERCH-0064,Abuja,2026-08-22 20:09:00.985776,0,none
TXN-001807,CUST-00497,2340861,MERCH-0038,Kaduna,2026-08-10 14:42:00.507658,0,none
TXN-BURST-TXN-006940-2,CUST-00084,847116,MERCH-0100,Ibadan,2026-08-30 14:59:30.755365,1,velocity_burst
TXN-009966,CUST-00091,3948172,MERCH-0087,Lagos,2026-07-10 12:58:00.476682,0,none
TXN-003792,CUST-00246,1620010,MERCH-0027,Kano,2026-09-07 12:57:00.033640,0,none
TXN-005218,CUST-00393,1939729,MERCH-0022,Kaduna,2026-08-09 10:05:00.650982,0,none
TXN-009862,CUST-00066,1211390,MERCH-0084,Lagos,2026-09-09 14:22:00.889112,0,none
TXN-007898,CUST-00016,4553947,MERCH-0039,Port Harcourt,2026-07-15 11:25:00.743536,0,none
TXN-006374,CUST-00055,2536276,MERCH-0029,Enugu,2026-07-10 10:25:00.689742,0,none
TXN-006072,CUST-00028,4547564,MERCH-0008,Enugu,2026-08-29 17:04:00.813093,0,none
TXN-007829,CUST-00457,3785820,MERCH-0067,Lagos,2026-09-01 19:19:00.427577,0,none
TXN-001849,CUST-00358,1400555,MERCH-0090,Enugu,2026-08-16 16:23:00.480401,0,none
TXN-004513,CUST-00175,5449061,MERCH-0045,Kano,2026-07-23 07:53:00.132953,0,none
TXN-002432,CUST-00487,1667609,MERCH-0051,Kano,2026-09-09 08:32:00.629893,0,none
TXN-004661,CUST-00464,1431040,MERCH-0015,Benin City,2026-08-15 08:41:00.407704,0,none
TXN-007350,CUST-00336,2685783,MERCH-0051,Port Harcourt,2026-07-10 14:45:00.464916,0,none
TXN-006434,CUST-00119,2497677,MERCH-0019,Port Harcourt,2026-07-23 07:43:00.949485,0,none
TXN-009715,CUST-00062,3067774,MERCH-0056,Enugu,2026-09-05 17:01:00.747063,0,none
TXN-000143,CUST-00421,7722485,MERCH-0085,Ibadan,2026-07-22 11:49:00.338240,0,none
TXN-009077,CUST-00253,1764527,MERCH-0085,Kano,2026-07-15 09:46:00.850937,0,none
TXN-006607,CUST-00166,1335053,MERCH-0017,Kano,2026-09-26 08:08:00.245403,0,none
TXN-005291,CUST-00162,1334520,MERCH-0011,Kano,2026-08-10 18:26:00.792826,0,none
TXN-008835,CUST-00019,3012952,MERCH-0061,Abuja,2026-07-27 15:05:00.827748,0,none
TXN-003410,CUST-00273,602295,MERCH-0013,Port Harcourt,2026-09-09 18:56:00.161846,0,none
TXN-001118,CUST-00033,2288073,MERCH-0080,Kano,2026-07-13 17:11:00.254816,0,none
TXN-001757,CUST-00044,3117073,MERCH-0083,Ibadan,2026-07-12 18:46:00.099262,0,none
TXN-000498,CUST-00309,1096484,MERCH-0087,Kaduna,2026-09-03 17:57:00.635912,0,none
TXN-007310,CUST-00496,3419206,MERCH-0034,Lagos,2026-09-27 19:18:00.341007,0,none
TXN-000871,CUST-00104,4183649,MERCH-0064,Ibadan,2026-08-21 17:44:00.722305,0,none
TXN-003358,CUST-00187,1663198,MERCH-0035,Enugu,2026-08-01 15:21:00.784541,0,none
TXN-000913,CUST-00346,2376583,MERCH-0073,Abuja,2026-09-22 14:12:00.275197,0,none
TXN-000722,CUST-00086,1836144,MERCH-0021,Abuja,2026-08-05 20:13:00.081141,0,none
TXN-002806,CUST-00427,4619646,MERCH-0082,Abuja,2026-09-13 19:29:00.101563,0,none
TXN-BURST-TXN-008465-2,CUST-00311,1305500,MERCH-0037,Kaduna,2026-07-09 12:42:30.714195,1,velocity_burst
TXN-000887,CUST-00108,992967,MERCH-0056,Lagos,2026-09-08 17:10:00.639971,0,none
TXN-009940,CUST-00222,4392809,MERCH-0040,Port Harcourt,2026-08-02 11:39:00.049237,0,none
TXN-007110,CUST-00312,1976897,MERCH-0025,Lagos,2026-08-19 12:58:00.042439,0,none
TXN-007734,CUST-00449,3109946,MERCH-0056,Ibadan,2026-07-14 15:57:00.623560,0,none
TXN-001521,CUST-00339,670976,MERCH-0034,Abuja,2026-09-07 15:56:00.470831,0,none
TXN-009003,CUST-00365,2354808,MERCH-0088,Ibadan,2026-08-28 12:43:00.500254,0,none
TXN-002747,CUST-00183,3878229,MERCH-0094,Enugu,2026-08-18 11:34:00.783600,0,none
TXN-009156,CUST-00401,3610673,MERCH-0080,Enugu,2026-08-28 21:41:00.904445,0,none
TXN-006232,CUST-00020,2869293,MERCH-0026,Kano,2026-08-10 20:03:00.245142,0,none
TXN-000315,CUST-00018,4006805,MERCH-0011,Abuja,2026-09-03 18:57:00.489242,0,none
TXN-001800,CUST-00375,2094730,MERCH-0004,Kano,2026-08-21 14:11:00.213896,0,none
TXN-000328,CUST-00053,3087018,MERCH-0032,Ibadan,2026-07-28 08:04:00.071665,0,none
TXN-008814,CUST-00423,4666579,MERCH-0034,Ibadan,2026-07-26 13:51:00.128040,1,velocity_burst
TXN-004205,CUST-00304,705037,MERCH-0095,Abuja,2026-09-05 09:16:00.120103,0,none
TXN-003130,CUST-00218,2064033,MERCH-0019,Abuja,2026-07-18 11:43:00.224063,0,none
TXN-007404,CUST-00186,2663347,MERCH-0040,Lagos,2026-08-14 17:29:00.461426,0,none
TXN-007272,CUST-00387,2082359,MERCH-0038,Ibadan,2026-09-10 10:13:00.749044,0,none
TXN-003969,CUST-00235,1678695,MERCH-0095,Benin City,2026-08-22 12:46:00.700890,0,none
TXN-006195,CUST-00308,5075911,MERCH-0015,Kaduna,2026-09-27 13:53:00.332149,0,none
TXN-006387,CUST-00036,605425,MERCH-0096,Abuja,2026-09-06 14:51:00.252834,0,none
TXN-001974,CUST-00134,3356632,MERCH-0078,Benin City,2026-07-20 14:44:00.814197,0,none
TXN-000337,CUST-00156,893359,MERCH-0023,Ibadan,2026-09-26 12:34:00.180323,0,none
TXN-002765,CUST-00440,3489841,MERCH-0002,Kaduna,2026-08-28 20:16:00.337536,0,none
TXN-008984,CUST-00433,4166403,MERCH-0003,Benin City,2026-07-14 08:29:00.774673,0,none
TXN-000276,CUST-00096,5490935,MERCH-0097,Lagos,2026-09-10 18:00:00.824141,0,none
TXN-002986,CUST-00002,3835101,MERCH-0030,Abuja,2026-08-17 12:56:00.576991,0,none
TXN-006095,CUST-00067,1749847,MERCH-0028,Lagos,2026-07-11 07:21:00.138601,0,none
TXN-006312,CUST-00437,2832003,MERCH-0085,Kano,2026-07-14 08:16:00.887039,0,none
TXN-003478,CUST-00433,3201337,MERCH-0052,Benin City,2026-09-23 09:08:00.087507,0,none
TXN-007678,CUST-00101,1824395,MERCH-0065,Enugu,2026-10-02 16:23:00.098948,0,none
TXN-003559,CUST-00065,3640477,MERCH-0061,Ibadan,2026-09-15 11:36:00.409883,0,none
TXN-002810,CUST-00179,5346890,MERCH-0016,Kano,2026-08-18 12:28:00.161149,0,none
TXN-009442,CUST-00008,5226802,MERCH-0086,Port Harcourt,2026-09-12 13:33:00.003906,0,none
TXN-004862,CUST-00395,2473320,MERCH-0057,Enugu,2026-09-27 17:39:00.591005,0,none
TXN-007109,CUST-00198,1228542,MERCH-0071,Kaduna,2026-07-12 17:18:00.546280,0,none
TXN-005247,CUST-00033,2152330,MERCH-0080,Kano,2026-07-16 13:00:00.138700,0,none
TXN-003417,CUST-00264,2796190,MERCH-0049,Kaduna,2026-09-07 19:03:00.275909,0,none
TXN-000308,CUST-00411,1980871,MERCH-0051,Ibadan,2026-07-20 12:41:00.628963,0,none
TXN-003909,CUST-00206,2931593,MERCH-0083,Kano,2026-09-14 14:49:00.233626,0,none
TXN-007610,CUST-00158,3363093,MERCH-0061,Benin City,2026-08-03 15:15:00.174470,0,none
TXN-000349,CUST-00377,850746,MERCH-0079,Ibadan,2026-08-21 19:02:00.836531,0,none
TXN-000827,CUST-00418,835742,MERCH-0084,Kaduna,2026-09-01 11:31:00.054314,0,none
TXN-005297,CUST-00111,1870908,MERCH-0019,Kano,2026-07-23 09:04:00.799237,0,none
TXN-009843,CUST-00256,3665059,MERCH-0039,Kano,2026-07-18 13:36:00.519476,0,none
TXN-004483,CUST-00126,3905554,MERCH-0085,Benin City,2026-07-26 11:38:00.573393,0,none
TXN-BURST-TXN-003514-0,CUST-00031,1726968,MERCH-0077,Kano,2026-09-25 14:34:30.244827,1,velocity_burst
TXN-003683,CUST-00068,2630137,MERCH-0015,Port Harcourt,2026-09-03 20:12:00.230433,0,none
TXN-006341,CUST-00425,2374080,MERCH-0018,Enugu,2026-07-10 12:19:00.791836,0,none
TXN-008689,CUST-00063,1652756,MERCH-0076,Enugu,2026-08-04 18:48:00.105256,0,none
TXN-002054,CUST-00082,1773259,MERCH-0062,Lagos,2026-07-23 10:36:00.205681,0,none
TXN-000072,CUST-00128,2990824,MERCH-0001,Ibadan,2026-08-17 15:47:00.279237,0,none
TXN-007274,CUST-00296,2563621,MERCH-0062,Kano,2026-07-14 09:31:00.163395,0,none
TXN-008954,CUST-00292,4595097,MERCH-0084,Enugu,2026-08-18 20:30:00.181635,0,none
TXN-006780,CUST-00173,4431523,MERCH-0078,Port Harcourt,2026-08-29 16:33:00.349501,0,none
TXN-008471,CUST-00363,5331974,MERCH-0004,Enugu,2026-09-28 23:48:00.261720,1,off_hours
TXN-005357,CUST-00240,6683643,MERCH-0024,Enugu,2026-08-25 16:02:00.630319,0,none
TXN-001667,CUST-00077,3246743,MERCH-0096,Ibadan,2026-07-14 13:51:00.932080,0,none
TXN-008763,CUST-00211,1541244,MERCH-0019,Kaduna,2026-07-17 08:16:00.794267,0,none
TXN-006988,CUST-00142,827206,MERCH-0040,Port Harcourt,2026-08-06 19:38:00.812014,0,none
TXN-005800,CUST-00216,4881221,MERCH-0007,Benin City,2026-09-23 09:38:00.120958,0,none
TXN-001446,CUST-00049,3624812,MERCH-0049,Port Harcourt,2026-08-15 19:19:00.309571,0,none
TXN-005650,CUST-00354,2788156,MERCH-0001,Kaduna,2026-09-09 16:33:00.703244,0,none
TXN-006067,CUST-00019,3255834,MERCH-0085,Abuja,2026-08-16 06:24:00.255491,0,none
TXN-001696,CUST-00004,2846005,MERCH-0044,Kano,2026-08-01 18:41:00.552371,0,none
TXN-002893,CUST-00283,2188089,MERCH-0056,Kaduna,2026-08-09 14:13:00.460853,0,none
TXN-BURST-TXN-009828-2,CUST-00256,4206991,MERCH-0099,Kano,2026-08-26 10:07:30.048096,1,velocity_burst
TXN-001575,CUST-00050,2482671,MERCH-0027,Kano,2026-08-28 16:20:00.791568,0,none
TXN-003204,CUST-00267,885592,MERCH-0075,Kano,2026-09-19 10:48:00.027786,0,none
TXN-004406,CUST-00358,2222757,MERCH-0042,Enugu,2026-08-02 10:47:00.618986,0,none
TXN-001631,CUST-00233,996322,MERCH-0092,Ibadan,2026-09-08 14:17:00.871864,0,none
TXN-008053,CUST-00129,1912530,MERCH-0003,Kano,2026-09-09 12:23:00.924428,0,none
TXN-001882,CUST-00218,1921434,MERCH-0019,Abuja,2026-09-26 18:34:00.155986,0,none
TXN-005113,CUST-00119,3230445,MERCH-0097,Port Harcourt,2026-10-04 19:53:00.257448,0,none
TXN-005075,CUST-00473,4751195,MERCH-0041,Port Harcourt,2026-07-26 20:14:00.689889,0,none
TXN-009141,CUST-00060,995661,MERCH-0070,Ibadan,2026-08-30 15:49:00.025436,0,none
TXN-006030,CUST-00213,4353925,MERCH-0064,Kano,2026-09-17 21:30:00.353660,0,none
TXN-000849,CUST-00056,1224472,MERCH-0068,Kano,2026-09-16 09:52:00.505827,0,none
TXN-006548,CUST-00264,2356080,MERCH-0071,Kaduna,2026-08-22 14:29:00.883773,0,none
TXN-009587,CUST-00361,5854829,MERCH-0039,Ibadan,2026-09-07 14:55:00.380922,0,none
TXN-006480,CUST-00494,4472794,MERCH-0083,Kaduna,2026-09-09 08:13:00.006072,1,velocity_burst
TXN-002878,CUST-00404,867528,MERCH-0052,Kaduna,2026-09-16 18:38:00.446723,0,none
TXN-000187,CUST-00297,4724801,MERCH-0011,Enugu,2026-08-23 14:20:00.269070,0,none
TXN-003780,CUST-00203,776782,MERCH-0020,Kano,2026-08-20 18:37:00.574245,0,none
TXN-001831,CUST-00315,4683279,MERCH-0070,Kaduna,2026-09-05 16:57:00.953540,0,none
TXN-002960,CUST-00426,2975266,MERCH-0024,Benin City,2026-07-10 14:47:00.128695,0,none
TXN-009575,CUST-00406,863856,MERCH-0063,Benin City,2026-07-10 09:25:00.353879,0,none
TXN-006890,CUST-00278,4390521,MERCH-0070,Ibadan,2026-07-19 11:35:00.663785,0,none
TXN-005447,CUST-00474,3274235,MERCH-0070,Kano,2026-07-29 19:27:00.569831,0,none
TXN-001235,CUST-00021,2086110,MERCH-0032,Port Harcourt,2026-07-16 10:17:00.842621,0,none
TXN-006441,CUST-00126,2756101,MERCH-0059,Benin City,2026-09-24 16:46:00.891684,0,none
TXN-003916,CUST-00249,4904725,MERCH-0037,Lagos,2026-08-12 17:49:00.707104,0,none
TXN-000447,CUST-00317,3525532,MERCH-0045,Ibadan,2026-09-21 16:03:00.064178,0,none
TXN-000845,CUST-00354,1915250,MERCH-0053,Kaduna,2026-09-16 13:10:00.508946,0,none
TXN-009894,CUST-00186,3379441,MERCH-0066,Lagos,2026-09-02 18:56:00.119737,0,none
TXN-006228,CUST-00305,3855307,MERCH-0024,Enugu,2026-07-11 19:10:00.396301,0,none
TXN-009690,CUST-00003,2483834,MERCH-0001,Lagos,2026-07-27 16:20:00.672996,0,none
TXN-002441,CUST-00262,526715,MERCH-0098,Ibadan,2026-08-02 13:12:00.117337,0,none
TXN-003104,CUST-00215,3421810,MERCH-0018,Kaduna,2026-07-18 18:06:00.088263,0,none
TXN-009038,CUST-00006,1521660,MERCH-0081,Abuja,2026-08-07 17:46:00.417808,0,none
TXN-007329,CUST-00308,1987708,MERCH-0045,Kaduna,2026-08-14 08:44:00.423899,0,none
TXN-006099,CUST-00287,1328135,MERCH-0042,Enugu,2026-09-24 18:53:00.614448,0,none
TXN-001295,CUST-00426,4194398,MERCH-0092,Benin City,2026-07-16 17:47:00.055891,0,none
TXN-009177,CUST-00187,4929961,MERCH-0035,Enugu,2026-09-29 09:29:00.821568,0,none
TXN-009344,CUST-00018,2500434,MERCH-0073,Abuja,2026-09-23 18:52:00.208463,0,none
TXN-005068,CUST-00190,2380825,MERCH-0055,Abuja,2026-09-04 17:54:00.218437,0,none
TXN-003443,CUST-00094,2871804,MERCH-0098,Abuja,2026-08-18 13:47:00.846846,0,none
TXN-008753,CUST-00352,2864106,MERCH-0071,Kaduna,2026-07-25 14:34:00.693575,0,none
TXN-007839,CUST-00069,2793330,MERCH-0076,Lagos,2026-09-19 18:36:00.276037,0,none
TXN-008642,CUST-00342,4321274,MERCH-0094,Benin City,2026-08-28 10:19:00.231967,0,none
TXN-006585,CUST-00007,899174,MERCH-0049,Abuja,2026-09-14 16:38:00.672852,0,none
TXN-000777,CUST-00230,4902884,MERCH-0006,Enugu,2026-07-23 17:42:00.659698,0,none
TXN-BURST-TXN-001524-2,CUST-00042,977494,MERCH-0032,Enugu,2026-09-25 10:03:30.703835,1,velocity_burst
TXN-002154,CUST-00007,701589,MERCH-0030,Abuja,2026-09-11 18:51:00.829429,0,none
TXN-004921,CUST-00312,3624300,MERCH-0050,Lagos,2026-09-19 18:52:00.118285,0,none
TXN-005793,CUST-00077,3106158,MERCH-0045,Ibadan,2026-08-16 00:15:00.572475,1,off_hours
TXN-009834,CUST-00487,1227047,MERCH-0077,Kano,2026-07-30 12:17:00.311131,0,none
TXN-005971,CUST-00228,3337248,MERCH-0029,Port Harcourt,2026-07-23 16:57:00.080366,0,none
TXN-009438,CUST-00059,1641955,MERCH-0089,Benin City,2026-08-08 11:43:00.566882,0,none
TXN-008734,CUST-00051,2470071,MERCH-0061,Enugu,2026-09-22 12:25:00.820041,0,none
TXN-007441,CUST-00124,3865729,MERCH-0084,Kaduna,2026-08-16 15:56:00.938735,0,none
TXN-003184,CUST-00418,1004060,MERCH-0039,Kaduna,2026-09-17 09:29:00.331416,0,none
TXN-007815,CUST-00216,4003340,MERCH-0007,Benin City,2026-07-19 15:40:00.425817,0,none
TXN-003200,CUST-00128,3264656,MERCH-0001,Ibadan,2026-09-02 16:47:00.008574,0,none
TXN-007574,CUST-00194,1361091,MERCH-0068,Kaduna,2026-08-25 20:35:00.410560,0,none
TXN-001290,CUST-00361,3905613,MERCH-0012,Ibadan,2026-09-20 14:46:00.878122,0,none
TXN-004582,CUST-00189,1319754,MERCH-0070,Kano,2026-07-27 18:33:00.961216,1,geo_anomaly
TXN-006736,CUST-00210,2479352,MERCH-0031,Benin City,2026-09-06 15:08:00.224938,0,none
TXN-009260,CUST-00273,597339,MERCH-0014,Port Harcourt,2026-09-25 15:11:00.105219,0,none
TXN-007708,CUST-00483,1629264,MERCH-0009,Enugu,2026-09-03 21:53:00.537352,0,none
TXN-007314,CUST-00218,1761124,MERCH-0047,Abuja,2026-07-28 18:51:00.428162,0,none
TXN-004107,CUST-00447,2584778,MERCH-0094,Kaduna,2026-08-08 14:02:00.259088,0,none
TXN-004127,CUST-00184,3969312,MERCH-0044,Abuja,2026-09-24 10:25:00.555717,0,none
TXN-008512,CUST-00310,3206764,MERCH-0050,Abuja,2026-08-06 16:22:00.445420,0,none
TXN-003967,CUST-00489,980597,MERCH-0060,Port Harcourt,2026-08-29 07:26:00.982362,0,none
TXN-001880,CUST-00163,2709403,MERCH-0050,Lagos,2026-07-15 11:25:00.631400,0,none
TXN-BURST-TXN-003652-1,CUST-00138,1750490,MERCH-0016,Benin City,2026-09-22 15:51:00.408416,1,velocity_burst
TXN-009634,CUST-00251,1499044,MERCH-0068,Benin City,2026-08-01 12:25:00.045415,0,none
TXN-005458,CUST-00273,701365,MERCH-0014,Port Harcourt,2026-07-17 15:01:00.663383,0,none
TXN-005564,CUST-00232,933690,MERCH-0007,Port Harcourt,2026-07-09 11:32:00.746277,0,none
TXN-003588,CUST-00465,5511164,MERCH-0049,Kaduna,2026-10-02 11:33:00.059796,0,none
TXN-007943,CUST-00077,1825409,MERCH-0071,Ibadan,2026-08-05 19:03:00.444733,0,none
TXN-003866,CUST-00128,2940358,MERCH-0001,Ibadan,2026-08-13 15:29:00.398231,0,none
TXN-002149,CUST-00444,73353680,MERCH-0035,Kano,2026-07-26 16:06:00.581577,1,amount_anomaly
TXN-004132,CUST-00066,429288,MERCH-0032,Lagos,2026-09-02 10:22:00.441388,0,none
TXN-001037,CUST-00192,5105256,MERCH-0005,Benin City,2026-07-29 09:32:00.661858,0,none
TXN-000637,CUST-00185,5502188,MERCH-0100,Kaduna,2026-08-19 16:53:00.817168,0,none
TXN-007638,CUST-00026,1679976,MERCH-0071,Kaduna,2026-07-08 13:32:00.025064,0,none
TXN-004135,CUST-00044,1496331,MERCH-0009,Ibadan,2026-08-23 13:29:00.482845,0,none
TXN-005771,CUST-00133,637996,MERCH-0036,Kaduna,2026-10-05 17:47:00.736353,0,none
TXN-001084,CUST-00437,1941988,MERCH-0035,Kano,2026-08-22 11:09:00.346166,0,none
TXN-000862,CUST-00294,3352015,MERCH-0015,Ibadan,2026-09-20 19:32:00.183962,0,none
TXN-005213,CUST-00328,2360550,MERCH-0028,Enugu,2026-07-15 11:29:00.804344,0,none
TXN-000904,CUST-00044,1914403,MERCH-0009,Ibadan,2026-09-27 13:33:00.358614,0,none
TXN-000192,CUST-00293,4195671,MERCH-0063,Ibadan,2026-08-15 18:33:00.742969,0,none
TXN-000110,CUST-00320,939967,MERCH-0017,Abuja,2026-08-17 16:02:00.392399,0,none
TXN-004456,CUST-00054,6478223,MERCH-0050,Abuja,2026-08-28 12:42:00.746020,0,none
TXN-001943,CUST-00462,2197940,MERCH-0053,Ibadan,2026-08-12 19:06:00.734156,0,none
TXN-005715,CUST-00194,3008685,MERCH-0068,Kaduna,2026-07-18 11:17:00.164076,0,none
TXN-004332,CUST-00037,2656532,MERCH-0063,Port Harcourt,2026-08-02 17:46:00.627657,0,none
TXN-009173,CUST-00080,1532107,MERCH-0047,Port Harcourt,2026-08-28 09:28:00.142798,0,none
TXN-008850,CUST-00128,2494442,MERCH-0001,Ibadan,2026-08-27 19:09:00.723981,0,none
TXN-002041,CUST-00448,5274920,MERCH-0009,Kaduna,2026-10-03 08:28:00.571336,0,none
TXN-007900,CUST-00064,45873212,MERCH-0042,Enugu,2026-08-09 15:49:00.414151,1,amount_anomaly
TXN-008348,CUST-00338,947354,MERCH-0023,Benin City,2026-07-31 20:27:00.539221,0,none
TXN-004879,CUST-00194,3626077,MERCH-0068,Kaduna,2026-08-03 08:36:00.827274,0,none
TXN-004660,CUST-00483,3579161,MERCH-0069,Enugu,2026-07-21 14:35:00.710968,0,none
TXN-007471,CUST-00392,2102665,MERCH-0012,Kaduna,2026-08-25 12:15:00.626938,0,none
TXN-002776,CUST-00459,808752,MERCH-0085,Benin City,2026-09-11 09:19:00.027011,0,none
TXN-004146,CUST-00407,1804120,MERCH-0094,Ibadan,2026-08-19 10:18:00.294632,0,none
TXN-002324,CUST-00466,386676,MERCH-0019,Lagos,2026-09-17 08:48:00.211054,0,none
TXN-000763,CUST-00259,6515491,MERCH-0039,Enugu,2026-07-29 19:32:00.606143,0,none
TXN-002618,CUST-00281,808978,MERCH-0056,Kano,2026-08-02 16:57:00.573237,0,none
TXN-002412,CUST-00398,2631871,MERCH-0005,Ibadan,2026-09-13 15:40:00.111138,0,none
TXN-001095,CUST-00468,5773801,MERCH-0054,Ibadan,2026-07-24 17:27:00.231155,0,none
TXN-009677,CUST-00124,2862921,MERCH-0020,Kaduna,2026-08-10 23:39:00.491017,1,off_hours
TXN-007599,CUST-00104,98645775,MERCH-0084,Ibadan,2026-08-09 12:44:00.737491,1,amount_anomaly
TXN-007387,CUST-00031,1238279,MERCH-0073,Kano,2026-10-01 12:01:00.155528,0,none
TXN-003136,CUST-00264,3188452,MERCH-0049,Kaduna,2026-07-29 12:58:00.377092,0,none
TXN-006136,CUST-00302,2815303,MERCH-0062,Benin City,2026-07-31 12:17:00.175547,0,none
TXN-005041,CUST-00448,3579459,MERCH-0034,Kaduna,2026-07-24 06:43:00.481030,0,none
TXN-005429,CUST-00125,2955415,MERCH-0057,Enugu,2026-08-16 14:50:00.974214,0,none
TXN-003806,CUST-00168,2134801,MERCH-0038,Ibadan,2026-07-23 15:14:00.233450,0,none
TXN-000885,CUST-00052,4169277,MERCH-0087,Abuja,2026-07-24 20:50:00.711280,0,none
TXN-002655,CUST-00019,3708372,MERCH-0017,Abuja,2026-10-02 10:59:00.636584,1,velocity_burst
TXN-005740,CUST-00408,2147435,MERCH-0008,Abuja,2026-07-25 16:06:00.775899,0,none
TXN-007560,CUST-00359,3103574,MERCH-0026,Benin City,2026-07-16 08:36:00.197458,0,none
TXN-000465,CUST-00155,1288344,MERCH-0094,Kano,2026-08-26 17:14:00.978793,0,none
TXN-007278,CUST-00132,4746182,MERCH-0063,Port Harcourt,2026-07-18 07:37:00.255873,0,none
TXN-008206,CUST-00396,1651232,MERCH-0090,Kaduna,2026-07-27 14:40:00.917349,0,none
TXN-006130,CUST-00403,2921777,MERCH-0034,Abuja,2026-07-19 10:28:00.271556,0,none
TXN-BURST-TXN-004301-2,CUST-00062,3928864,MERCH-0044,Enugu,2026-09-11 17:44:30.376650,1,velocity_burst
TXN-005193,CUST-00177,582274,MERCH-0061,Benin City,2026-08-15 17:14:00.175351,0,none
TXN-BURST-TXN-000888-2,CUST-00482,1319085,MERCH-0052,Port Harcourt,2026-08-07 19:57:30.449950,1,velocity_burst
TXN-005301,CUST-00253,457365,MERCH-0079,Kano,2026-08-06 18:42:00.659389,0,none
TXN-002203,CUST-00459,916542,MERCH-0016,Benin City,2026-07-21 10:43:00.807748,0,none
TXN-006587,CUST-00350,2497929,MERCH-0041,Enugu,2026-08-07 09:48:00.404468,0,none
TXN-006873,CUST-00144,2690053,MERCH-0042,Enugu,2026-07-24 15:43:00.246045,0,none
TXN-001263,CUST-00064,1785357,MERCH-0042,Enugu,2026-09-21 13:06:00.758054,0,none
TXN-007920,CUST-00309,1597993,MERCH-0087,Kaduna,2026-07-17 08:30:00.527761,0,none
TXN-000976,CUST-00206,3802224,MERCH-0083,Kano,2026-09-21 15:00:00.320804,0,none
TXN-BURST-TXN-003581-0,CUST-00344,1596379,MERCH-0002,Kano,2026-09-11 17:09:30.318883,1,velocity_burst
TXN-004926,CUST-00093,2236054,MERCH-0012,Port Harcourt,2026-09-29 20:50:00.802791,0,none
TXN-000942,CUST-00205,2913425,MERCH-0076,Port Harcourt,2026-09-25 23:15:00.883928,1,off_hours
TXN-005264,CUST-00198,1313322,MERCH-0091,Kaduna,2026-10-02 18:27:00.370212,0,none
TXN-004724,CUST-00199,2154948,MERCH-0018,Kano,2026-08-31 12:55:00.643953,0,none
TXN-002388,CUST-00412,4395620,MERCH-0045,Kaduna,2026-09-08 13:31:00.388053,0,none
TXN-BURST-TXN-001779-2,CUST-00363,2982950,MERCH-0023,Enugu,2026-07-12 20:07:30.335490,1,velocity_burst
TXN-005022,CUST-00059,1816037,MERCH-0020,Benin City,2026-07-08 18:50:00.826687,0,none
TXN-004392,CUST-00407,1735303,MERCH-0083,Ibadan,2026-09-28 08:06:00.049756,0,none
TXN-005149,CUST-00417,504663,MERCH-0078,Abuja,2026-07-20 12:48:00.018312,0,none
TXN-003222,CUST-00067,1651153,MERCH-0015,Lagos,2026-07-29 11:33:00.084572,0,none
TXN-003883,CUST-00291,2520929,MERCH-0043,Kaduna,2026-08-06 14:34:00.712701,0,none
TXN-009779,CUST-00328,4130060,MERCH-0012,Enugu,2026-07-23 20:44:00.826111,0,none
TXN-007245,CUST-00231,2758051,MERCH-0072,Kaduna,2026-09-12 17:13:00.692999,0,none
TXN-006383,CUST-00203,2649970,MERCH-0016,Kano,2026-08-05 09:17:00.522069,0,none
TXN-002790,CUST-00211,1187946,MERCH-0007,Kaduna,2026-08-15 12:15:00.029639,0,none
TXN-000945,CUST-00432,1786698,MERCH-0077,Port Harcourt,2026-07-09 18:54:00.749946,0,none
TXN-009231,CUST-00397,5870322,MERCH-0069,Benin City,2026-07-12 17:34:00.105556,0,none
TXN-001858,CUST-00289,3526672,MERCH-0019,Kano,2026-07-07 17:37:00.059683,0,none
TXN-008983,CUST-00391,1586016,MERCH-0051,Port Harcourt,2026-08-03 10:50:00.857899,0,none
TXN-004109,CUST-00097,3436581,MERCH-0017,Kaduna,2026-08-15 13:13:00.687880,0,none
TXN-005214,CUST-00397,3191132,MERCH-0061,Benin City,2026-09-29 17:55:00.580108,0,none
TXN-008820,CUST-00048,3815582,MERCH-0041,Ibadan,2026-08-02 11:50:00.200998,0,none
TXN-003256,CUST-00137,1540551,MERCH-0013,Kaduna,2026-07-25 12:27:00.931658,0,none
TXN-002691,CUST-00473,4914978,MERCH-0068,Port Harcourt,2026-10-01 17:06:00.830352,0,none
TXN-007927,CUST-00215,3038333,MERCH-0056,Kaduna,2026-08-12 15:07:00.993311,0,none
TXN-007334,CUST-00024,1292947,MERCH-0084,Abuja,2026-08-23 11:26:00.172768,0,none
TXN-001320,CUST-00196,4808830,MERCH-0100,Kaduna,2026-10-02 18:55:00.699626,0,none
TXN-008267,CUST-00290,3903239,MERCH-0033,Kano,2026-08-25 08:36:00.907047,0,none
TXN-BURST-TXN-006270-1,CUST-00068,3361351,MERCH-0096,Port Harcourt,2026-09-05 07:30:00.171260,1,velocity_burst
TXN-005163,CUST-00005,2072786,MERCH-0078,Abuja,2026-09-15 10:54:00.998667,0,none
TXN-006292,CUST-00239,737688,MERCH-0079,Kano,2026-08-26 11:46:00.649873,0,none
TXN-009814,CUST-00075,2247323,MERCH-0011,Benin City,2026-07-29 13:40:00.564973,0,none
TXN-006427,CUST-00065,2307871,MERCH-0036,Ibadan,2026-09-26 13:01:00.816576,0,none
TXN-009525,CUST-00317,2739318,MERCH-0100,Ibadan,2026-08-06 16:29:00.935823,0,none
TXN-003476,CUST-00349,5319722,MERCH-0092,Kaduna,2026-09-01 14:31:00.128207,0,none
TXN-003506,CUST-00073,674787,MERCH-0058,Enugu,2026-09-24 11:51:00.141525,0,none
TXN-004750,CUST-00170,5882808,MERCH-0022,Kano,2026-09-26 13:10:00.109522,0,none
TXN-002478,CUST-00298,3583571,MERCH-0097,Abuja,2026-07-19 13:29:00.749312,0,none
TXN-006222,CUST-00034,854180,MERCH-0032,Abuja,2026-09-17 14:08:00.633857,0,none
TXN-009199,CUST-00107,997358,MERCH-0098,Abuja,2026-10-04 15:04:00.804620,0,none
TXN-007915,CUST-00418,1025529,MERCH-0092,Kaduna,2026-09-10 08:17:00.469399,0,none
TXN-009681,CUST-00441,2389021,MERCH-0093,Abuja,2026-09-27 13:54:00.303702,0,none
TXN-007034,CUST-00085,2664072,MERCH-0073,Kaduna,2026-08-29 19:32:00.170156,0,none
TXN-BURST-TXN-005604-2,CUST-00133,1243785,MERCH-0017,Kaduna,2026-07-31 12:39:30.496231,1,velocity_burst
TXN-BURST-TXN-009046-0,CUST-00416,4351860,MERCH-0075,Benin City,2026-08-13 16:27:30.500243,1,velocity_burst
TXN-001875,CUST-00095,3193400,MERCH-0099,Abuja,2026-10-04 19:15:00.058844,0,none
TXN-008823,CUST-00120,3508830,MERCH-0034,Enugu,2026-07-21 09:44:00.825771,0,none
TXN-005697,CUST-00458,4479654,MERCH-0059,Kano,2026-09-29 14:27:00.303991,0,none
TXN-008076,CUST-00064,1487781,MERCH-0049,Enugu,2026-09-04 19:04:00.566649,0,none
TXN-005097,CUST-00068,6567275,MERCH-0100,Port Harcourt,2026-10-04 13:37:00.214618,0,none
TXN-002905,CUST-00082,4650637,MERCH-0015,Lagos,2026-07-19 11:23:00.236905,0,none
TXN-000571,CUST-00132,3972860,MERCH-0055,Port Harcourt,2026-07-24 07:09:00.418652,0,none
TXN-001449,CUST-00202,3169647,MERCH-0082,Abuja,2026-07-14 22:41:00.962628,0,none
TXN-006433,CUST-00383,1019920,MERCH-0010,Ibadan,2026-08-29 10:54:00.197262,0,none
TXN-006743,CUST-00414,2963069,MERCH-0017,Ibadan,2026-08-06 15:04:00.210733,0,none
TXN-008507,CUST-00169,2447573,MERCH-0099,Abuja,2026-08-30 20:21:00.732517,0,none
TXN-007364,CUST-00016,1977684,MERCH-0039,Port Harcourt,2026-08-13 15:02:00.952319,0,none
TXN-007050,CUST-00179,4318699,MERCH-0016,Kano,2026-08-22 13:26:00.823694,0,none
TXN-003227,CUST-00186,3720444,MERCH-0066,Lagos,2026-09-29 16:58:00.366077,0,none
TXN-BURST-TXN-002655-0,CUST-00019,3708372,MERCH-0017,Abuja,2026-10-02 10:59:30.636584,1,velocity_burst
TXN-003979,CUST-00450,2347992,MERCH-0064,Benin City,2026-08-02 08:21:00.505271,0,none
TXN-004384,CUST-00426,3701870,MERCH-0024,Benin City,2026-08-31 20:56:00.443804,0,none
TXN-008225,CUST-00185,6152718,MERCH-0092,Kaduna,2026-08-26 08:14:00.930623,0,none
TXN-003540,CUST-00145,1159467,MERCH-0007,Abuja,2026-08-15 14:06:00.273953,0,none
TXN-006132,CUST-00215,3712482,MERCH-0056,Kaduna,2026-09-25 12:42:00.947037,0,none
TXN-008444,CUST-00066,1252393,MERCH-0009,Lagos,2026-08-17 08:51:00.075774,0,none
TXN-002828,CUST-00253,2194565,MERCH-0085,Kano,2026-08-05 13:35:00.386286,0,none
TXN-007821,CUST-00212,2216289,MERCH-0098,Enugu,2026-09-03 15:34:00.026968,0,none
TXN-004997,CUST-00435,3956043,MERCH-0003,Lagos,2026-08-18 11:17:00.546449,0,none
TXN-001339,CUST-00135,3830780,MERCH-0053,Abuja,2026-07-21 18:41:00.391086,0,none
TXN-003263,CUST-00313,3677908,MERCH-0073,Kaduna,2026-07-16 19:53:00.628912,0,none
TXN-006898,CUST-00295,964247,MERCH-0053,Kano,2026-09-12 16:25:00.353912,0,none
TXN-006479,CUST-00350,2607629,MERCH-0048,Enugu,2026-07-08 11:25:00.776238,0,none
TXN-000651,CUST-00063,1290117,MERCH-0069,Enugu,2026-09-19 14:09:00.910339,0,none
TXN-002903,CUST-00034,1327546,MERCH-0048,Abuja,2026-09-21 14:46:00.626649,0,none
TXN-002259,CUST-00473,3022368,MERCH-0041,Port Harcourt,2026-07-19 13:56:00.821655,0,none
TXN-005396,CUST-00204,2702600,MERCH-0067,Port Harcourt,2026-07-10 13:00:00.919239,0,none
TXN-009333,CUST-00150,2871478,MERCH-0051,Ibadan,2026-08-20 14:58:00.735605,0,none
TXN-003522,CUST-00187,5379800,MERCH-0043,Enugu,2026-09-14 10:13:00.098719,0,none
TXN-002731,CUST-00025,1534971,MERCH-0025,Abuja,2026-08-23 17:52:00.134789,0,none
TXN-006005,CUST-00348,3791984,MERCH-0002,Abuja,2026-09-03 17:47:00.210482,0,none
TXN-004479,CUST-00055,1849679,MERCH-0029,Enugu,2026-09-07 17:25:00.977530,0,none
TXN-005661,CUST-00175,3250339,MERCH-0004,Kano,2026-07-19 16:38:00.061765,0,none
TXN-001597,CUST-00039,2109919,MERCH-0015,Kano,2026-09-16 21:39:00.221950,0,none
TXN-009153,CUST-00288,3097357,MERCH-0093,Lagos,2026-08-23 03:19:00.027773,1,off_hours
TXN-002585,CUST-00124,3796198,MERCH-0084,Kaduna,2026-07-28 14:59:00.513340,0,none
TXN-005876,CUST-00024,1481269,MERCH-0084,Abuja,2026-08-09 19:29:00.842825,0,none
TXN-003197,CUST-00196,4216552,MERCH-0034,Kaduna,2026-07-16 09:07:00.803014,0,none
TXN-008402,CUST-00093,2622694,MERCH-0063,Port Harcourt,2026-07-21 20:38:00.622582,0,none
TXN-005328,CUST-00056,3012526,MERCH-0059,Kano,2026-08-09 13:25:00.304679,0,none
TXN-008241,CUST-00133,916140,MERCH-0017,Kaduna,2026-08-14 12:59:00.785906,0,none
TXN-006227,CUST-00245,5086933,MERCH-0071,Abuja,2026-09-17 12:55:00.543011,0,none
TXN-001259,CUST-00419,734142,MERCH-0093,Ibadan,2026-07-31 12:30:00.096728,0,none
TXN-008644,CUST-00052,2185733,MERCH-0087,Abuja,2026-08-11 22:32:00.315135,0,none
TXN-000992,CUST-00450,4026865,MERCH-0083,Benin City,2026-07-19 11:17:00.089500,0,none
TXN-003505,CUST-00429,3564054,MERCH-0048,Enugu,2026-08-30 17:59:00.060688,0,none
TXN-000114,CUST-00176,3512355,MERCH-0029,Benin City,2026-07-14 13:28:00.207000,0,none
TXN-000920,CUST-00120,4029476,MERCH-0016,Enugu,2026-08-26 20:46:00.301476,0,none
TXN-002510,CUST-00020,1364230,MERCH-0094,Kano,2026-09-07 22:57:00.392311,0,none
TXN-009742,CUST-00324,3565897,MERCH-0042,Enugu,2026-08-12 10:42:00.087547,0,none
TXN-000166,CUST-00166,816836,MERCH-0086,Kano,2026-09-21 08:11:00.441187,0,none
TXN-005690,CUST-00451,911616,MERCH-0036,Abuja,2026-09-15 09:26:00.046862,1,geo_anomaly
TXN-009383,CUST-00252,3117429,MERCH-0030,Lagos,2026-07-13 11:58:00.359527,0,none
TXN-004604,CUST-00410,1224378,MERCH-0007,Ibadan,2026-08-07 12:25:00.368243,0,none
TXN-000950,CUST-00322,5017827,MERCH-0048,Enugu,2026-10-01 10:42:00.370492,0,none
TXN-004595,CUST-00025,1112821,MERCH-0069,Abuja,2026-08-08 09:33:00.231548,0,none
TXN-006178,CUST-00496,3022248,MERCH-0034,Lagos,2026-07-15 18:31:00.897005,0,none
TXN-003771,CUST-00356,3556201,MERCH-0036,Enugu,2026-08-10 08:23:00.617589,0,none
TXN-002507,CUST-00131,3930897,MERCH-0006,Benin City,2026-09-12 18:49:00.798874,0,none
TXN-005108,CUST-00350,2629875,MERCH-0074,Enugu,2026-08-26 11:13:00.411212,0,none
TXN-002851,CUST-00427,5859064,MERCH-0082,Abuja,2026-07-28 10:23:00.071756,0,none
TXN-007007,CUST-00357,704735,MERCH-0008,Kaduna,2026-08-12 18:14:00.335872,0,none
TXN-005795,CUST-00176,4054889,MERCH-0004,Benin City,2026-09-18 15:27:00.473746,0,none
TXN-008050,CUST-00460,4892156,MERCH-0075,Kano,2026-09-30 13:52:00.260189,0,none
TXN-004447,CUST-00487,1473062,MERCH-0040,Kano,2026-09-10 14:40:00.375479,0,none
TXN-004461,CUST-00280,1200118,MERCH-0043,Enugu,2026-08-17 18:20:00.869527,0,none
TXN-007347,CUST-00304,861979,MERCH-0043,Abuja,2026-07-23 11:33:00.867792,0,none
TXN-002506,CUST-00256,4991532,MERCH-0042,Kano,2026-07-29 13:01:00.374635,0,none
TXN-001115,CUST-00301,458389,MERCH-0015,Benin City,2026-07-19 10:50:00.323733,0,none
TXN-008699,CUST-00436,3803642,MERCH-0061,Abuja,2026-08-04 12:45:00.272291,0,none
TXN-000299,CUST-00226,4718739,MERCH-0041,Kano,2026-07-20 18:03:00.395092,0,none
TXN-001676,CUST-00162,1501095,MERCH-0092,Kano,2026-07-09 12:28:00.691846,0,none
TXN-003348,CUST-00211,1371519,MERCH-0013,Kaduna,2026-07-14 09:32:00.547001,0,none
TXN-002736,CUST-00474,4796456,MERCH-0052,Kano,2026-09-24 16:11:00.932876,0,none
TXN-005670,CUST-00362,1212337,MERCH-0092,Lagos,2026-08-21 14:51:00.807254,0,none
TXN-008302,CUST-00148,1085915,MERCH-0018,Lagos,2026-08-21 19:52:00.751075,0,none
TXN-004989,CUST-00479,1525759,MERCH-0028,Abuja,2026-09-20 18:59:00.640517,0,none
TXN-009323,CUST-00273,658702,MERCH-0014,Port Harcourt,2026-08-13 17:10:00.365448,0,none
TXN-009013,CUST-00153,2137067,MERCH-0032,Kaduna,2026-08-12 21:05:00.211465,0,none
TXN-004326,CUST-00384,1894777,MERCH-0032,Kano,2026-09-15 09:39:00.808896,0,none
TXN-007253,CUST-00062,938135,MERCH-0044,Enugu,2026-10-01 15:55:00.321631,0,none
TXN-006378,CUST-00482,1431549,MERCH-0053,Port Harcourt,2026-08-01 18:02:00.323406,0,none
TXN-004551,CUST-00070,1460487,MERCH-0006,Ibadan,2026-07-14 22:54:00.928175,0,none
TXN-005823,CUST-00066,1187183,MERCH-0097,Lagos,2026-08-24 12:06:00.573392,0,none
TXN-008311,CUST-00465,2940396,MERCH-0004,Kaduna,2026-08-05 15:48:00.138238,0,none
TXN-002104,CUST-00043,3522867,MERCH-0026,Abuja,2026-09-06 18:18:00.530494,0,none
TXN-005337,CUST-00112,2932473,MERCH-0060,Ibadan,2026-09-28 16:03:00.311677,0,none
TXN-006276,CUST-00382,2755202,MERCH-0074,Port Harcourt,2026-07-09 08:02:00.806829,0,none
TXN-008001,CUST-00264,1987136,MERCH-0037,Kaduna,2026-08-26 14:39:00.162961,0,none
TXN-008029,CUST-00152,2484716,MERCH-0042,Enugu,2026-09-10 08:57:00.314821,0,none
TXN-001838,CUST-00141,5483971,MERCH-0078,Ibadan,2026-08-01 15:07:00.321288,0,none
TXN-008342,CUST-00147,1540091,MERCH-0068,Enugu,2026-08-10 12:53:00.579919,0,none
TXN-008619,CUST-00165,1302220,MERCH-0045,Port Harcourt,2026-07-18 13:46:00.113770,0,none
TXN-009795,CUST-00007,905302,MERCH-0013,Abuja,2026-08-19 11:26:00.806587,0,none
TXN-005711,CUST-00034,819388,MERCH-0037,Abuja,2026-09-16 13:38:00.810657,0,none
TXN-000608,CUST-00481,4986938,MERCH-0007,Lagos,2026-09-21 15:30:00.141115,0,none
TXN-006509,CUST-00217,1432122,MERCH-0088,Port Harcourt,2026-10-04 15:53:00.488698,0,none
TXN-001094,CUST-00201,4588283,MERCH-0074,Port Harcourt,2026-09-14 22:42:00.469413,0,none
TXN-005858,CUST-00051,4042438,MERCH-0028,Enugu,2026-08-14 15:39:00.117284,0,none
TXN-009902,CUST-00341,1940810,MERCH-0066,Kano,2026-08-18 16:19:00.722882,0,none
TXN-009290,CUST-00379,1091342,MERCH-0091,Kano,2026-07-18 10:21:00.005915,0,none
TXN-004488,CUST-00035,4711905,MERCH-0086,Kano,2026-07-30 14:41:00.699820,0,none
TXN-000161,CUST-00204,2608572,MERCH-0011,Port Harcourt,2026-07-21 14:10:00.229456,0,none
TXN-000204,CUST-00170,2737132,MERCH-0080,Kano,2026-07-15 17:30:00.308720,0,none
TXN-007591,CUST-00335,2341430,MERCH-0078,Abuja,2026-08-03 12:31:00.650893,0,none
TXN-007921,CUST-00397,2915066,MERCH-0067,Benin City,2026-08-20 19:22:00.499159,0,none
TXN-004934,CUST-00076,2808232,MERCH-0052,Kaduna,2026-09-06 17:09:00.044214,0,none
TXN-002935,CUST-00194,2836408,MERCH-0018,Kaduna,2026-08-07 12:46:00.503430,0,none
TXN-007890,CUST-00413,953230,MERCH-0028,Port Harcourt,2026-09-30 12:31:00.501219,1,velocity_burst
TXN-002436,CUST-00302,2171977,MERCH-0067,Benin City,2026-08-26 11:14:00.789325,0,none
TXN-001231,CUST-00005,5105889,MERCH-0094,Abuja,2026-08-30 14:45:00.056388,0,none
TXN-008989,CUST-00273,346924,MERCH-0020,Port Harcourt,2026-08-24 17:13:00.410699,0,none
TXN-003047,CUST-00002,3558832,MERCH-0065,Abuja,2026-09-25 08:11:00.591991,0,none
TXN-005706,CUST-00093,1606871,MERCH-0061,Port Harcourt,2026-10-02 10:40:00.310389,0,none
TXN-BURST-TXN-000117-0,CUST-00319,4861637,MERCH-0035,Benin City,2026-09-02 18:01:30.361992,1,velocity_burst
TXN-008547,CUST-00306,7368026,MERCH-0028,Ibadan,2026-09-18 14:27:00.168685,0,none
TXN-009407,CUST-00388,1426497,MERCH-0021,Port Harcourt,2026-07-09 15:53:00.853860,0,none
TXN-006919,CUST-00447,2217443,MERCH-0017,Kaduna,2026-08-09 13:34:00.371441,0,none
TXN-004252,CUST-00046,1258528,MERCH-0041,Port Harcourt,2026-07-25 13:00:00.911624,0,none
TXN-007929,CUST-00001,352580,MERCH-0018,Abuja,2026-08-04 12:12:00.868593,0,none
TXN-003294,CUST-00332,968378,MERCH-0022,Kano,2026-07-15 11:59:00.284723,0,none
TXN-004035,CUST-00274,3000155,MERCH-0048,Ibadan,2026-08-10 11:22:00.728510,0,none
TXN-002726,CUST-00453,1209246,MERCH-0003,Kaduna,2026-08-25 23:14:00.563937,1,off_hours
TXN-004291,CUST-00108,849897,MERCH-0096,Lagos,2026-07-31 10:06:00.317818,0,none
TXN-004335,CUST-00159,2449647,MERCH-0040,Port Harcourt,2026-07-08 10:52:00.328680,0,none
TXN-BURST-TXN-009520-0,CUST-00439,1954488,MERCH-0038,Ibadan,2026-07-08 17:30:30.649688,1,velocity_burst
TXN-003878,CUST-00350,2131288,MERCH-0010,Enugu,2026-09-13 15:16:00.604512,0,none
TXN-005863,CUST-00329,3383351,MERCH-0090,Ibadan,2026-07-21 09:57:00.816814,0,none
TXN-007939,CUST-00314,623929,MERCH-0100,Port Harcourt,2026-08-02 09:47:00.903922,0,none
TXN-004754,CUST-00416,3138392,MERCH-0080,Benin City,2026-08-16 10:19:00.104637,0,none
TXN-004887,CUST-00267,566600,MERCH-0075,Kano,2026-07-19 15:12:00.587828,0,none
TXN-000858,CUST-00197,1797276,MERCH-0092,Kaduna,2026-07-08 16:56:00.544925,0,none
TXN-BURST-TXN-004502-2,CUST-00057,4665783,MERCH-0058,Benin City,2026-08-30 13:51:30.235861,1,velocity_burst
TXN-008676,CUST-00421,4456293,MERCH-0022,Ibadan,2026-08-25 13:17:00.512546,0,none
TXN-002562,CUST-00148,523712,MERCH-0018,Lagos,2026-07-28 12:59:00.166562,0,none
TXN-003802,CUST-00170,2645972,MERCH-0080,Kano,2026-09-02 17:43:00.287481,0,none
TXN-002641,CUST-00126,4924737,MERCH-0012,Benin City,2026-09-27 14:31:00.409658,0,none
TXN-005456,CUST-00499,1905871,MERCH-0073,Lagos,2026-09-06 17:24:00.172203,0,none
TXN-006042,CUST-00144,3296874,MERCH-0093,Enugu,2026-07-12 10:07:00.439590,0,none
TXN-004491,CUST-00126,3023958,MERCH-0085,Benin City,2026-07-30 11:08:00.914386,0,none
TXN-002348,CUST-00399,1657816,MERCH-0028,Kano,2026-09-29 10:00:00.428929,0,none
TXN-000650,CUST-00014,1919798,MERCH-0049,Lagos,2026-09-26 17:43:00.271100,0,none
TXN-002782,CUST-00095,2510543,MERCH-0066,Abuja,2026-07-31 17:44:00.608485,0,none
TXN-006101,CUST-00440,2860837,MERCH-0002,Kaduna,2026-10-03 13:20:00.527496,0,none
TXN-008852,CUST-00347,2023592,MERCH-0093,Kano,2026-08-17 08:00:00.817999,0,none
TXN-008991,CUST-00389,3615913,MERCH-0084,Abuja,2026-08-18 12:33:00.729358,0,none
TXN-006190,CUST-00138,379920,MERCH-0053,Benin City,2026-09-25 13:48:00.712729,0,none
TXN-000616,CUST-00485,3149435,MERCH-0069,Abuja,2026-08-24 10:00:00.011507,0,none
TXN-008750,CUST-00441,4479549,MERCH-0013,Abuja,2026-07-23 16:30:00.642418,0,none
TXN-002576,CUST-00479,1182446,MERCH-0009,Abuja,2026-08-21 22:29:00.138182,0,none
TXN-000054,CUST-00398,5275368,MERCH-0087,Ibadan,2026-07-31 16:24:00.129286,0,none
TXN-003341,CUST-00302,3059206,MERCH-0067,Benin City,2026-10-05 09:07:00.797420,0,none
TXN-007586,CUST-00066,683892,MERCH-0032,Lagos,2026-08-13 19:52:00.369107,0,none
TXN-001706,CUST-00055,3005686,MERCH-0100,Enugu,2026-08-13 17:17:00.432710,0,none
TXN-009388,CUST-00317,3859163,MERCH-0100,Ibadan,2026-08-23 15:09:00.457614,0,none
TXN-005899,CUST-00341,2864787,MERCH-0066,Kano,2026-08-22 18:36:00.370251,0,none
TXN-001494,CUST-00172,4493397,MERCH-0025,Ibadan,2026-09-24 09:16:00.631140,0,none
TXN-BURST-TXN-009161-1,CUST-00140,3713430,MERCH-0036,Kano,2026-10-04 15:52:00.892228,1,velocity_burst
TXN-006080,CUST-00262,1143216,MERCH-0086,Ibadan,2026-08-17 13:50:00.432187,0,none
TXN-000804,CUST-00087,4435583,MERCH-0091,Kaduna,2026-08-01 16:27:00.357646,0,none
TXN-004954,CUST-00322,5803605,MERCH-0089,Enugu,2026-07-17 18:34:00.077348,0,none
TXN-007479,CUST-00224,1115497,MERCH-0015,Enugu,2026-09-18 16:17:00.148023,0,none
TXN-007660,CUST-00482,956924,MERCH-0058,Port Harcourt,2026-08-01 15:18:00.031581,0,none
TXN-000991,CUST-00193,1089080,MERCH-0020,Kano,2026-07-24 14:47:00.442954,0,none
TXN-002775,CUST-00468,5069194,MERCH-0049,Ibadan,2026-09-22 16:06:00.480836,0,none
TXN-008049,CUST-00127,761796,MERCH-0073,Ibadan,2026-08-04 15:52:00.774545,0,none
TXN-006932,CUST-00199,2979797,MERCH-0018,Kano,2026-10-02 19:21:00.523902,0,none
TXN-003514,CUST-00031,1726968,MERCH-0077,Kano,2026-09-25 14:34:00.244827,1,velocity_burst
TXN-009105,CUST-00227,3624008,MERCH-0089,Kano,2026-09-24 17:10:00.503980,0,none
TXN-008702,CUST-00127,844225,MERCH-0073,Ibadan,2026-09-03 11:02:00.892010,0,none
TXN-000220,CUST-00248,3203592,MERCH-0010,Kaduna,2026-07-09 15:49:00.534888,0,none
TXN-005984,CUST-00069,3980899,MERCH-0026,Lagos,2026-08-06 15:23:00.347692,0,none
TXN-001289,CUST-00108,1125268,MERCH-0012,Lagos,2026-09-12 08:44:00.569106,0,none
TXN-003164,CUST-00331,2855078,MERCH-0018,Abuja,2026-08-31 19:47:00.419081,0,none
TXN-004679,CUST-00228,4559389,MERCH-0039,Port Harcourt,2026-08-23 19:14:00.204540,0,none
TXN-002619,CUST-00086,2348528,MERCH-0023,Abuja,2026-08-29 16:45:00.183248,0,none
TXN-003613,CUST-00172,6133921,MERCH-0074,Ibadan,2026-07-16 10:00:00.935740,0,none
TXN-000044,CUST-00031,1192891,MERCH-0031,Kano,2026-07-16 15:41:00.693401,0,none
TXN-009955,CUST-00062,1042785,MERCH-0050,Enugu,2026-10-01 16:38:00.599932,0,none
TXN-007049,CUST-00173,4498939,MERCH-0026,Port Harcourt,2026-07-20 18:36:00.460855,0,none
TXN-003793,CUST-00437,1790245,MERCH-0078,Kano,2026-09-21 17:50:00.726062,0,none
TXN-003572,CUST-00003,1750840,MERCH-0001,Lagos,2026-08-27 18:16:00.972957,0,none
TXN-BURST-TXN-009520-1,CUST-00439,1954488,MERCH-0038,Ibadan,2026-07-08 17:31:00.649688,1,velocity_burst
TXN-001504,CUST-00139,1283071,MERCH-0028,Enugu,2026-08-23 19:40:00.043440,0,none
TXN-008597,CUST-00306,1370499,MERCH-0027,Ibadan,2026-08-03 15:21:00.145697,0,none
TXN-BURST-TXN-004349-0,CUST-00236,934891,MERCH-0002,Kano,2026-09-20 10:23:30.176822,1,velocity_burst
TXN-003440,CUST-00159,3471171,MERCH-0060,Port Harcourt,2026-07-16 15:53:00.383044,0,none
TXN-001893,CUST-00208,4621935,MERCH-0089,Port Harcourt,2026-08-11 09:36:00.028794,0,none
TXN-009660,CUST-00372,819916,MERCH-0100,Kano,2026-09-15 20:52:00.172741,0,none
TXN-005256,CUST-00042,640798,MERCH-0090,Enugu,2026-07-17 14:31:00.111162,0,none
TXN-001956,CUST-00468,2576803,MERCH-0086,Ibadan,2026-09-10 21:23:00.732268,0,none
TXN-005168,CUST-00496,124752448,MERCH-0070,Lagos,2026-08-09 16:26:00.807069,1,amount_anomaly
TXN-004815,CUST-00362,1271110,MERCH-0046,Lagos,2026-08-08 13:40:00.871771,0,none
TXN-006774,CUST-00330,1419878,MERCH-0050,Enugu,2026-08-26 09:16:00.194494,0,none
TXN-001506,CUST-00183,4528597,MERCH-0094,Enugu,2026-07-23 08:15:00.654736,0,none
TXN-000671,CUST-00077,4459718,MERCH-0045,Ibadan,2026-09-09 13:33:00.669097,0,none
TXN-009230,CUST-00037,1661010,MERCH-0027,Port Harcourt,2026-08-20 15:17:00.388454,0,none
TXN-007606,CUST-00328,3759378,MERCH-0017,Enugu,2026-09-08 10:23:00.675664,0,none
TXN-000898,CUST-00192,6042533,MERCH-0005,Benin City,2026-09-15 18:31:00.481310,0,none
TXN-009135,CUST-00322,3197083,MERCH-0036,Enugu,2026-08-24 14:28:00.409407,0,none
TXN-002667,CUST-00296,1255289,MERCH-0058,Kano,2026-08-21 17:42:00.472331,0,none
TXN-003194,CUST-00061,2405020,MERCH-0050,Enugu,2026-07-22 17:26:00.266015,0,none
TXN-002891,CUST-00165,1647092,MERCH-0045,Port Harcourt,2026-08-19 10:50:00.849171,0,none
TXN-009157,CUST-00342,4141761,MERCH-0008,Benin City,2026-09-07 16:25:00.844361,0,none
TXN-007132,CUST-00025,845601,MERCH-0069,Abuja,2026-09-21 10:34:00.257170,0,none
TXN-002622,CUST-00390,1505778,MERCH-0053,Enugu,2026-08-14 17:11:00.651734,0,none
TXN-006482,CUST-00221,1728705,MERCH-0076,Benin City,2026-08-20 10:10:00.723495,0,none
TXN-006425,CUST-00357,1301153,MERCH-0076,Kaduna,2026-09-04 16:25:00.074971,0,none
TXN-005814,CUST-00093,2401203,MERCH-0061,Port Harcourt,2026-09-08 17:27:00.254775,0,none
TXN-000003,CUST-00068,2944222,MERCH-0096,Port Harcourt,2026-09-01 18:55:00.205736,0,none
TXN-002371,CUST-00135,2217049,MERCH-0059,Abuja,2026-07-14 20:51:00.809803,0,none
TXN-003805,CUST-00134,3309947,MERCH-0065,Benin City,2026-07-16 14:44:00.792466,0,none
TXN-001770,CUST-00074,4089241,MERCH-0034,Kaduna,2026-07-21 09:06:00.673141,0,none
TXN-008811,CUST-00179,3549434,MERCH-0007,Kano,2026-07-26 12:36:00.942449,0,none
TXN-006500,CUST-00276,4325570,MERCH-0002,Enugu,2026-09-27 20:08:00.142328,0,none
TXN-000532,CUST-00255,1202469,MERCH-0097,Lagos,2026-09-21 14:34:00.719846,0,none
TXN-008936,CUST-00258,3075780,MERCH-0086,Kano,2026-08-12 14:28:00.737055,0,none
TXN-008963,CUST-00358,1912248,MERCH-0041,Enugu,2026-08-01 17:32:00.235423,0,none
TXN-007136,CUST-00220,5622790,MERCH-0066,Benin City,2026-08-24 13:07:00.321728,0,none
TXN-006555,CUST-00239,936844,MERCH-0025,Kano,2026-08-07 19:25:00.022149,0,none
TXN-003121,CUST-00163,2925813,MERCH-0021,Lagos,2026-08-18 11:32:00.498804,0,none
TXN-009350,CUST-00296,2812905,MERCH-0058,Kano,2026-09-20 14:47:00.222453,0,none
TXN-000732,CUST-00265,6181275,MERCH-0064,Kaduna,2026-08-21 08:28:00.963661,0,none
TXN-003407,CUST-00259,4172443,MERCH-0024,Enugu,2026-08-04 13:11:00.774029,0,none
TXN-002340,CUST-00195,3645991,MERCH-0004,Benin City,2026-08-01 15:24:00.011427,0,none
TXN-006437,CUST-00320,2341238,MERCH-0019,Abuja,2026-09-03 15:30:00.232503,0,none
TXN-006308,CUST-00247,3753168,MERCH-0066,Abuja,2026-10-03 09:43:00.474437,0,none
TXN-002566,CUST-00456,4960856,MERCH-0098,Kaduna,2026-08-12 13:12:00.848013,0,none
TXN-002582,CUST-00381,2936613,MERCH-0049,Kaduna,2026-08-06 13:02:00.606962,0,none
TXN-008488,CUST-00407,2335564,MERCH-0054,Ibadan,2026-07-31 10:43:00.678029,0,none
TXN-009672,CUST-00032,2926457,MERCH-0092,Abuja,2026-09-02 13:26:00.277850,0,none
TXN-007543,CUST-00197,1290989,MERCH-0018,Kaduna,2026-09-03 12:15:00.501035,0,none
TXN-005919,CUST-00499,2432009,MERCH-0021,Lagos,2026-08-28 02:30:00.193971,1,off_hours
TXN-006448,CUST-00212,3872506,MERCH-0041,Enugu,2026-09-07 19:07:00.930206,0,none
TXN-009301,CUST-00188,4450172,MERCH-0064,Abuja,2026-08-12 10:42:00.396474,0,none
TXN-001256,CUST-00424,4492402,MERCH-0080,Abuja,2026-08-25 07:08:00.857929,0,none
TXN-002105,CUST-00455,3588802,MERCH-0059,Ibadan,2026-08-08 10:46:00.185376,0,none
TXN-007270,CUST-00474,5616677,MERCH-0069,Kano,2026-10-02 17:36:00.860211,0,none
TXN-007225,CUST-00147,1077275,MERCH-0029,Enugu,2026-09-10 14:59:00.126126,0,none
TXN-008441,CUST-00178,4323250,MERCH-0028,Kaduna,2026-08-06 14:24:00.709259,0,none
TXN-009480,CUST-00124,4554808,MERCH-0096,Kaduna,2026-09-13 15:01:00.020196,0,none
TXN-004995,CUST-00161,4319221,MERCH-0025,Enugu,2026-09-27 12:51:00.320963,0,none
TXN-009295,CUST-00411,2277118,MERCH-0004,Ibadan,2026-09-30 13:05:00.029185,0,none
TXN-007382,CUST-00486,5584946,MERCH-0002,Kano,2026-09-12 16:12:00.011441,0,none
TXN-005058,CUST-00065,6759763,MERCH-0097,Ibadan,2026-10-01 12:11:00.926026,0,none
TXN-006309,CUST-00103,4706770,MERCH-0050,Benin City,2026-08-13 10:37:00.149169,0,none
TXN-004435,CUST-00063,2915028,MERCH-0051,Enugu,2026-09-11 13:05:00.746631,0,none
TXN-003485,CUST-00455,3914616,MERCH-0029,Ibadan,2026-07-29 08:05:00.944321,0,none
TXN-009835,CUST-00091,4945439,MERCH-0087,Lagos,2026-09-12 02:50:00.710349,1,off_hours
TXN-005319,CUST-00346,2550590,MERCH-0064,Abuja,2026-09-16 12:44:00.159847,0,none
TXN-003817,CUST-00144,2849453,MERCH-0048,Enugu,2026-08-11 11:56:00.244441,0,none
TXN-006180,CUST-00026,1232574,MERCH-0060,Kaduna,2026-08-19 13:21:00.458003,0,none
TXN-009226,CUST-00054,1992686,MERCH-0064,Abuja,2026-07-31 15:17:00.180389,0,none
TXN-002547,CUST-00127,532151,MERCH-0027,Ibadan,2026-09-19 09:52:00.473305,0,none
TXN-009865,CUST-00176,1957556,MERCH-0092,Benin City,2026-09-11 18:05:00.581477,0,none
TXN-001622,CUST-00129,3287159,MERCH-0046,Kano,2026-09-01 02:45:00.117960,1,off_hours
TXN-009762,CUST-00465,4181283,MERCH-0049,Kaduna,2026-07-17 11:56:00.780342,0,none
TXN-008666,CUST-00326,1204449,MERCH-0026,Lagos,2026-07-23 14:39:00.744346,0,none
TXN-006742,CUST-00429,3143733,MERCH-0026,Enugu,2026-09-13 19:11:00.388051,0,none
TXN-009225,CUST-00499,1703184,MERCH-0018,Lagos,2026-08-05 18:01:00.042872,0,none
TXN-001097,CUST-00201,2746574,MERCH-0074,Port Harcourt,2026-09-19 13:44:00.794991,0,none
TXN-BURST-TXN-008461-0,CUST-00129,2492537,MERCH-0076,Kano,2026-08-23 12:07:30.199011,1,velocity_burst
TXN-009823,CUST-00266,4464315,MERCH-0006,Kaduna,2026-09-26 17:47:00.476675,1,velocity_burst
TXN-007332,CUST-00001,728290,MERCH-0087,Abuja,2026-07-11 11:11:00.285365,0,none
TXN-002464,CUST-00454,3928801,MERCH-0080,Abuja,2026-08-12 17:17:00.254065,0,none
TXN-007710,CUST-00161,806416,MERCH-0084,Enugu,2026-10-02 22:56:00.963559,0,none
TXN-001789,CUST-00266,2330536,MERCH-0006,Kaduna,2026-08-23 12:59:00.060115,0,none
TXN-000251,CUST-00402,5508646,MERCH-0098,Abuja,2026-08-05 15:44:00.638659,0,none
TXN-007965,CUST-00407,1969528,MERCH-0083,Ibadan,2026-09-04 12:48:00.798553,0,none
TXN-006683,CUST-00197,1758765,MERCH-0010,Kaduna,2026-07-27 20:41:00.272496,0,none
TXN-008026,CUST-00215,3569965,MERCH-0018,Kaduna,2026-09-11 17:04:00.256286,0,none
TXN-000193,CUST-00045,2719560,MERCH-0075,Enugu,2026-08-09 12:27:00.571712,0,none
TXN-000821,CUST-00457,4106182,MERCH-0022,Lagos,2026-08-22 09:22:00.317549,0,none
TXN-009976,CUST-00427,3561671,MERCH-0082,Abuja,2026-07-31 18:15:00.666857,0,none
TXN-006210,CUST-00242,588564,MERCH-0021,Port Harcourt,2026-07-10 08:40:00.061712,0,none
TXN-007755,CUST-00118,3035807,MERCH-0035,Enugu,2026-07-31 10:25:00.254508,0,none
TXN-008004,CUST-00411,1668433,MERCH-0051,Ibadan,2026-07-24 14:02:00.510501,0,none
TXN-004401,CUST-00442,2888012,MERCH-0006,Port Harcourt,2026-09-11 16:27:00.455309,0,none
TXN-007594,CUST-00252,4440797,MERCH-0032,Lagos,2026-07-20 21:03:00.025161,0,none
TXN-005389,CUST-00235,1344702,MERCH-0069,Benin City,2026-09-21 08:53:00.362054,0,none
TXN-004167,CUST-00494,6426070,MERCH-0083,Ibadan,2026-08-06 12:19:00.680703,1,geo_anomaly
TXN-004952,CUST-00117,2683280,MERCH-0042,Lagos,2026-08-17 14:54:00.531531,0,none
TXN-002688,CUST-00471,4192713,MERCH-0017,Abuja,2026-09-13 08:02:00.727598,0,none
TXN-004391,CUST-00413,753385,MERCH-0100,Port Harcourt,2026-09-26 15:36:00.828711,0,none
TXN-006323,CUST-00252,2491925,MERCH-0069,Lagos,2026-09-15 16:36:00.893094,0,none
TXN-007758,CUST-00252,2716469,MERCH-0049,Lagos,2026-09-15 16:56:00.541469,0,none
TXN-004928,CUST-00450,2777872,MERCH-0064,Benin City,2026-09-15 10:09:00.572743,0,none
TXN-BURST-TXN-009938-2,CUST-00235,3499228,MERCH-0095,Benin City,2026-09-13 17:09:30.007205,1,velocity_burst
TXN-005553,CUST-00131,5724791,MERCH-0079,Benin City,2026-10-04 17:24:00.121578,0,none
TXN-002608,CUST-00466,1020806,MERCH-0019,Lagos,2026-09-27 08:27:00.301023,0,none
TXN-008044,CUST-00240,5838484,MERCH-0042,Enugu,2026-09-04 11:41:00.149360,0,none
TXN-000239,CUST-00291,2935384,MERCH-0043,Kaduna,2026-09-13 10:29:00.365501,0,none
TXN-004016,CUST-00375,3554138,MERCH-0004,Kano,2026-07-12 19:22:00.692934,0,none
TXN-009596,CUST-00114,5732269,MERCH-0038,Enugu,2026-07-24 11:01:00.170323,0,none
TXN-002978,CUST-00073,3744749,MERCH-0058,Enugu,2026-09-24 14:36:00.832192,0,none
TXN-006162,CUST-00342,4662080,MERCH-0008,Benin City,2026-09-07 16:19:00.347140,0,none
TXN-007069,CUST-00339,327983,MERCH-0034,Abuja,2026-07-26 10:18:00.936241,0,none
TXN-006573,CUST-00364,1708225,MERCH-0100,Ibadan,2026-09-09 18:45:00.939863,0,none
TXN-005474,CUST-00330,1621001,MERCH-0094,Enugu,2026-10-01 11:11:00.019230,0,none
TXN-000946,CUST-00090,3346833,MERCH-0057,Abuja,2026-09-23 11:11:00.792325,0,none
TXN-008391,CUST-00262,896058,MERCH-0025,Ibadan,2026-07-10 11:16:00.417470,0,none
TXN-008240,CUST-00166,1084367,MERCH-0017,Kano,2026-07-18 08:33:00.535126,0,none
TXN-005098,CUST-00394,1309372,MERCH-0034,Kaduna,2026-07-12 20:49:00.689409,0,none
TXN-007987,CUST-00192,3312251,MERCH-0005,Benin City,2026-07-20 18:57:00.823419,0,none
TXN-006264,CUST-00255,2680279,MERCH-0030,Lagos,2026-09-01 18:27:00.613450,0,none
TXN-003553,CUST-00291,2034647,MERCH-0043,Kaduna,2026-09-01 10:02:00.146175,0,none
TXN-BURST-TXN-009304-1,CUST-00254,2869346,MERCH-0058,Lagos,2026-07-12 17:00:00.962654,1,velocity_burst
TXN-003361,CUST-00260,2583717,MERCH-0008,Kaduna,2026-07-16 10:54:00.324711,0,none
TXN-005994,CUST-00328,3507189,MERCH-0091,Enugu,2026-08-24 19:12:00.039146,0,none
TXN-005629,CUST-00500,4598326,MERCH-0086,Kaduna,2026-07-19 15:07:00.222734,0,none
TXN-002411,CUST-00015,1030389,MERCH-0015,Lagos,2026-09-12 15:29:00.911437,0,none
TXN-008068,CUST-00411,3039375,MERCH-0031,Ibadan,2026-10-03 16:18:00.316911,0,none
TXN-004508,CUST-00199,4160288,MERCH-0031,Kano,2026-07-18 15:30:00.868607,0,none
TXN-008764,CUST-00276,5555872,MERCH-0002,Enugu,2026-07-28 16:35:00.804977,0,none
TXN-003983,CUST-00474,7359864,MERCH-0054,Kano,2026-07-13 07:00:00.290032,0,none
TXN-000147,CUST-00119,2978733,MERCH-0029,Port Harcourt,2026-09-08 21:08:00.851830,0,none
TXN-007177,CUST-00141,4455738,MERCH-0083,Ibadan,2026-08-01 15:52:00.525654,0,none
TXN-002295,CUST-00375,3376638,MERCH-0091,Kano,2026-09-09 12:23:00.123027,0,none
TXN-002254,CUST-00461,1295147,MERCH-0078,Kano,2026-08-13 15:00:00.316945,0,none
TXN-003612,CUST-00461,2269554,MERCH-0042,Kano,2026-08-23 08:26:00.440861,0,none
TXN-005354,CUST-00187,6327147,MERCH-0100,Enugu,2026-08-21 11:37:00.199336,0,none
TXN-001737,CUST-00248,4076950,MERCH-0010,Kaduna,2026-08-30 19:43:00.905631,0,none
TXN-009706,CUST-00145,36711246,MERCH-0087,Abuja,2026-08-01 14:19:00.276938,1,amount_anomaly
TXN-008571,CUST-00290,2494941,MERCH-0032,Kano,2026-09-22 08:46:00.428721,0,none
TXN-000115,CUST-00242,717106,MERCH-0016,Port Harcourt,2026-07-10 11:34:00.075215,0,none
TXN-009302,CUST-00155,894509,MERCH-0094,Kano,2026-08-05 10:23:00.758112,0,none
TXN-008022,CUST-00431,1958128,MERCH-0050,Ibadan,2026-08-28 09:20:00.293641,0,none
TXN-009816,CUST-00077,3092370,MERCH-0055,Ibadan,2026-08-24 16:55:00.032304,0,none
TXN-000499,CUST-00103,4071896,MERCH-0090,Benin City,2026-08-30 11:54:00.347595,0,none
TXN-008087,CUST-00458,4282734,MERCH-0016,Kano,2026-07-26 14:19:00.471690,0,none
TXN-000721,CUST-00440,3427489,MERCH-0001,Kaduna,2026-08-02 17:06:00.279000,0,none
TXN-007743,CUST-00406,783662,MERCH-0090,Benin City,2026-09-19 15:24:00.932190,0,none
TXN-009165,CUST-00297,3353650,MERCH-0005,Enugu,2026-09-30 17:52:00.033854,0,none
TXN-006181,CUST-00229,5391459,MERCH-0093,Ibadan,2026-09-07 14:31:00.516460,0,none
TXN-009254,CUST-00468,3938125,MERCH-0037,Ibadan,2026-08-21 17:54:00.701655,0,none
TXN-003090,CUST-00190,2410015,MERCH-0078,Abuja,2026-07-10 11:55:00.055011,0,none
TXN-007788,CUST-00063,1885567,MERCH-0004,Enugu,2026-09-29 14:23:00.279999,0,none
TXN-007874,CUST-00496,5315108,MERCH-0071,Lagos,2026-08-07 12:51:00.203674,0,none
TXN-008858,CUST-00415,448120,MERCH-0092,Kano,2026-08-21 13:32:00.943358,0,none
TXN-000597,CUST-00441,7036989,MERCH-0030,Abuja,2026-09-24 12:56:00.994273,0,none
TXN-009420,CUST-00087,5110564,MERCH-0090,Kaduna,2026-07-26 01:20:00.802354,1,off_hours
TXN-007251,CUST-00493,4005976,MERCH-0094,Ibadan,2026-07-09 09:55:00.619433,0,none
TXN-006532,CUST-00301,792621,MERCH-0054,Benin City,2026-08-20 12:01:00.024191,0,none
TXN-005165,CUST-00114,7075442,MERCH-0003,Enugu,2026-09-17 16:26:00.463294,0,none
TXN-001648,CUST-00129,3266470,MERCH-0004,Kano,2026-08-26 08:19:00.341980,0,none
TXN-006614,CUST-00092,4298346,MERCH-0067,Lagos,2026-09-26 16:36:00.471023,0,none
TXN-007466,CUST-00120,5608056,MERCH-0069,Enugu,2026-08-19 08:11:00.506311,0,none
TXN-002701,CUST-00108,1084653,MERCH-0012,Lagos,2026-08-15 07:05:00.449351,0,none
TXN-008099,CUST-00228,2496272,MERCH-0029,Port Harcourt,2026-09-14 12:19:00.038414,0,none
TXN-001701,CUST-00197,2119270,MERCH-0016,Kaduna,2026-07-11 10:52:00.228501,0,none
TXN-009268,CUST-00139,957332,MERCH-0065,Enugu,2026-07-12 11:25:00.849441,0,none
TXN-005405,CUST-00123,902112,MERCH-0013,Kano,2026-07-08 07:31:00.025074,0,none
TXN-007779,CUST-00135,2548718,MERCH-0052,Abuja,2026-07-30 17:28:00.061362,0,none
TXN-008114,CUST-00342,5526601,MERCH-0090,Benin City,2026-09-09 14:51:00.191248,0,none
TXN-002943,CUST-00100,5757104,MERCH-0061,Kano,2026-07-30 17:38:00.310468,0,none
TXN-009855,CUST-00392,1451941,MERCH-0038,Kaduna,2026-09-07 13:09:00.305003,0,none
TXN-000087,CUST-00071,3394849,MERCH-0063,Enugu,2026-09-25 01:16:00.394659,1,off_hours
TXN-002309,CUST-00013,3457026,MERCH-0064,Enugu,2026-09-02 12:47:00.676588,0,none
TXN-002678,CUST-00224,2110236,MERCH-0003,Enugu,2026-07-20 13:09:00.915613,0,none
TXN-008516,CUST-00212,4280558,MERCH-0041,Ibadan,2026-08-16 16:05:00.476291,1,geo_anomaly
TXN-008496,CUST-00309,2794855,MERCH-0011,Kaduna,2026-08-22 20:13:00.814078,0,none
TXN-002595,CUST-00434,3363384,MERCH-0084,Ibadan,2026-09-30 09:47:00.126693,0,none
TXN-006349,CUST-00324,2023508,MERCH-0037,Enugu,2026-09-09 10:38:00.368817,0,none
TXN-001030,CUST-00196,6075573,MERCH-0091,Kaduna,2026-08-14 13:46:00.996434,0,none
TXN-000137,CUST-00068,3752588,MERCH-0021,Port Harcourt,2026-09-03 13:55:00.993170,0,none
TXN-007373,CUST-00340,4302808,MERCH-0055,Lagos,2026-08-15 13:47:00.975017,0,none
TXN-006625,CUST-00352,2969552,MERCH-0071,Kaduna,2026-09-28 17:47:00.889719,0,none
TXN-002855,CUST-00118,1862411,MERCH-0033,Enugu,2026-10-04 15:45:00.920454,0,none
TXN-004410,CUST-00419,1171970,MERCH-0064,Ibadan,2026-09-24 10:08:00.881848,0,none
TXN-001201,CUST-00258,3476720,MERCH-0086,Kano,2026-08-03 20:40:00.041640,0,none
TXN-004718,CUST-00244,4085473,MERCH-0032,Benin City,2026-09-15 14:23:00.273183,0,none
TXN-009859,CUST-00017,1307204,MERCH-0001,Ibadan,2026-09-20 12:11:00.939930,0,none
TXN-008422,CUST-00288,2906243,MERCH-0093,Lagos,2026-07-23 20:16:00.362055,0,none
TXN-000567,CUST-00321,3057783,MERCH-0054,Benin City,2026-08-27 11:15:00.877387,0,none
TXN-007830,CUST-00283,2301601,MERCH-0075,Kaduna,2026-09-10 14:30:00.886902,0,none
TXN-005934,CUST-00057,6199843,MERCH-0096,Benin City,2026-07-13 22:12:00.432247,0,none
TXN-005431,CUST-00346,2056349,MERCH-0047,Abuja,2026-08-01 14:49:00.017794,0,none
TXN-005869,CUST-00327,1182263,MERCH-0022,Port Harcourt,2026-10-04 17:36:00.896251,0,none
TXN-003928,CUST-00353,1693332,MERCH-0080,Benin City,2026-07-16 22:26:00.896988,0,none
TXN-006534,CUST-00362,1949379,MERCH-0046,Lagos,2026-09-03 15:07:00.259951,0,none
TXN-008179,CUST-00129,4131596,MERCH-0042,Kano,2026-09-27 13:06:00.421292,0,none
TXN-006110,CUST-00048,2735773,MERCH-0093,Ibadan,2026-08-21 15:01:00.488030,0,none
TXN-007095,CUST-00042,748999,MERCH-0032,Enugu,2026-07-07 07:48:00.965659,0,none
TXN-008285,CUST-00371,4657565,MERCH-0042,Benin City,2026-09-01 12:45:00.091246,0,none
TXN-009803,CUST-00316,812808,MERCH-0055,Benin City,2026-07-23 01:20:00.232696,1,off_hours
TXN-009236,CUST-00020,2973290,MERCH-0070,Kano,2026-07-11 16:58:00.714238,0,none
TXN-008575,CUST-00199,4527920,MERCH-0031,Kano,2026-09-17 19:20:00.139958,0,none
TXN-002331,CUST-00202,4813516,MERCH-0100,Abuja,2026-08-22 19:20:00.315065,0,none
TXN-003516,CUST-00368,3138305,MERCH-0024,Enugu,2026-08-14 15:59:00.003117,0,none
TXN-002188,CUST-00416,4247557,MERCH-0087,Benin City,2026-07-11 10:00:00.615138,0,none
TXN-000196,CUST-00414,1922915,MERCH-0100,Ibadan,2026-08-06 17:14:00.442881,0,none
TXN-007823,CUST-00367,1725561,MERCH-0022,Benin City,2026-09-15 07:47:00.053303,0,none
TXN-006115,CUST-00243,768507,MERCH-0062,Port Harcourt,2026-08-23 12:43:00.415607,0,none
TXN-005060,CUST-00220,5834889,MERCH-0078,Benin City,2026-07-27 12:16:00.391362,0,none
TXN-000803,CUST-00326,733578,MERCH-0055,Lagos,2026-07-30 12:34:00.881263,0,none
TXN-005716,CUST-00210,3687868,MERCH-0072,Benin City,2026-09-22 12:51:00.179374,0,none
TXN-008065,CUST-00063,1122963,MERCH-0069,Enugu,2026-07-08 15:08:00.060770,0,none
TXN-000242,CUST-00094,2936403,MERCH-0071,Abuja,2026-08-26 20:55:00.893059,0,none
TXN-002069,CUST-00162,1422477,MERCH-0011,Kano,2026-09-15 13:10:00.192194,0,none
TXN-007448,CUST-00368,4049032,MERCH-0055,Enugu,2026-08-29 15:12:00.744416,0,none
TXN-009059,CUST-00245,6296243,MERCH-0065,Abuja,2026-09-30 11:38:00.333896,0,none
TXN-000645,CUST-00058,3790739,MERCH-0036,Ibadan,2026-10-02 15:05:00.370459,0,none
TXN-009711,CUST-00097,3746480,MERCH-0071,Kaduna,2026-08-26 07:51:00.912811,0,none
TXN-005104,CUST-00203,2421901,MERCH-0020,Kano,2026-09-02 13:32:00.743533,0,none
TXN-005461,CUST-00248,2517930,MERCH-0001,Kaduna,2026-09-18 10:37:00.164711,0,none
TXN-001638,CUST-00111,570975,MERCH-0019,Kano,2026-09-01 07:21:00.131259,0,none
TXN-000121,CUST-00339,589889,MERCH-0006,Abuja,2026-09-09 15:55:00.811430,0,none
TXN-005874,CUST-00253,3972855,MERCH-0085,Kano,2026-08-23 09:35:00.170989,0,none
TXN-002982,CUST-00384,1633296,MERCH-0034,Kano,2026-08-01 12:35:00.176170,0,none
TXN-005070,CUST-00404,1226922,MERCH-0080,Kaduna,2026-08-27 20:40:00.684815,0,none
TXN-003075,CUST-00445,555406,MERCH-0062,Kano,2026-09-09 20:39:00.090670,0,none
TXN-009252,CUST-00270,5844529,MERCH-0009,Lagos,2026-07-30 02:59:00.607133,1,off_hours
TXN-003279,CUST-00338,2463691,MERCH-0061,Benin City,2026-09-12 13:06:00.535755,0,none
TXN-002136,CUST-00285,67830948,MERCH-0040,Kano,2026-09-22 12:13:00.241327,1,amount_anomaly
TXN-007885,CUST-00248,3053688,MERCH-0028,Kaduna,2026-09-20 18:16:00.442886,0,none
TXN-004971,CUST-00084,1814903,MERCH-0080,Ibadan,2026-07-29 14:05:00.041395,0,none
TXN-006998,CUST-00390,10000,MERCH-0027,Enugu,2026-10-05 17:24:00.591915,0,none
TXN-000135,CUST-00117,2041295,MERCH-0012,Lagos,2026-08-21 13:58:00.425806,0,none
TXN-004352,CUST-00051,2102532,MERCH-0061,Enugu,2026-08-15 14:19:00.965325,0,none
TXN-005325,CUST-00291,2094848,MERCH-0001,Kaduna,2026-07-18 11:16:00.579115,0,none
TXN-009990,CUST-00352,3819845,MERCH-0071,Kaduna,2026-08-14 14:50:00.886670,0,none
TXN-006647,CUST-00398,7399237,MERCH-0092,Ibadan,2026-08-20 10:57:00.338733,0,none
TXN-002560,CUST-00047,3974582,MERCH-0001,Abuja,2026-08-23 15:34:00.549897,0,none
TXN-000063,CUST-00329,5958895,MERCH-0016,Ibadan,2026-09-24 18:44:00.803944,0,none
TXN-001359,CUST-00102,2347969,MERCH-0058,Lagos,2026-09-23 16:44:00.578556,0,none
TXN-007289,CUST-00372,505498,MERCH-0008,Kano,2026-09-15 20:52:00.135719,0,none
TXN-006948,CUST-00180,905839,MERCH-0092,Kaduna,2026-09-02 10:50:00.970737,0,none
TXN-006290,CUST-00484,1154575,MERCH-0088,Lagos,2026-08-08 15:09:00.103374,0,none
TXN-002468,CUST-00090,4686475,MERCH-0065,Abuja,2026-07-28 17:57:00.428856,0,none
TXN-000680,CUST-00136,651140,MERCH-0048,Enugu,2026-09-10 21:51:00.965043,0,none
TXN-007335,CUST-00185,1796649,MERCH-0100,Kaduna,2026-08-11 17:37:00.297097,0,none
TXN-000742,CUST-00334,777483,MERCH-0032,Kano,2026-09-03 21:22:00.420096,0,none
TXN-005308,CUST-00228,3665048,MERCH-0039,Port Harcourt,2026-08-09 18:03:00.867287,0,none
TXN-007953,CUST-00443,4400018,MERCH-0098,Benin City,2026-08-14 16:21:00.015234,0,none
TXN-003642,CUST-00123,1093570,MERCH-0050,Kano,2026-07-15 10:58:00.757826,0,none
TXN-000445,CUST-00058,2616749,MERCH-0057,Ibadan,2026-07-23 20:35:00.829033,0,none
TXN-008464,CUST-00262,1627477,MERCH-0010,Ibadan,2026-07-31 13:25:00.691968,0,none
TXN-003259,CUST-00229,2864291,MERCH-0072,Ibadan,2026-09-30 12:02:00.231392,0,none
TXN-004664,CUST-00316,888713,MERCH-0084,Benin City,2026-08-30 15:06:00.265512,1,velocity_burst
TXN-001874,CUST-00089,1321749,MERCH-0073,Kano,2026-09-25 10:05:00.415067,0,none
TXN-006878,CUST-00336,2232033,MERCH-0025,Abuja,2026-07-30 18:26:00.398864,1,geo_anomaly
TXN-002597,CUST-00195,5778643,MERCH-0004,Benin City,2026-08-11 18:31:00.020536,0,none
TXN-001718,CUST-00474,2695720,MERCH-0054,Kano,2026-09-01 19:06:00.977288,0,none
TXN-002913,CUST-00241,433895,MERCH-0035,Ibadan,2026-09-22 21:18:00.096479,0,none
TXN-002844,CUST-00050,1868080,MERCH-0027,Kano,2026-09-10 18:01:00.574484,0,none
TXN-004028,CUST-00360,1220276,MERCH-0069,Abuja,2026-09-22 13:12:00.719910,0,none
TXN-005489,CUST-00336,1463735,MERCH-0083,Port Harcourt,2026-07-18 20:52:00.578781,0,none
TXN-008947,CUST-00300,6491634,MERCH-0099,Ibadan,2026-09-14 19:35:00.595872,0,none
TXN-004486,CUST-00001,508850,MERCH-0014,Abuja,2026-08-04 13:52:00.053736,0,none
TXN-002557,CUST-00143,799049,MERCH-0068,Enugu,2026-09-20 11:53:00.833281,0,none
TXN-000490,CUST-00156,1934987,MERCH-0023,Ibadan,2026-10-03 18:52:00.085512,0,none
TXN-000494,CUST-00248,1575451,MERCH-0075,Kaduna,2026-07-14 07:12:00.909087,0,none
TXN-000691,CUST-00405,3348070,MERCH-0061,Lagos,2026-08-13 10:30:00.074893,0,none
TXN-007826,CUST-00390,743599,MERCH-0027,Enugu,2026-09-24 07:50:00.879040,0,none
TXN-003822,CUST-00083,3394373,MERCH-0011,Abuja,2026-10-04 17:39:00.402997,0,none
TXN-000603,CUST-00309,1851506,MERCH-0018,Kaduna,2026-08-16 15:44:00.293233,0,none
TXN-001912,CUST-00317,3075531,MERCH-0012,Ibadan,2026-08-27 20:02:00.739968,0,none
TXN-001015,CUST-00474,3604083,MERCH-0069,Kano,2026-09-08 18:31:00.998996,0,none
TXN-009072,CUST-00246,2311373,MERCH-0027,Kano,2026-08-20 15:30:00.089449,0,none
TXN-001994,CUST-00434,2129310,MERCH-0076,Ibadan,2026-07-31 19:03:00.923938,0,none
TXN-006224,CUST-00411,2417295,MERCH-0016,Ibadan,2026-08-19 10:10:00.236256,0,none
TXN-003758,CUST-00432,2024147,MERCH-0038,Port Harcourt,2026-09-10 18:22:00.133809,0,none
TXN-002367,CUST-00033,1064471,MERCH-0002,Kano,2026-08-12 18:48:00.429233,0,none
TXN-005284,CUST-00483,3359916,MERCH-0080,Enugu,2026-08-07 13:51:00.094824,0,none
TXN-004371,CUST-00352,1256635,MERCH-0071,Kaduna,2026-07-26 15:12:00.805219,0,none
TXN-008502,CUST-00089,1575925,MERCH-0057,Kano,2026-08-15 10:01:00.291390,0,none
TXN-007559,CUST-00247,4428295,MERCH-0054,Abuja,2026-07-09 12:29:00.685761,0,none
TXN-001362,CUST-00401,2577161,MERCH-0067,Enugu,2026-09-28 11:04:00.051021,0,none
TXN-006456,CUST-00299,1252418,MERCH-0096,Enugu,2026-09-30 15:54:00.486252,0,none
TXN-001527,CUST-00472,501869,MERCH-0081,Port Harcourt,2026-09-12 23:56:00.741596,1,off_hours
TXN-001328,CUST-00291,4324533,MERCH-0043,Kaduna,2026-08-26 10:51:00.047952,0,none
TXN-006562,CUST-00125,3470656,MERCH-0057,Enugu,2026-08-02 17:58:00.263368,0,none
TXN-007756,CUST-00388,1272048,MERCH-0094,Port Harcourt,2026-08-09 17:38:00.504751,0,none
TXN-001552,CUST-00121,3184126,MERCH-0030,Kaduna,2026-09-23 12:52:00.157823,0,none
TXN-006770,CUST-00138,1570611,MERCH-0016,Benin City,2026-07-16 11:47:00.093682,0,none
TXN-BURST-TXN-000917-0,CUST-00207,3459907,MERCH-0083,Port Harcourt,2026-09-26 20:00:30.439031,1,velocity_burst
TXN-001338,CUST-00350,2304967,MERCH-0010,Enugu,2026-07-29 16:28:00.574803,0,none
TXN-003902,CUST-00458,4416462,MERCH-0026,Kano,2026-08-11 07:48:00.123679,0,none
TXN-003011,CUST-00207,2325428,MERCH-0004,Port Harcourt,2026-08-09 19:08:00.688015,0,none
TXN-005042,CUST-00168,4620155,MERCH-0020,Ibadan,2026-09-25 11:18:00.082732,0,none
TXN-009146,CUST-00447,2343474,MERCH-0088,Kaduna,2026-09-19 15:35:00.824046,0,none
TXN-002251,CUST-00110,5602961,MERCH-0068,Port Harcourt,2026-08-15 19:20:00.305599,0,none
TXN-007055,CUST-00195,3453039,MERCH-0004,Benin City,2026-09-23 13:47:00.649912,0,none
TXN-005040,CUST-00028,5891285,MERCH-0022,Enugu,2026-08-08 17:27:00.984765,0,none
TXN-002347,CUST-00039,2828579,MERCH-0015,Kano,2026-09-25 19:15:00.777765,0,none
TXN-009616,CUST-00043,3449025,MERCH-0026,Abuja,2026-07-10 06:50:00.303112,0,none
TXN-005486,CUST-00463,2048614,MERCH-0038,Port Harcourt,2026-08-12 13:23:00.439702,0,none
TXN-002785,CUST-00491,3467613,MERCH-0063,Abuja,2026-09-16 16:00:00.269979,0,none
TXN-005695,CUST-00414,2567128,MERCH-0061,Ibadan,2026-09-28 17:19:00.562319,0,none
TXN-005120,CUST-00336,2137434,MERCH-0007,Port Harcourt,2026-09-20 19:42:00.919291,0,none
TXN-008137,CUST-00420,2753647,MERCH-0093,Port Harcourt,2026-08-06 17:18:00.912038,0,none
TXN-005556,CUST-00147,1675911,MERCH-0051,Enugu,2026-08-14 12:12:00.164516,0,none
TXN-005600,CUST-00407,1783678,MERCH-0083,Ibadan,2026-08-13 21:38:00.278217,0,none
TXN-007210,CUST-00170,3428879,MERCH-0089,Kano,2026-08-04 10:16:00.961902,0,none
TXN-000151,CUST-00210,3413349,MERCH-0014,Benin City,2026-09-10 15:14:00.486225,0,none
TXN-002805,CUST-00130,3638665,MERCH-0054,Kano,2026-08-07 18:56:00.235047,0,none
TXN-007092,CUST-00464,2239870,MERCH-0042,Benin City,2026-09-10 08:13:00.803466,0,none
TXN-002087,CUST-00005,4133698,MERCH-0094,Abuja,2026-09-27 18:02:00.090041,0,none
TXN-003752,CUST-00274,2393376,MERCH-0048,Ibadan,2026-09-29 17:41:00.400239,0,none
TXN-005613,CUST-00235,3781333,MERCH-0054,Benin City,2026-09-24 17:18:00.783726,0,none
TXN-002260,CUST-00335,3051087,MERCH-0004,Abuja,2026-08-11 14:26:00.881571,0,none
TXN-004018,CUST-00093,2843238,MERCH-0053,Port Harcourt,2026-09-17 12:43:00.797678,0,none
TXN-006593,CUST-00247,3593044,MERCH-0073,Abuja,2026-10-04 14:56:00.685295,0,none
TXN-006537,CUST-00169,7121690,MERCH-0099,Lagos,2026-08-02 21:23:00.148452,1,geo_anomaly
TXN-002425,CUST-00042,405868,MERCH-0035,Enugu,2026-08-02 13:34:00.519821,0,none
TXN-004139,CUST-00290,4361388,MERCH-0010,Kano,2026-08-28 21:35:00.155051,0,none
TXN-003857,CUST-00025,1253616,MERCH-0069,Abuja,2026-07-30 09:15:00.337041,0,none
TXN-000860,CUST-00169,3873120,MERCH-0099,Abuja,2026-09-16 13:06:00.068700,0,none
TXN-005368,CUST-00098,1727233,MERCH-0091,Kaduna,2026-08-15 21:08:00.887958,0,none
TXN-008181,CUST-00490,2226183,MERCH-0084,Abuja,2026-08-10 07:34:00.972749,0,none
TXN-008519,CUST-00086,3256869,MERCH-0001,Abuja,2026-08-14 08:53:00.221327,0,none
TXN-007888,CUST-00198,1533691,MERCH-0070,Kaduna,2026-08-03 14:19:00.221280,0,none
TXN-008875,CUST-00422,734284,MERCH-0084,Kaduna,2026-08-04 17:04:00.838699,0,none
TXN-004740,CUST-00423,2539054,MERCH-0048,Ibadan,2026-07-31 13:02:00.911028,0,none
TXN-009544,CUST-00204,2029454,MERCH-0045,Port Harcourt,2026-08-12 13:22:00.858368,0,none
TXN-004463,CUST-00093,1881400,MERCH-0053,Port Harcourt,2026-09-15 18:30:00.794763,0,none
TXN-005529,CUST-00425,3387499,MERCH-0020,Enugu,2026-07-16 19:29:00.166353,0,none
TXN-001365,CUST-00479,1774784,MERCH-0001,Abuja,2026-09-25 20:16:00.272036,0,none
TXN-001780,CUST-00359,4472928,MERCH-0026,Benin City,2026-08-25 14:08:00.639890,0,none
TXN-006334,CUST-00323,1430919,MERCH-0059,Kaduna,2026-09-25 18:56:00.499683,0,none
TXN-004786,CUST-00133,1231401,MERCH-0009,Kaduna,2026-09-09 13:30:00.873892,0,none
TXN-008194,CUST-00002,3864878,MERCH-0028,Abuja,2026-08-31 18:43:00.343266,0,none
TXN-001819,CUST-00301,671163,MERCH-0015,Benin City,2026-08-20 13:32:00.129184,0,none
TXN-000370,CUST-00442,4950679,MERCH-0038,Port Harcourt,2026-09-25 17:14:00.206645,0,none
TXN-004938,CUST-00125,3128287,MERCH-0047,Enugu,2026-10-02 06:26:00.927404,0,none
TXN-002705,CUST-00210,4448749,MERCH-0031,Benin City,2026-08-12 18:19:00.392916,0,none
TXN-005286,CUST-00161,7600835,MERCH-0078,Enugu,2026-08-22 19:30:00.142806,0,none
TXN-000176,CUST-00493,2894012,MERCH-0062,Lagos,2026-07-12 12:40:00.174277,1,geo_anomaly
TXN-008061,CUST-00499,3289532,MERCH-0058,Lagos,2026-09-22 18:45:00.952010,0,none
TXN-002094,CUST-00165,2276510,MERCH-0085,Port Harcourt,2026-07-16 08:21:00.093271,0,none
TXN-008807,CUST-00235,3657178,MERCH-0074,Benin City,2026-09-29 17:18:00.690246,0,none
TXN-003492,CUST-00191,1306179,MERCH-0056,Benin City,2026-09-02 15:11:00.022464,0,none
TXN-001921,CUST-00399,1718959,MERCH-0028,Kano,2026-09-17 18:25:00.960123,0,none
TXN-000083,CUST-00456,3259701,MERCH-0098,Kaduna,2026-09-22 12:54:00.166822,0,none
TXN-000817,CUST-00331,4264084,MERCH-0049,Abuja,2026-09-28 08:43:00.413857,0,none
TXN-008914,CUST-00430,4690415,MERCH-0081,Lagos,2026-08-23 16:29:00.256733,0,none
TXN-007924,CUST-00320,1301925,MERCH-0017,Abuja,2026-08-18 02:44:00.970616,1,off_hours
TXN-004397,CUST-00455,4811464,MERCH-0043,Ibadan,2026-09-12 08:02:00.429195,0,none
TXN-007305,CUST-00436,2103115,MERCH-0061,Abuja,2026-09-08 15:32:00.278412,0,none
TXN-005569,CUST-00236,549809,MERCH-0096,Kano,2026-08-31 14:08:00.320281,0,none
TXN-000284,CUST-00325,6506043,MERCH-0059,Kano,2026-07-22 17:19:00.015487,0,none
TXN-008112,CUST-00057,3540852,MERCH-0058,Benin City,2026-07-12 17:22:00.309414,0,none
TXN-004121,CUST-00434,1597525,MERCH-0022,Ibadan,2026-09-26 07:41:00.994160,0,none
TXN-008060,CUST-00490,2087240,MERCH-0084,Abuja,2026-09-07 15:27:00.500081,0,none
TXN-000610,CUST-00145,722787,MERCH-0087,Abuja,2026-07-15 08:26:00.432137,0,none
TXN-002916,CUST-00189,1154662,MERCH-0024,Port Harcourt,2026-07-21 17:44:00.833546,0,none
TXN-001814,CUST-00062,1586369,MERCH-0044,Enugu,2026-07-21 15:41:00.001786,0,none
TXN-001272,CUST-00155,838319,MERCH-0094,Kano,2026-08-23 14:22:00.070236,0,none
TXN-006390,CUST-00249,4427549,MERCH-0024,Lagos,2026-07-27 11:41:00.663953,0,none
TXN-009943,CUST-00447,1176072,MERCH-0079,Kaduna,2026-07-27 14:44:00.197877,0,none
TXN-002995,CUST-00385,4886906,MERCH-0094,Kano,2026-09-24 14:34:00.024654,1,geo_anomaly
TXN-007665,CUST-00429,5122845,MERCH-0005,Enugu,2026-09-27 19:18:00.933111,0,none
TXN-007236,CUST-00321,2384258,MERCH-0074,Benin City,2026-09-01 20:33:00.841524,0,none
TXN-006105,CUST-00406,338753,MERCH-0088,Benin City,2026-07-29 13:58:00.896783,0,none
TXN-007926,CUST-00404,361983,MERCH-0080,Port Harcourt,2026-08-05 18:28:00.429393,1,geo_anomaly
TXN-002643,CUST-00238,4235658,MERCH-0094,Kaduna,2026-09-27 09:57:00.545198,0,none
TXN-007076,CUST-00177,1680666,MERCH-0061,Benin City,2026-08-14 15:12:00.736489,0,none
TXN-004509,CUST-00487,629976,MERCH-0077,Kano,2026-07-11 12:54:00.257939,0,none
TXN-002306,CUST-00232,1917884,MERCH-0086,Port Harcourt,2026-07-17 19:03:00.694454,0,none
TXN-007024,CUST-00373,7681905,MERCH-0013,Kaduna,2026-09-26 09:23:00.441102,0,none
TXN-006763,CUST-00082,3399503,MERCH-0033,Lagos,2026-09-15 15:33:00.401431,0,none
TXN-004196,CUST-00139,902756,MERCH-0065,Enugu,2026-07-16 08:32:00.548674,0,none
TXN-005563,CUST-00200,1170560,MERCH-0009,Kaduna,2026-08-19 09:58:00.220825,0,none
TXN-004841,CUST-00035,3871595,MERCH-0039,Kano,2026-07-28 11:46:00.113388,0,none
TXN-004656,CUST-00070,1007825,MERCH-0006,Ibadan,2026-08-11 22:00:00.479236,0,none
TXN-008469,CUST-00102,3652025,MERCH-0063,Lagos,2026-07-09 08:22:00.828414,0,none
TXN-004169,CUST-00155,979705,MERCH-0025,Kano,2026-07-25 12:23:00.787557,0,none
TXN-003850,CUST-00174,3313511,MERCH-0016,Kaduna,2026-07-15 12:09:00.220845,0,none
TXN-BURST-TXN-004664-2,CUST-00316,888713,MERCH-0084,Benin City,2026-08-30 15:07:30.265512,1,velocity_burst
TXN-009684,CUST-00076,3130918,MERCH-0012,Kaduna,2026-08-08 14:55:00.493144,0,none
TXN-005254,CUST-00007,1075677,MERCH-0049,Abuja,2026-09-26 08:39:00.779906,0,none
TXN-009917,CUST-00343,1181694,MERCH-0086,Ibadan,2026-08-01 16:08:00.906337,0,none
TXN-005534,CUST-00426,5215110,MERCH-0100,Benin City,2026-09-29 15:27:00.844084,0,none
TXN-002415,CUST-00362,1860019,MERCH-0046,Lagos,2026-07-31 10:20:00.632641,0,none
TXN-003555,CUST-00482,675294,MERCH-0081,Port Harcourt,2026-07-29 19:27:00.836357,0,none
TXN-004692,CUST-00026,1602436,MERCH-0010,Kaduna,2026-08-23 09:37:00.115069,0,none
TXN-004499,CUST-00366,1174338,MERCH-0017,Port Harcourt,2026-09-20 09:29:00.062829,0,none
TXN-002196,CUST-00066,704890,MERCH-0100,Lagos,2026-09-16 16:45:00.539678,0,none
TXN-005046,CUST-00010,3607137,MERCH-0041,Ibadan,2026-07-09 19:25:00.393471,0,none
TXN-002601,CUST-00040,501857,MERCH-0006,Kano,2026-08-04 10:50:00.034742,0,none
TXN-006164,CUST-00286,3609484,MERCH-0012,Kaduna,2026-08-11 15:00:00.287950,0,none
TXN-001519,CUST-00021,4286605,MERCH-0058,Port Harcourt,2026-09-27 08:31:00.596802,0,none
TXN-004765,CUST-00158,2457587,MERCH-0081,Benin City,2026-08-02 13:16:00.358400,0,none
TXN-004315,CUST-00203,61713834,MERCH-0016,Kano,2026-08-18 15:37:00.261341,1,amount_anomaly
TXN-003367,CUST-00083,4219500,MERCH-0088,Abuja,2026-08-26 13:11:00.685734,0,none
TXN-006059,CUST-00310,1545088,MERCH-0055,Abuja,2026-07-18 15:44:00.897814,0,none
TXN-006544,CUST-00001,1091447,MERCH-0014,Abuja,2026-08-25 16:36:00.665910,0,none
TXN-007105,CUST-00403,3247953,MERCH-0074,Abuja,2026-09-24 10:06:00.948612,0,none
TXN-002634,CUST-00296,2524960,MERCH-0077,Kano,2026-09-18 19:16:00.394141,1,velocity_burst
TXN-009633,CUST-00291,1013391,MERCH-0051,Kaduna,2026-08-22 14:58:00.653233,0,none
TXN-005634,CUST-00081,3387926,MERCH-0017,Kano,2026-09-16 13:07:00.625119,0,none
TXN-008494,CUST-00364,1829292,MERCH-0016,Ibadan,2026-07-22 10:41:00.197998,0,none
TXN-005923,CUST-00082,4077228,MERCH-0033,Lagos,2026-08-27 13:34:00.315597,0,none
TXN-009108,CUST-00018,2155205,MERCH-0011,Abuja,2026-09-08 18:32:00.765482,0,none
TXN-002435,CUST-00343,1139719,MERCH-0079,Ibadan,2026-07-21 09:12:00.313462,0,none
TXN-008577,CUST-00486,3881782,MERCH-0094,Kano,2026-07-10 19:39:00.953600,0,none
TXN-008248,CUST-00329,4678997,MERCH-0016,Ibadan,2026-08-22 16:15:00.037580,0,none
TXN-007509,CUST-00175,2692604,MERCH-0004,Kano,2026-07-16 09:20:00.464662,0,none
TXN-007137,CUST-00405,3456843,MERCH-0035,Lagos,2026-08-12 14:35:00.934777,0,none
TXN-006065,CUST-00199,4400246,MERCH-0018,Kano,2026-10-02 14:39:00.111087,0,none
TXN-004521,CUST-00184,4484037,MERCH-0083,Abuja,2026-09-30 18:14:00.025986,1,velocity_burst
TXN-005588,CUST-00275,4133286,MERCH-0088,Enugu,2026-08-20 15:50:00.105933,0,none
TXN-003546,CUST-00370,5778769,MERCH-0081,Kano,2026-09-01 13:44:00.572300,0,none
TXN-006435,CUST-00379,1209294,MERCH-0048,Kano,2026-09-27 18:54:00.714668,0,none
TXN-006463,CUST-00219,4678886,MERCH-0018,Ibadan,2026-09-01 09:20:00.299520,0,none
TXN-009125,CUST-00257,5695980,MERCH-0095,Kano,2026-08-03 21:07:00.521112,0,none
TXN-005532,CUST-00103,3889062,MERCH-0031,Benin City,2026-09-11 16:16:00.557995,0,none
TXN-005445,CUST-00464,1380737,MERCH-0089,Benin City,2026-09-30 19:56:00.827369,0,none
TXN-000518,CUST-00203,1932323,MERCH-0067,Kano,2026-09-28 20:37:00.433818,0,none
TXN-006681,CUST-00165,1035295,MERCH-0040,Port Harcourt,2026-08-14 12:16:00.970340,0,none
TXN-006161,CUST-00291,1713540,MERCH-0039,Kaduna,2026-09-04 16:58:00.202963,0,none
TXN-007408,CUST-00217,1145185,MERCH-0079,Port Harcourt,2026-08-08 20:54:00.732126,0,none
TXN-009796,CUST-00497,1277841,MERCH-0038,Kaduna,2026-09-12 10:07:00.739332,0,none
TXN-008382,CUST-00031,510824,MERCH-0073,Kano,2026-07-24 18:21:00.321933,0,none
TXN-001416,CUST-00266,2907803,MERCH-0095,Kaduna,2026-09-30 19:09:00.408414,0,none
TXN-004665,CUST-00293,3743904,MERCH-0063,Ibadan,2026-08-15 19:41:00.703636,0,none
TXN-004457,CUST-00431,3735691,MERCH-0076,Ibadan,2026-09-19 17:29:00.149888,0,none
TXN-002762,CUST-00283,1447943,MERCH-0049,Kaduna,2026-07-08 20:21:00.141409,0,none
TXN-005912,CUST-00340,3231588,MERCH-0099,Lagos,2026-08-05 12:33:00.897971,0,none
TXN-004856,CUST-00131,1790384,MERCH-0006,Benin City,2026-07-29 16:17:00.955861,0,none
TXN-009181,CUST-00043,3479278,MERCH-0045,Abuja,2026-09-22 20:05:00.749238,1,velocity_burst
TXN-000128,CUST-00010,3060333,MERCH-0052,Ibadan,2026-07-17 16:22:00.826905,0,none
TXN-003475,CUST-00375,1375440,MERCH-0046,Kano,2026-08-25 18:22:00.779234,0,none
TXN-009170,CUST-00282,3079080,MERCH-0051,Abuja,2026-10-04 15:03:00.835817,0,none
TXN-004311,CUST-00409,1037912,MERCH-0023,Kano,2026-07-25 03:35:00.581266,1,off_hours
TXN-002439,CUST-00109,4310499,MERCH-0008,Abuja,2026-08-06 18:39:00.249790,0,none
TXN-003766,CUST-00126,4939491,MERCH-0059,Ibadan,2026-07-24 16:44:00.072837,1,geo_anomaly
TXN-009783,CUST-00448,3001242,MERCH-0034,Kaduna,2026-08-13 08:21:00.768646,0,none
TXN-006361,CUST-00358,1516581,MERCH-0041,Enugu,2026-09-07 14:55:00.298513,0,none
TXN-008184,CUST-00140,4521619,MERCH-0015,Kano,2026-07-29 16:57:00.680027,0,none
TXN-006713,CUST-00170,3068378,MERCH-0022,Kano,2026-08-12 19:35:00.991893,0,none
TXN-BURST-TXN-003213-1,CUST-00399,1327964,MERCH-0028,Kano,2026-09-08 10:15:00.000565,1,velocity_burst
TXN-001474,CUST-00076,3049969,MERCH-0029,Kaduna,2026-09-14 10:47:00.960387,0,none
TXN-004822,CUST-00405,3175714,MERCH-0096,Lagos,2026-09-29 12:38:00.039639,1,velocity_burst
TXN-007461,CUST-00484,647512,MERCH-0039,Lagos,2026-09-24 16:39:00.525010,0,none
TXN-003561,CUST-00358,2048414,MERCH-0051,Enugu,2026-08-22 07:00:00.417814,0,none
TXN-003952,CUST-00154,3824589,MERCH-0029,Enugu,2026-08-11 21:11:00.956700,0,none
TXN-000050,CUST-00278,3565996,MERCH-0070,Ibadan,2026-09-09 15:12:00.533624,0,none
TXN-005438,CUST-00286,2623069,MERCH-0012,Kaduna,2026-09-21 12:08:00.070360,0,none
TXN-BURST-TXN-006671-0,CUST-00047,5783293,MERCH-0006,Abuja,2026-09-16 10:43:30.342043,1,velocity_burst
TXN-000888,CUST-00482,1319085,MERCH-0052,Port Harcourt,2026-08-07 19:56:00.449950,1,velocity_burst
TXN-006262,CUST-00391,1475266,MERCH-0007,Port Harcourt,2026-09-18 17:45:00.070502,0,none
TXN-006044,CUST-00392,2319518,MERCH-0038,Kaduna,2026-08-05 11:05:00.542408,0,none
TXN-002617,CUST-00119,4308655,MERCH-0029,Port Harcourt,2026-07-12 11:18:00.260762,0,none
TXN-000517,CUST-00054,3066545,MERCH-0092,Abuja,2026-09-27 10:09:00.342121,0,none
TXN-003169,CUST-00229,2470459,MERCH-0016,Ibadan,2026-08-21 15:00:00.571545,0,none
TXN-002950,CUST-00383,23346763,MERCH-0010,Ibadan,2026-07-25 15:49:00.502534,1,amount_anomaly
TXN-001425,CUST-00222,5530389,MERCH-0054,Port Harcourt,2026-08-25 19:20:00.247902,0,none
TXN-000140,CUST-00286,3429560,MERCH-0012,Kaduna,2026-07-28 10:20:00.070435,0,none
TXN-001925,CUST-00405,4811652,MERCH-0096,Lagos,2026-08-20 11:01:00.282969,0,none
TXN-002379,CUST-00205,1220061,MERCH-0020,Port Harcourt,2026-08-28 18:57:00.461533,0,none
TXN-003198,CUST-00317,3269199,MERCH-0045,Ibadan,2026-08-27 20:08:00.702741,0,none
TXN-005132,CUST-00051,3112857,MERCH-0022,Enugu,2026-07-23 10:50:00.934820,0,none
TXN-000113,CUST-00028,4657314,MERCH-0022,Enugu,2026-08-23 13:00:00.205886,0,none
TXN-004560,CUST-00433,4104635,MERCH-0025,Benin City,2026-09-03 19:40:00.182691,0,none
TXN-004596,CUST-00328,4118745,MERCH-0091,Enugu,2026-08-22 14:10:00.567067,0,none
TXN-007865,CUST-00343,1639069,MERCH-0079,Ibadan,2026-08-28 10:53:00.896534,0,none
TXN-003251,CUST-00344,1760154,MERCH-0034,Kano,2026-07-23 08:52:00.435373,0,none
TXN-004691,CUST-00060,1123954,MERCH-0008,Ibadan,2026-09-23 16:00:00.242555,0,none
TXN-007979,CUST-00458,3401661,MERCH-0026,Kano,2026-08-02 07:10:00.965597,0,none
TXN-003698,CUST-00096,6186173,MERCH-0097,Lagos,2026-07-19 12:22:00.254654,0,none
TXN-004547,CUST-00127,254425,MERCH-0073,Ibadan,2026-09-17 09:01:00.990433,0,none
TXN-007357,CUST-00473,5419467,MERCH-0010,Port Harcourt,2026-08-03 12:12:00.756788,0,none
TXN-003278,CUST-00029,1944105,MERCH-0020,Kaduna,2026-09-16 19:42:00.343273,0,none
TXN-006786,CUST-00271,445011,MERCH-0082,Kano,2026-08-23 17:24:00.372172,0,none
TXN-007117,CUST-00436,4199925,MERCH-0061,Abuja,2026-08-24 20:50:00.988180,0,none
TXN-004069,CUST-00271,287828,MERCH-0086,Kano,2026-09-02 10:49:00.437299,0,none
TXN-004409,CUST-00294,3942820,MERCH-0073,Ibadan,2026-07-11 23:03:00.323953,1,off_hours
TXN-009127,CUST-00275,3418698,MERCH-0005,Enugu,2026-10-02 10:59:00.019861,0,none
TXN-008900,CUST-00307,1536147,MERCH-0015,Abuja,2026-09-20 12:29:00.881621,0,none
TXN-007955,CUST-00144,4636962,MERCH-0048,Enugu,2026-09-24 09:28:00.783913,0,none
TXN-003223,CUST-00333,3908976,MERCH-0057,Kaduna,2026-09-16 11:55:00.673323,0,none
TXN-008510,CUST-00035,4966945,MERCH-0068,Kano,2026-07-30 16:21:00.994906,0,none
TXN-000452,CUST-00076,1406583,MERCH-0089,Kaduna,2026-09-19 15:23:00.368876,0,none
TXN-003732,CUST-00188,2921300,MERCH-0048,Abuja,2026-08-01 10:20:00.546408,0,none
TXN-009278,CUST-00388,1382520,MERCH-0094,Port Harcourt,2026-07-08 16:26:00.587135,0,none
TXN-004987,CUST-00148,1122724,MERCH-0018,Lagos,2026-08-30 15:25:00.999160,0,none
TXN-003664,CUST-00142,1071155,MERCH-0044,Port Harcourt,2026-07-11 10:23:00.969604,0,none
TXN-002764,CUST-00275,4113278,MERCH-0005,Enugu,2026-09-14 14:02:00.648181,0,none
TXN-000659,CUST-00495,1740714,MERCH-0094,Port Harcourt,2026-09-27 13:10:00.293701,0,none
TXN-005603,CUST-00386,4433782,MERCH-0088,Kaduna,2026-08-31 12:23:00.612295,0,none
TXN-001856,CUST-00240,4215673,MERCH-0024,Enugu,2026-09-17 08:59:00.969876,0,none
TXN-004621,CUST-00354,1925080,MERCH-0053,Kaduna,2026-08-12 16:16:00.383943,0,none
TXN-001000,CUST-00073,2522069,MERCH-0036,Enugu,2026-09-15 10:05:00.410790,0,none
TXN-000390,CUST-00497,1186045,MERCH-0076,Kaduna,2026-08-30 09:26:00.815932,0,none
TXN-003408,CUST-00143,1770570,MERCH-0068,Enugu,2026-09-02 11:58:00.743050,0,none
TXN-001477,CUST-00181,2745967,MERCH-0046,Kano,2026-08-22 14:27:00.998946,0,none
TXN-002241,CUST-00391,3523113,MERCH-0051,Port Harcourt,2026-09-19 14:27:00.588339,0,none
TXN-002387,CUST-00362,1738639,MERCH-0092,Lagos,2026-07-11 16:31:00.958650,0,none
TXN-009469,CUST-00007,1098681,MERCH-0030,Abuja,2026-09-06 11:45:00.124335,0,none
TXN-000993,CUST-00163,1767696,MERCH-0048,Lagos,2026-08-31 21:26:00.712119,0,none
TXN-004998,CUST-00315,4131349,MERCH-0070,Kaduna,2026-07-10 07:04:00.489114,0,none
TXN-003923,CUST-00032,6842504,MERCH-0031,Abuja,2026-09-28 12:34:00.920196,0,none
TXN-002973,CUST-00268,3299847,MERCH-0088,Ibadan,2026-07-18 19:24:00.425111,0,none
TXN-003387,CUST-00344,798908,MERCH-0093,Kano,2026-09-01 10:23:00.002306,0,none
TXN-009109,CUST-00156,1727346,MERCH-0020,Ibadan,2026-09-08 19:12:00.208866,0,none
TXN-009629,CUST-00400,1104003,MERCH-0094,Ibadan,2026-08-26 10:47:00.936622,1,geo_anomaly
TXN-007507,CUST-00128,1862266,MERCH-0077,Ibadan,2026-09-29 16:33:00.355993,0,none
TXN-004770,CUST-00273,319608,MERCH-0020,Port Harcourt,2026-07-24 16:47:00.568360,0,none
TXN-001294,CUST-00126,3319323,MERCH-0025,Benin City,2026-07-20 06:36:00.645481,0,none
TXN-001825,CUST-00243,1484695,MERCH-0059,Port Harcourt,2026-08-15 20:06:00.223164,0,none
TXN-002874,CUST-00400,1143052,MERCH-0019,Enugu,2026-08-09 19:44:00.292331,0,none
TXN-004174,CUST-00093,1363805,MERCH-0042,Port Harcourt,2026-08-16 19:01:00.609354,0,none
TXN-002536,CUST-00135,3261961,MERCH-0052,Benin City,2026-08-02 10:50:00.160683,1,geo_anomaly
TXN-009462,CUST-00410,2474413,MERCH-0007,Ibadan,2026-10-03 15:47:00.455477,0,none
TXN-001908,CUST-00019,4778870,MERCH-0017,Abuja,2026-07-29 17:46:00.334874,0,none
TXN-000043,CUST-00128,2477911,MERCH-0036,Ibadan,2026-08-25 19:40:00.602597,0,none
TXN-009833,CUST-00110,3115374,MERCH-0068,Port Harcourt,2026-07-10 13:02:00.657027,0,none
TXN-000369,CUST-00121,4721682,MERCH-0082,Kaduna,2026-07-09 17:23:00.324651,0,none
TXN-006034,CUST-00490,2466231,MERCH-0046,Abuja,2026-09-07 18:51:00.042568,0,none
TXN-001152,CUST-00273,521880,MERCH-0020,Port Harcourt,2026-09-12 17:37:00.975313,0,none
TXN-001568,CUST-00391,2493589,MERCH-0074,Port Harcourt,2026-07-23 12:59:00.799063,0,none
TXN-007002,CUST-00103,3739371,MERCH-0050,Benin City,2026-08-17 19:36:00.610364,0,none
TXN-007486,CUST-00396,3796858,MERCH-0013,Kaduna,2026-07-07 17:56:00.084598,0,none
TXN-007029,CUST-00272,3986993,MERCH-0093,Benin City,2026-09-05 08:33:00.083619,1,geo_anomaly
TXN-008110,CUST-00426,5641653,MERCH-0092,Benin City,2026-08-01 19:55:00.956121,0,none
TXN-004161,CUST-00088,2647616,MERCH-0020,Abuja,2026-07-31 17:02:00.370147,0,none
TXN-004288,CUST-00305,4826844,MERCH-0079,Enugu,2026-08-03 15:52:00.555359,0,none
TXN-002231,CUST-00179,4120877,MERCH-0039,Kano,2026-08-25 10:31:00.192235,0,none
TXN-007247,CUST-00159,1498781,MERCH-0060,Port Harcourt,2026-09-30 14:00:00.580157,0,none
TXN-000175,CUST-00394,1360380,MERCH-0034,Kaduna,2026-10-03 19:49:00.031511,0,none
TXN-001904,CUST-00063,1449958,MERCH-0011,Enugu,2026-09-30 16:29:00.457007,0,none
TXN-001100,CUST-00479,1433300,MERCH-0100,Abuja,2026-07-09 16:29:00.434114,0,none
TXN-008450,CUST-00382,942385,MERCH-0051,Port Harcourt,2026-08-09 13:56:00.710145,0,none
TXN-003409,CUST-00344,1839299,MERCH-0034,Kano,2026-07-30 06:52:00.580453,0,none
TXN-001539,CUST-00344,2319316,MERCH-0022,Kano,2026-08-03 19:03:00.209178,0,none
TXN-002293,CUST-00246,2164669,MERCH-0075,Kano,2026-08-31 22:23:00.400199,0,none
TXN-009635,CUST-00252,2936433,MERCH-0030,Lagos,2026-08-01 09:16:00.693236,0,none
TXN-001364,CUST-00481,2779406,MERCH-0023,Port Harcourt,2026-07-14 13:00:00.487624,1,geo_anomaly
TXN-BURST-TXN-004642-1,CUST-00231,2048891,MERCH-0035,Kaduna,2026-09-19 14:59:00.765823,1,velocity_burst
TXN-008405,CUST-00298,2631236,MERCH-0097,Abuja,2026-09-18 15:29:00.547415,0,none
TXN-005261,CUST-00245,3469825,MERCH-0010,Abuja,2026-09-25 21:46:00.368730,0,none
TXN-007356,CUST-00094,1966378,MERCH-0052,Abuja,2026-07-10 19:25:00.037215,0,none
TXN-007607,CUST-00278,5006400,MERCH-0088,Ibadan,2026-08-13 15:46:00.497167,0,none
TXN-000681,CUST-00096,4503640,MERCH-0080,Lagos,2026-09-07 10:27:00.427554,0,none
TXN-009652,CUST-00402,4203971,MERCH-0076,Abuja,2026-09-24 12:02:00.514992,0,none
TXN-008224,CUST-00365,1786175,MERCH-0011,Ibadan,2026-09-14 13:10:00.807569,0,none
TXN-003665,CUST-00398,3684725,MERCH-0065,Ibadan,2026-08-05 10:24:00.078138,0,none
TXN-001662,CUST-00293,5078829,MERCH-0095,Ibadan,2026-10-02 18:26:00.042617,0,none
TXN-000509,CUST-00264,2587331,MERCH-0042,Kaduna,2026-07-21 11:29:00.203056,0,none
TXN-000167,CUST-00233,564652,MERCH-0061,Ibadan,2026-08-12 20:05:00.435941,0,none
TXN-005498,CUST-00396,2697617,MERCH-0013,Kaduna,2026-07-12 13:49:00.117288,0,none
TXN-008600,CUST-00358,1949607,MERCH-0090,Enugu,2026-09-13 08:44:00.486288,0,none
TXN-001007,CUST-00226,3086338,MERCH-0049,Kano,2026-09-11 11:52:00.565939,0,none
TXN-008653,CUST-00478,5522617,MERCH-0038,Benin City,2026-08-21 11:25:00.243678,0,none
TXN-001915,CUST-00372,1153205,MERCH-0036,Kano,2026-08-12 14:25:00.650788,0,none
TXN-003495,CUST-00451,1437263,MERCH-0065,Kano,2026-08-24 09:52:00.029143,0,none
TXN-009982,CUST-00263,2797730,MERCH-0002,Ibadan,2026-08-26 18:15:00.347808,0,none
TXN-BURST-TXN-002894-0,CUST-00124,2132490,MERCH-0054,Kaduna,2026-08-16 19:54:30.365420,1,velocity_burst
TXN-006960,CUST-00365,2108765,MERCH-0088,Ibadan,2026-07-27 08:37:00.669059,0,none
TXN-004991,CUST-00331,1863262,MERCH-0100,Abuja,2026-09-05 09:35:00.575937,0,none
TXN-002537,CUST-00212,4263236,MERCH-0093,Enugu,2026-08-03 09:19:00.164663,0,none
TXN-001105,CUST-00403,3390313,MERCH-0063,Abuja,2026-09-07 20:53:00.685716,0,none
TXN-003876,CUST-00315,5356632,MERCH-0070,Kaduna,2026-09-10 18:49:00.418847,0,none
TXN-008108,CUST-00457,2238028,MERCH-0090,Lagos,2026-08-26 20:28:00.513232,0,none
TXN-001753,CUST-00406,552849,MERCH-0090,Benin City,2026-07-18 08:14:00.318166,0,none
TXN-005311,CUST-00007,669639,MERCH-0030,Abuja,2026-09-20 17:08:00.765101,0,none
TXN-005953,CUST-00228,4343989,MERCH-0039,Port Harcourt,2026-09-15 19:32:00.073038,0,none
TXN-007518,CUST-00271,620802,MERCH-0080,Kano,2026-07-22 23:29:00.727822,1,off_hours
TXN-002917,CUST-00257,2137925,MERCH-0072,Kano,2026-07-17 12:46:00.515146,0,none
TXN-008423,CUST-00339,835149,MERCH-0006,Abuja,2026-07-09 17:15:00.977778,0,none
TXN-005755,CUST-00442,2466796,MERCH-0006,Port Harcourt,2026-09-14 16:27:00.644864,0,none
TXN-000153,CUST-00091,7356579,MERCH-0074,Lagos,2026-09-20 15:44:00.362308,0,none
TXN-005231,CUST-00249,3853825,MERCH-0009,Lagos,2026-09-23 10:01:00.320784,0,none
TXN-005680,CUST-00374,2297244,MERCH-0074,Ibadan,2026-07-17 18:47:00.167702,0,none
TXN-003908,CUST-00398,4340836,MERCH-0087,Ibadan,2026-07-14 14:40:00.620635,0,none
TXN-009465,CUST-00156,1627048,MERCH-0023,Ibadan,2026-08-05 13:40:00.837243,1,velocity_burst
TXN-002553,CUST-00209,2766725,MERCH-0078,Kaduna,2026-07-17 12:38:00.454120,0,none
TXN-002774,CUST-00160,1488823,MERCH-0079,Lagos,2026-10-05 20:34:00.082006,0,none
TXN-006578,CUST-00157,2282677,MERCH-0083,Abuja,2026-07-24 09:31:00.573564,0,none
TXN-003552,CUST-00178,3054917,MERCH-0003,Kaduna,2026-07-13 15:43:00.005665,0,none
TXN-003723,CUST-00427,6532901,MERCH-0058,Abuja,2026-07-14 11:04:00.944456,0,none
TXN-007169,CUST-00394,1688849,MERCH-0085,Kaduna,2026-09-03 12:51:00.334339,0,none
TXN-000521,CUST-00305,5120304,MERCH-0056,Enugu,2026-09-09 20:27:00.753475,0,none
TXN-008409,CUST-00317,3459626,MERCH-0100,Ibadan,2026-09-09 09:39:00.766100,0,none
TXN-009277,CUST-00257,5829594,MERCH-0008,Kano,2026-08-12 08:51:00.719840,0,none
TXN-004539,CUST-00338,1391494,MERCH-0098,Benin City,2026-08-21 14:52:00.017720,0,none
TXN-006176,CUST-00393,1689202,MERCH-0038,Kaduna,2026-07-11 10:47:00.230907,0,none
TXN-007316,CUST-00380,718722,MERCH-0056,Enugu,2026-09-23 14:39:00.448931,0,none
TXN-001823,CUST-00030,4850811,MERCH-0011,Lagos,2026-07-08 17:59:00.526254,0,none
TXN-004087,CUST-00032,4754657,MERCH-0031,Abuja,2026-08-08 17:13:00.102952,0,none
TXN-006854,CUST-00390,1478629,MERCH-0090,Enugu,2026-08-03 16:25:00.679302,0,none
TXN-009057,CUST-00149,5382197,MERCH-0096,Port Harcourt,2026-09-17 10:30:00.917267,0,none
TXN-008375,CUST-00149,1738286,MERCH-0069,Port Harcourt,2026-08-28 06:05:00.270014,1,velocity_burst
TXN-009121,CUST-00044,2426738,MERCH-0036,Ibadan,2026-08-12 06:55:00.349185,0,none
TXN-000310,CUST-00345,2075653,MERCH-0035,Benin City,2026-10-01 11:33:00.738504,0,none
TXN-004309,CUST-00249,3592275,MERCH-0005,Lagos,2026-08-06 14:35:00.241148,0,none
TXN-007950,CUST-00236,903015,MERCH-0005,Kano,2026-09-09 16:50:00.836618,0,none
TXN-007882,CUST-00185,3228339,MERCH-0100,Kaduna,2026-08-28 19:50:00.946939,0,none
TXN-003600,CUST-00084,1486627,MERCH-0077,Ibadan,2026-07-19 10:11:00.054265,0,none
TXN-003623,CUST-00432,2596219,MERCH-0094,Port Harcourt,2026-07-21 07:39:00.278791,0,none
TXN-003812,CUST-00340,4770229,MERCH-0011,Lagos,2026-09-21 19:26:00.017266,0,none
TXN-006006,CUST-00019,5095100,MERCH-0071,Abuja,2026-09-27 20:36:00.093103,0,none
TXN-003451,CUST-00315,181828138,MERCH-0100,Kaduna,2026-09-26 21:02:00.288243,1,amount_anomaly
TXN-004592,CUST-00001,15615710,MERCH-0095,Abuja,2026-08-24 15:49:00.343733,1,amount_anomaly
TXN-000206,CUST-00322,4346851,MERCH-0089,Enugu,2026-07-17 14:57:00.732474,0,none
TXN-BURST-TXN-004531-1,CUST-00040,783321,MERCH-0017,Kano,2026-08-22 15:55:00.839856,1,velocity_burst
TXN-001136,CUST-00484,1595666,MERCH-0088,Lagos,2026-09-16 18:27:00.018947,0,none
TXN-009721,CUST-00359,2700053,MERCH-0018,Benin City,2026-10-01 16:36:00.103190,0,none
TXN-002750,CUST-00100,5339223,MERCH-0019,Kano,2026-09-24 22:48:00.384241,0,none
TXN-003614,CUST-00350,1904471,MERCH-0093,Enugu,2026-09-26 13:45:00.022726,0,none
TXN-000306,CUST-00050,3456574,MERCH-0027,Kano,2026-08-28 19:22:00.598811,1,velocity_burst
TXN-001850,CUST-00179,5168426,MERCH-0054,Kano,2026-08-10 16:53:00.074123,0,none
TXN-009132,CUST-00227,4415079,MERCH-0093,Kano,2026-07-16 20:08:00.345463,0,none
TXN-009396,CUST-00114,4662373,MERCH-0003,Enugu,2026-09-29 17:40:00.392421,0,none
TXN-001989,CUST-00077,2785970,MERCH-0071,Ibadan,2026-09-03 20:12:00.098597,0,none
TXN-003241,CUST-00369,3109385,MERCH-0071,Lagos,2026-08-27 15:05:00.673142,0,none
TXN-002799,CUST-00055,2095069,MERCH-0100,Enugu,2026-09-20 18:41:00.995688,0,none
TXN-004516,CUST-00287,1687285,MERCH-0012,Enugu,2026-09-27 13:19:00.372644,0,none
TXN-005631,CUST-00169,3815134,MERCH-0085,Abuja,2026-09-07 14:03:00.422994,0,none
TXN-008505,CUST-00338,1837798,MERCH-0061,Benin City,2026-07-16 14:08:00.016616,0,none
TXN-003110,CUST-00303,5280401,MERCH-0091,Abuja,2026-07-07 16:35:00.703805,0,none
TXN-004940,CUST-00401,4260588,MERCH-0054,Enugu,2026-09-06 21:14:00.686159,0,none
TXN-004060,CUST-00057,3298901,MERCH-0061,Benin City,2026-09-30 10:11:00.325276,0,none
TXN-001988,CUST-00116,1571851,MERCH-0088,Ibadan,2026-09-23 13:14:00.496418,0,none
TXN-007717,CUST-00359,6140439,MERCH-0018,Benin City,2026-09-09 10:04:00.156881,0,none
TXN-009196,CUST-00145,1322505,MERCH-0087,Abuja,2026-09-06 12:22:00.118046,0,none
TXN-007140,CUST-00299,1371610,MERCH-0067,Enugu,2026-08-22 16:06:00.193119,0,none
TXN-000384,CUST-00192,7414871,MERCH-0087,Benin City,2026-09-06 14:46:00.166482,0,none
TXN-005635,CUST-00266,3330719,MERCH-0053,Kaduna,2026-08-10 14:44:00.258012,0,none
TXN-004308,CUST-00397,2285769,MERCH-0008,Benin City,2026-09-01 18:12:00.728871,0,none
TXN-003389,CUST-00131,4333904,MERCH-0085,Benin City,2026-09-24 17:21:00.146588,0,none
TXN-003157,CUST-00490,1618110,MERCH-0084,Abuja,2026-09-11 08:06:00.754818,0,none
TXN-006054,CUST-00200,799845,MERCH-0048,Kaduna,2026-07-09 11:00:00.495712,0,none
TXN-BURST-TXN-009828-1,CUST-00256,4206991,MERCH-0099,Kano,2026-08-26 10:07:00.048096,1,velocity_burst
TXN-002728,CUST-00464,1741072,MERCH-0015,Benin City,2026-09-30 15:25:00.767126,0,none
TXN-006841,CUST-00355,667497,MERCH-0068,Benin City,2026-07-31 09:11:00.952667,0,none
TXN-009326,CUST-00016,7091792,MERCH-0081,Port Harcourt,2026-08-01 09:42:00.671635,0,none
TXN-008998,CUST-00202,5319342,MERCH-0071,Abuja,2026-08-18 13:14:00.015382,0,none
TXN-008603,CUST-00348,2919913,MERCH-0006,Abuja,2026-08-19 12:54:00.607295,0,none
TXN-009345,CUST-00148,771153,MERCH-0018,Lagos,2026-08-23 14:59:00.044984,0,none
TXN-003833,CUST-00313,2416346,MERCH-0004,Kaduna,2026-08-21 12:57:00.507994,0,none
TXN-009095,CUST-00014,854438,MERCH-0033,Lagos,2026-07-22 15:51:00.684368,0,none
TXN-004777,CUST-00046,642964,MERCH-0045,Port Harcourt,2026-07-23 09:36:00.466731,0,none
TXN-004277,CUST-00343,939814,MERCH-0008,Ibadan,2026-07-28 18:50:00.141760,0,none
TXN-000254,CUST-00158,2574990,MERCH-0057,Benin City,2026-08-14 08:38:00.878485,0,none
TXN-007720,CUST-00427,2039296,MERCH-0008,Abuja,2026-10-02 19:02:00.725166,0,none
TXN-009937,CUST-00190,2028365,MERCH-0022,Abuja,2026-07-18 13:47:00.933834,0,none
TXN-007855,CUST-00195,4165071,MERCH-0004,Benin City,2026-07-20 11:07:00.158295,0,none
TXN-000279,CUST-00020,1562247,MERCH-0028,Kano,2026-08-16 19:30:00.055421,0,none
TXN-003253,CUST-00224,2169721,MERCH-0015,Enugu,2026-07-08 08:22:00.199279,0,none
TXN-002481,CUST-00045,2501303,MERCH-0023,Enugu,2026-09-17 13:41:00.482763,0,none
TXN-000290,CUST-00378,3461418,MERCH-0076,Kano,2026-09-26 07:18:00.514307,0,none
TXN-009431,CUST-00151,987991,MERCH-0055,Enugu,2026-07-25 12:47:00.737596,0,none
TXN-003076,CUST-00170,6383047,MERCH-0022,Kano,2026-07-14 16:02:00.684443,0,none
TXN-004074,CUST-00054,2153778,MERCH-0064,Abuja,2026-08-18 16:36:00.731319,0,none
TXN-008189,CUST-00336,2251797,MERCH-0096,Port Harcourt,2026-08-06 18:01:00.387240,0,none
TXN-006915,CUST-00045,8119549,MERCH-0075,Enugu,2026-07-12 10:09:00.089351,0,none
TXN-006109,CUST-00359,5267143,MERCH-0026,Benin City,2026-09-17 09:34:00.495709,0,none
TXN-005090,CUST-00401,2221150,MERCH-0067,Enugu,2026-08-24 18:12:00.107811,0,none
TXN-006333,CUST-00289,3519240,MERCH-0039,Kano,2026-09-29 15:54:00.303438,0,none
TXN-007214,CUST-00023,3182663,MERCH-0032,Ibadan,2026-08-07 11:34:00.311093,0,none
TXN-BURST-TXN-009465-2,CUST-00156,1627048,MERCH-0023,Ibadan,2026-08-05 13:41:30.837243,1,velocity_burst
TXN-BURST-TXN-001643-0,CUST-00294,2914538,MERCH-0073,Ibadan,2026-07-28 11:24:30.200247,1,velocity_burst
TXN-008704,CUST-00078,2816013,MERCH-0016,Benin City,2026-07-27 16:14:00.707920,0,none
TXN-009282,CUST-00004,775964,MERCH-0014,Kano,2026-07-14 10:11:00.172188,0,none
TXN-006602,CUST-00016,4484507,MERCH-0039,Port Harcourt,2026-09-30 19:06:00.076453,0,none
TXN-004067,CUST-00390,2283739,MERCH-0090,Enugu,2026-08-08 14:06:00.638598,0,none
TXN-000271,CUST-00344,1550469,MERCH-0002,Kano,2026-09-17 08:46:00.587278,0,none
TXN-006010,CUST-00409,1182115,MERCH-0068,Kano,2026-09-16 17:51:00.212818,0,none
TXN-004571,CUST-00288,3729952,MERCH-0093,Lagos,2026-07-24 21:51:00.317044,0,none
TXN-003577,CUST-00449,4614371,MERCH-0062,Ibadan,2026-08-13 15:54:00.184960,0,none
TXN-003566,CUST-00067,1941298,MERCH-0028,Lagos,2026-08-13 09:18:00.324851,0,none
TXN-002972,CUST-00426,2402437,MERCH-0100,Benin City,2026-09-27 11:56:00.753061,0,none
TXN-006685,CUST-00208,4281262,MERCH-0010,Port Harcourt,2026-08-22 14:18:00.677022,0,none
TXN-009085,CUST-00481,4679649,MERCH-0007,Lagos,2026-09-11 13:15:00.068314,0,none
TXN-004208,CUST-00380,1127415,MERCH-0021,Enugu,2026-07-20 11:08:00.757123,0,none
TXN-003219,CUST-00186,2197031,MERCH-0066,Lagos,2026-09-27 11:03:00.640860,0,none
TXN-001392,CUST-00202,7725567,MERCH-0017,Abuja,2026-08-24 21:59:00.402085,0,none
TXN-003976,CUST-00284,3738621,MERCH-0049,Abuja,2026-09-08 07:01:00.267375,0,none
TXN-004317,CUST-00283,1934433,MERCH-0075,Kaduna,2026-07-20 18:30:00.396861,0,none
TXN-008549,CUST-00254,2505679,MERCH-0058,Lagos,2026-07-30 07:48:00.832342,0,none
TXN-007914,CUST-00053,3423999,MERCH-0061,Ibadan,2026-10-02 13:58:00.827426,0,none
TXN-008023,CUST-00289,3735390,MERCH-0039,Kano,2026-09-27 10:55:00.334923,0,none
TXN-000084,CUST-00162,1263823,MERCH-0092,Kano,2026-09-10 13:58:00.096277,0,none
TXN-000874,CUST-00084,1330138,MERCH-0077,Ibadan,2026-09-22 17:56:00.963299,0,none
TXN-009953,CUST-00063,1733157,MERCH-0076,Enugu,2026-08-23 16:03:00.336431,0,none
TXN-008212,CUST-00262,1124788,MERCH-0086,Ibadan,2026-09-03 09:23:00.720152,0,none
TXN-004558,CUST-00264,2308382,MERCH-0049,Kaduna,2026-09-11 19:55:00.368575,0,none
TXN-004501,CUST-00047,2622963,MERCH-0091,Abuja,2026-08-21 13:43:00.882438,0,none
TXN-004648,CUST-00358,1357279,MERCH-0095,Enugu,2026-09-03 13:09:00.928783,0,none
TXN-006638,CUST-00297,6481329,MERCH-0090,Enugu,2026-09-08 12:47:00.313262,0,none
TXN-009079,CUST-00031,1052145,MERCH-0032,Kano,2026-10-04 15:47:00.904900,0,none
TXN-002039,CUST-00146,4727706,MERCH-0097,Kaduna,2026-07-19 14:49:00.118348,0,none
TXN-008014,CUST-00220,4520487,MERCH-0078,Benin City,2026-09-01 18:09:00.895199,0,none
TXN-BURST-TXN-001128-1,CUST-00024,1199274,MERCH-0087,Abuja,2026-08-02 13:43:00.554009,1,velocity_burst
TXN-007455,CUST-00431,2458569,MERCH-0076,Ibadan,2026-08-19 12:03:00.456956,0,none
TXN-002451,CUST-00425,5506999,MERCH-0018,Enugu,2026-09-06 04:24:00.246024,1,off_hours
TXN-003955,CUST-00489,2475144,MERCH-0097,Port Harcourt,2026-08-29 15:55:00.969781,0,none
TXN-002330,CUST-00070,560217,MERCH-0045,Ibadan,2026-08-21 12:43:00.708901,0,none
TXN-009453,CUST-00472,621538,MERCH-0081,Port Harcourt,2026-08-06 16:55:00.809350,0,none
TXN-006243,CUST-00263,2474178,MERCH-0025,Ibadan,2026-07-17 14:12:00.319443,0,none
TXN-007595,CUST-00044,2206899,MERCH-0036,Ibadan,2026-09-06 17:24:00.006704,0,none
TXN-005043,CUST-00380,1623146,MERCH-0021,Enugu,2026-09-20 08:25:00.627977,0,none
TXN-009701,CUST-00082,3415079,MERCH-0007,Lagos,2026-07-12 10:12:00.197479,0,none
TXN-004747,CUST-00064,989344,MERCH-0034,Enugu,2026-09-21 17:38:00.377383,0,none
TXN-009704,CUST-00487,591573,MERCH-0069,Kano,2026-07-31 13:21:00.112400,0,none
TXN-008525,CUST-00040,771002,MERCH-0040,Kano,2026-07-22 16:54:00.866456,0,none
TXN-007013,CUST-00107,3243363,MERCH-0092,Abuja,2026-08-07 21:28:00.167749,0,none
TXN-008269,CUST-00157,1312092,MERCH-0088,Abuja,2026-08-03 16:48:00.008837,0,none
TXN-006866,CUST-00039,1967935,MERCH-0089,Kano,2026-08-10 13:48:00.583059,0,none
TXN-002402,CUST-00231,2489274,MERCH-0090,Kaduna,2026-07-28 12:50:00.081736,0,none
TXN-005521,CUST-00184,3727114,MERCH-0083,Abuja,2026-08-04 09:35:00.690693,0,none
TXN-001217,CUST-00323,3222544,MERCH-0082,Kaduna,2026-08-04 13:45:00.407836,0,none
TXN-009009,CUST-00127,525274,MERCH-0073,Ibadan,2026-09-02 13:59:00.090765,0,none
TXN-006021,CUST-00222,2820363,MERCH-0015,Port Harcourt,2026-09-07 11:30:00.187672,0,none
TXN-BURST-TXN-005991-1,CUST-00403,3682667,MERCH-0078,Abuja,2026-08-31 19:20:00.164130,1,velocity_burst
TXN-001065,CUST-00345,2950586,MERCH-0055,Benin City,2026-08-15 10:57:00.925442,0,none
TXN-003787,CUST-00112,6311978,MERCH-0087,Ibadan,2026-09-27 18:49:00.683609,0,none
TXN-004411,CUST-00426,2817260,MERCH-0100,Benin City,2026-09-20 20:21:00.145416,0,none
TXN-007403,CUST-00182,1166280,MERCH-0003,Benin City,2026-08-01 12:55:00.088860,0,none
TXN-007298,CUST-00261,3127481,MERCH-0048,Enugu,2026-10-05 17:36:00.378346,0,none
TXN-005524,CUST-00187,6289675,MERCH-0035,Enugu,2026-07-11 11:33:00.082710,0,none
TXN-005997,CUST-00414,708381,MERCH-0061,Ibadan,2026-08-22 19:06:00.774583,0,none
TXN-009154,CUST-00395,2552508,MERCH-0057,Enugu,2026-08-30 19:06:00.061274,0,none
TXN-005889,CUST-00170,1068580,MERCH-0080,Kano,2026-08-12 10:02:00.166107,0,none
TXN-002162,CUST-00382,668208,MERCH-0074,Port Harcourt,2026-08-27 12:41:00.020059,0,none
TXN-003009,CUST-00226,3743554,MERCH-0062,Kano,2026-07-29 08:45:00.499830,0,none
TXN-009043,CUST-00288,3878372,MERCH-0032,Lagos,2026-09-20 15:31:00.487225,0,none
TXN-001106,CUST-00087,4387465,MERCH-0037,Kaduna,2026-09-07 09:22:00.538836,0,none
TXN-007183,CUST-00465,3905476,MERCH-0067,Kaduna,2026-09-04 11:12:00.741532,0,none
TXN-000693,CUST-00463,3975598,MERCH-0038,Port Harcourt,2026-07-15 17:01:00.816442,1,velocity_burst
TXN-BURST-TXN-000619-1,CUST-00417,589471,MERCH-0037,Abuja,2026-07-16 16:09:00.881848,1,velocity_burst
TXN-004957,CUST-00276,5839394,MERCH-0082,Enugu,2026-07-21 19:19:00.474224,0,none
TXN-007123,CUST-00027,1411501,MERCH-0031,Abuja,2026-07-19 11:59:00.820912,0,none
TXN-008832,CUST-00062,2941539,MERCH-0056,Enugu,2026-09-14 16:00:00.207187,0,none
TXN-004370,CUST-00004,2062578,MERCH-0044,Kano,2026-08-24 20:01:00.597459,0,none
TXN-002766,CUST-00418,1491607,MERCH-0025,Kaduna,2026-09-14 10:17:00.288073,0,none
TXN-003930,CUST-00032,3331277,MERCH-0041,Abuja,2026-08-06 17:25:00.054480,0,none
TXN-007690,CUST-00204,2543436,MERCH-0037,Port Harcourt,2026-09-05 16:07:00.385257,0,none
TXN-009050,CUST-00102,2022688,MERCH-0058,Lagos,2026-07-21 17:57:00.942370,0,none
TXN-008116,CUST-00091,5149021,MERCH-0004,Lagos,2026-09-03 21:59:00.677576,0,none
TXN-006909,CUST-00380,489350,MERCH-0056,Enugu,2026-08-08 16:48:00.957468,0,none
TXN-000629,CUST-00182,1825886,MERCH-0082,Benin City,2026-08-05 19:45:00.932950,0,none
TXN-002452,CUST-00201,4782249,MERCH-0017,Port Harcourt,2026-08-21 21:10:00.627930,0,none
TXN-006740,CUST-00018,3297968,MERCH-0031,Abuja,2026-08-19 19:08:00.316564,0,none
TXN-007101,CUST-00111,1147846,MERCH-0031,Kano,2026-09-25 18:45:00.264849,0,none
TXN-003825,CUST-00389,3695944,MERCH-0022,Abuja,2026-08-13 12:39:00.706405,0,none
TXN-009304,CUST-00254,2869346,MERCH-0058,Lagos,2026-07-12 16:59:00.962654,1,velocity_burst
TXN-002653,CUST-00146,2675951,MERCH-0097,Kaduna,2026-09-20 16:48:00.837719,0,none
TXN-009771,CUST-00133,1097304,MERCH-0036,Kaduna,2026-08-05 14:36:00.114480,0,none
TXN-003744,CUST-00339,445540,MERCH-0034,Abuja,2026-08-26 12:19:00.761657,0,none
TXN-002177,CUST-00363,3505180,MERCH-0058,Enugu,2026-09-06 20:23:00.106462,0,none
TXN-BURST-TXN-007318-0,CUST-00179,3029367,MERCH-0016,Kano,2026-07-30 12:17:30.465505,1,velocity_burst
TXN-009597,CUST-00041,1943430,MERCH-0053,Ibadan,2026-09-19 16:05:00.870389,0,none
TXN-003319,CUST-00320,1743201,MERCH-0084,Abuja,2026-08-30 12:53:00.226795,0,none
TXN-006852,CUST-00099,3165288,MERCH-0016,Lagos,2026-08-23 12:35:00.582419,0,none
TXN-002788,CUST-00109,3416618,MERCH-0008,Abuja,2026-09-03 17:24:00.465880,0,none
TXN-004106,CUST-00457,5691283,MERCH-0048,Lagos,2026-08-13 13:34:00.836693,0,none
TXN-006867,CUST-00383,27466780,MERCH-0010,Ibadan,2026-09-25 19:31:00.312134,1,amount_anomaly
TXN-001677,CUST-00376,4011857,MERCH-0012,Kaduna,2026-07-23 12:35:00.956339,0,none
TXN-003948,CUST-00395,1983550,MERCH-0024,Enugu,2026-08-05 17:08:00.841836,0,none
TXN-004445,CUST-00203,884343,MERCH-0016,Enugu,2026-09-09 16:23:00.384963,1,geo_anomaly
TXN-002937,CUST-00213,7194825,MERCH-0065,Kano,2026-07-29 13:25:00.794769,0,none
TXN-007189,CUST-00470,2093682,MERCH-0066,Benin City,2026-07-28 08:50:00.488385,0,none
TXN-002838,CUST-00353,1093754,MERCH-0032,Benin City,2026-07-15 16:10:00.292253,0,none
TXN-005723,CUST-00484,1307758,MERCH-0038,Lagos,2026-09-09 15:17:00.525680,0,none
TXN-008015,CUST-00149,3353932,MERCH-0023,Port Harcourt,2026-08-02 07:17:00.544889,0,none
TXN-002504,CUST-00156,1035431,MERCH-0098,Ibadan,2026-08-05 16:37:00.946015,0,none
TXN-008786,CUST-00133,1462496,MERCH-0080,Kaduna,2026-09-30 17:31:00.535000,0,none
TXN-002370,CUST-00164,2691198,MERCH-0087,Enugu,2026-09-11 11:36:00.774216,0,none
TXN-004968,CUST-00202,2621900,MERCH-0076,Abuja,2026-09-07 21:47:00.083962,0,none
TXN-005884,CUST-00479,1194802,MERCH-0028,Abuja,2026-09-21 12:16:00.238074,0,none
TXN-002218,CUST-00095,4303567,MERCH-0052,Abuja,2026-08-05 14:12:00.487932,0,none
TXN-005848,CUST-00045,6556329,MERCH-0023,Enugu,2026-09-09 14:05:00.452721,0,none
TXN-002219,CUST-00117,2296421,MERCH-0047,Lagos,2026-09-09 14:28:00.356506,0,none
TXN-003327,CUST-00075,2755577,MERCH-0011,Benin City,2026-07-13 15:41:00.373126,0,none
TXN-007269,CUST-00049,4975559,MERCH-0086,Port Harcourt,2026-08-22 17:22:00.395213,0,none
TXN-003584,CUST-00065,8014713,MERCH-0036,Ibadan,2026-07-15 15:07:00.043595,0,none
TXN-BURST-TXN-004301-0,CUST-00062,3928864,MERCH-0044,Enugu,2026-09-11 17:43:30.376650,1,velocity_burst
TXN-003620,CUST-00153,1764730,MERCH-0056,Kaduna,2026-08-30 07:55:00.527828,0,none
TXN-006218,CUST-00239,854174,MERCH-0097,Kano,2026-08-14 09:45:00.883449,0,none
TXN-002469,CUST-00023,1643403,MERCH-0074,Ibadan,2026-08-03 13:46:00.620579,0,none
TXN-006947,CUST-00358,1943877,MERCH-0051,Enugu,2026-07-08 12:45:00.366507,0,none
TXN-003116,CUST-00443,2279931,MERCH-0002,Benin City,2026-07-07 17:26:00.350635,1,velocity_burst
TXN-000086,CUST-00020,2648273,MERCH-0094,Kano,2026-08-03 15:09:00.508131,0,none
TXN-008772,CUST-00179,5220737,MERCH-0054,Kano,2026-07-30 14:56:00.621289,0,none
TXN-005974,CUST-00428,2662010,MERCH-0012,Ibadan,2026-07-13 13:49:00.159656,0,none
TXN-002802,CUST-00104,4934370,MERCH-0049,Ibadan,2026-07-18 09:24:00.949096,0,none
TXN-003672,CUST-00349,5349325,MERCH-0005,Kaduna,2026-08-08 09:34:00.520472,0,none
TXN-003668,CUST-00406,586069,MERCH-0063,Benin City,2026-07-13 14:52:00.535319,0,none
TXN-BURST-TXN-003581-2,CUST-00344,1596379,MERCH-0002,Kano,2026-09-11 17:10:30.318883,1,velocity_burst
TXN-005159,CUST-00187,4670021,MERCH-0046,Enugu,2026-07-27 10:28:00.904253,0,none
TXN-005726,CUST-00319,8260491,MERCH-0091,Benin City,2026-08-16 17:17:00.511863,0,none
TXN-004591,CUST-00371,2930809,MERCH-0035,Benin City,2026-07-29 11:21:00.472466,0,none
TXN-002020,CUST-00099,3566970,MERCH-0016,Lagos,2026-07-29 18:10:00.835941,0,none
TXN-003424,CUST-00267,869263,MERCH-0093,Kano,2026-09-18 11:36:00.320518,0,none
TXN-002526,CUST-00414,1051725,MERCH-0061,Ibadan,2026-08-25 09:06:00.668140,0,none
TXN-009026,CUST-00081,1215606,MERCH-0090,Kano,2026-10-02 09:44:00.485606,0,none
TXN-006729,CUST-00480,820789,MERCH-0083,Enugu,2026-07-15 20:56:00.041375,0,none
TXN-003213,CUST-00399,1327964,MERCH-0028,Kano,2026-09-08 10:14:00.000565,1,velocity_burst
TXN-000520,CUST-00500,1289549,MERCH-0009,Kaduna,2026-08-26 11:12:00.526179,0,none
TXN-005367,CUST-00219,5599643,MERCH-0018,Ibadan,2026-07-22 16:52:00.595409,0,none
TXN-007300,CUST-00054,3990574,MERCH-0050,Abuja,2026-08-10 14:58:00.713705,0,none
TXN-006594,CUST-00018,3615360,MERCH-0011,Abuja,2026-08-06 11:45:00.709924,0,none
TXN-002896,CUST-00034,2079699,MERCH-0034,Abuja,2026-10-03 14:51:00.735694,0,none
TXN-000245,CUST-00088,2320657,MERCH-0015,Abuja,2026-09-26 16:06:00.568921,0,none
TXN-005931,CUST-00058,2127158,MERCH-0035,Ibadan,2026-08-23 13:59:00.713755,0,none
TXN-004715,CUST-00062,3137840,MERCH-0056,Enugu,2026-09-28 13:29:00.025513,0,none
TXN-009911,CUST-00049,3859392,MERCH-0025,Port Harcourt,2026-07-09 15:53:00.768363,0,none
TXN-003426,CUST-00201,5737968,MERCH-0053,Port Harcourt,2026-08-30 18:13:00.570649,0,none
TXN-007273,CUST-00391,3201450,MERCH-0074,Port Harcourt,2026-08-25 14:21:00.869240,0,none
TXN-007477,CUST-00313,4360262,MERCH-0004,Kaduna,2026-09-13 12:05:00.865831,0,none
TXN-009930,CUST-00182,787228,MERCH-0061,Benin City,2026-08-02 11:17:00.892096,0,none
TXN-007162,CUST-00023,3306494,MERCH-0017,Ibadan,2026-08-16 15:54:00.741832,0,none
TXN-006667,CUST-00424,4207211,MERCH-0010,Abuja,2026-09-23 19:35:00.846910,0,none
TXN-008912,CUST-00016,3726511,MERCH-0082,Port Harcourt,2026-09-29 13:11:00.004965,0,none
TXN-005510,CUST-00124,2643728,MERCH-0084,Kaduna,2026-08-20 10:04:00.771292,0,none
TXN-006298,CUST-00135,3041330,MERCH-0053,Abuja,2026-08-04 15:24:00.140473,0,none
TXN-002002,CUST-00038,1120937,MERCH-0001,Lagos,2026-08-31 16:07:00.986618,0,none
TXN-000886,CUST-00454,4114858,MERCH-0071,Abuja,2026-09-25 14:59:00.438779,0,none
TXN-000870,CUST-00101,1367678,MERCH-0099,Enugu,2026-07-08 20:58:00.979414,0,none
TXN-006455,CUST-00233,1088857,MERCH-0099,Ibadan,2026-07-24 13:29:00.918462,0,none
TXN-BURST-TXN-000917-1,CUST-00207,3459907,MERCH-0083,Port Harcourt,2026-09-26 20:01:00.439031,1,velocity_burst
TXN-006860,CUST-00082,2687593,MERCH-0044,Lagos,2026-08-07 21:56:00.314909,0,none
TXN-005721,CUST-00398,5379229,MERCH-0005,Ibadan,2026-09-08 12:15:00.922065,0,none
TXN-000357,CUST-00071,2391353,MERCH-0063,Enugu,2026-07-20 07:37:00.957103,0,none
TXN-BURST-TXN-007318-1,CUST-00179,3029367,MERCH-0016,Kano,2026-07-30 12:18:00.465505,1,velocity_burst
TXN-005452,CUST-00457,4477562,MERCH-0022,Lagos,2026-08-08 16:38:00.635340,0,none
TXN-008492,CUST-00495,974842,MERCH-0081,Port Harcourt,2026-08-19 11:35:00.302890,0,none
TXN-006953,CUST-00454,3457301,MERCH-0078,Abuja,2026-08-29 16:06:00.005862,0,none
TXN-002744,CUST-00399,875155,MERCH-0017,Kano,2026-08-02 11:07:00.641525,0,none
TXN-001276,CUST-00076,923096,MERCH-0029,Kaduna,2026-08-02 16:46:00.917651,1,velocity_burst
TXN-001891,CUST-00265,5819564,MERCH-0047,Kaduna,2026-08-10 13:43:00.835142,0,none
TXN-009000,CUST-00310,1909338,MERCH-0024,Abuja,2026-08-12 13:25:00.883041,0,none
TXN-007786,CUST-00024,1398499,MERCH-0053,Abuja,2026-09-14 13:53:00.186920,0,none
TXN-007661,CUST-00214,2580188,MERCH-0037,Kaduna,2026-08-17 10:53:00.437153,0,none
TXN-009515,CUST-00476,1770899,MERCH-0080,Lagos,2026-08-28 14:48:00.883056,0,none
TXN-003564,CUST-00083,3308517,MERCH-0039,Abuja,2026-08-03 14:53:00.091045,0,none
TXN-005788,CUST-00103,3756310,MERCH-0074,Benin City,2026-07-13 10:04:00.473903,0,none
TXN-004959,CUST-00183,2821463,MERCH-0094,Enugu,2026-09-01 15:36:00.841265,0,none
TXN-001547,CUST-00004,4626029,MERCH-0098,Kano,2026-09-22 09:04:00.391472,0,none
TXN-006194,CUST-00331,2778958,MERCH-0018,Abuja,2026-09-04 09:18:00.010908,0,none
TXN-002381,CUST-00112,5449128,MERCH-0002,Ibadan,2026-10-01 12:21:00.985452,0,none
TXN-006475,CUST-00488,1108661,MERCH-0079,Port Harcourt,2026-07-18 21:36:00.944104,1,geo_anomaly
TXN-003824,CUST-00173,4789554,MERCH-0007,Port Harcourt,2026-07-09 22:59:00.972033,0,none
TXN-003233,CUST-00415,569734,MERCH-0040,Kano,2026-07-22 07:35:00.527530,0,none
TXN-008701,CUST-00308,7774273,MERCH-0076,Kaduna,2026-08-24 11:03:00.112024,0,none
TXN-003307,CUST-00328,4264654,MERCH-0010,Enugu,2026-10-03 18:40:00.275079,0,none
TXN-000493,CUST-00218,1277913,MERCH-0044,Abuja,2026-08-15 06:49:00.225764,0,none
TXN-003500,CUST-00365,240254,MERCH-0083,Ibadan,2026-07-20 18:18:00.233818,0,none
TXN-009827,CUST-00346,1788200,MERCH-0008,Abuja,2026-08-28 13:03:00.551544,0,none
TXN-001117,CUST-00331,2897379,MERCH-0100,Abuja,2026-09-25 09:20:00.269845,0,none
TXN-005638,CUST-00374,2080746,MERCH-0046,Ibadan,2026-09-04 17:57:00.585566,0,none
TXN-009091,CUST-00323,2745567,MERCH-0059,Kaduna,2026-08-24 17:12:00.021200,0,none
TXN-006147,CUST-00186,2510548,MERCH-0041,Lagos,2026-09-11 15:51:00.351480,0,none
TXN-BURST-TXN-005786-0,CUST-00013,4043120,MERCH-0012,Enugu,2026-08-24 10:01:30.267955,1,velocity_burst
TXN-009601,CUST-00024,1211092,MERCH-0084,Abuja,2026-08-11 20:29:00.697267,0,none
TXN-007239,CUST-00188,3029673,MERCH-0064,Abuja,2026-08-17 12:29:00.367011,0,none
TXN-008526,CUST-00224,1361114,MERCH-0025,Enugu,2026-09-28 17:21:00.504642,0,none
TXN-008924,CUST-00303,3155048,MERCH-0039,Abuja,2026-08-13 18:08:00.440491,0,none
TXN-006590,CUST-00344,1744963,MERCH-0093,Kano,2026-09-12 18:07:00.843042,0,none
TXN-009399,CUST-00338,1751060,MERCH-0061,Benin City,2026-08-11 12:03:00.615785,0,none
TXN-003646,CUST-00456,1454948,MERCH-0085,Kaduna,2026-09-24 09:23:00.021854,0,none
TXN-002501,CUST-00398,4282675,MERCH-0074,Ibadan,2026-07-16 09:27:00.434534,0,none
TXN-005678,CUST-00339,624582,MERCH-0028,Abuja,2026-08-25 15:56:00.059527,0,none
TXN-009960,CUST-00077,3376148,MERCH-0068,Ibadan,2026-08-20 19:55:00.909678,0,none
TXN-005242,CUST-00310,1706019,MERCH-0018,Abuja,2026-08-17 09:38:00.720067,0,none
TXN-007040,CUST-00214,2769231,MERCH-0077,Kaduna,2026-09-10 09:55:00.843794,0,none
TXN-002784,CUST-00363,6409104,MERCH-0004,Enugu,2026-07-26 08:47:00.705800,0,none
TXN-006159,CUST-00454,3105161,MERCH-0039,Abuja,2026-09-23 10:16:00.373055,0,none
TXN-003810,CUST-00128,2971906,MERCH-0001,Ibadan,2026-07-14 02:29:00.242175,1,off_hours
TXN-007147,CUST-00414,2069373,MERCH-0002,Ibadan,2026-07-08 19:04:00.626746,0,none
TXN-008960,CUST-00166,1292384,MERCH-0090,Kano,2026-09-27 13:06:00.273913,0,none
TXN-002994,CUST-00098,1325351,MERCH-0040,Kaduna,2026-10-05 16:59:00.002085,0,none
TXN-001697,CUST-00233,720178,MERCH-0099,Ibadan,2026-09-21 14:49:00.692333,0,none
TXN-005686,CUST-00070,1756807,MERCH-0073,Ibadan,2026-09-03 15:42:00.085405,0,none
TXN-BURST-TXN-009181-1,CUST-00043,3479278,MERCH-0045,Abuja,2026-09-22 20:06:00.749238,1,velocity_burst
TXN-008527,CUST-00009,2180701,MERCH-0060,Abuja,2026-08-02 19:54:00.776602,0,none
TXN-006505,CUST-00140,3400722,MERCH-0015,Kano,2026-08-17 02:29:00.146622,1,off_hours
TXN-005940,CUST-00412,2675054,MERCH-0089,Kaduna,2026-08-25 20:32:00.397512,0,none
TXN-002053,CUST-00035,4017853,MERCH-0071,Kano,2026-08-21 11:34:00.469989,0,none
TXN-001777,CUST-00003,2117274,MERCH-0001,Lagos,2026-09-04 18:31:00.724479,0,none
TXN-007083,CUST-00077,3139606,MERCH-0096,Ibadan,2026-07-28 20:37:00.848327,0,none
TXN-003314,CUST-00496,2835594,MERCH-0070,Lagos,2026-09-10 13:17:00.702842,0,none
TXN-004782,CUST-00149,2744029,MERCH-0023,Port Harcourt,2026-09-23 06:11:00.544912,0,none
TXN-006633,CUST-00377,261551,MERCH-0043,Ibadan,2026-09-06 18:59:00.050220,0,none
TXN-008768,CUST-00252,3967868,MERCH-0059,Lagos,2026-09-28 18:41:00.223813,0,none
TXN-007319,CUST-00465,3983905,MERCH-0002,Kaduna,2026-08-15 20:08:00.105272,0,none
TXN-001593,CUST-00066,984731,MERCH-0100,Lagos,2026-09-14 15:14:00.504493,0,none
TXN-001724,CUST-00326,849491,MERCH-0001,Lagos,2026-09-23 15:54:00.797572,0,none
TXN-000216,CUST-00425,5840507,MERCH-0018,Enugu,2026-10-03 11:33:00.083501,0,none
TXN-006833,CUST-00293,3800535,MERCH-0063,Ibadan,2026-08-06 08:18:00.904296,0,none
TXN-006708,CUST-00027,671153,MERCH-0022,Abuja,2026-08-19 17:46:00.981903,0,none
TXN-008556,CUST-00426,6088307,MERCH-0024,Benin City,2026-07-31 19:50:00.752404,0,none
TXN-000491,CUST-00061,4152223,MERCH-0062,Enugu,2026-10-05 13:19:00.949702,0,none
TXN-009463,CUST-00306,4123878,MERCH-0001,Ibadan,2026-09-03 11:14:00.949596,0,none
TXN-003484,CUST-00084,1173475,MERCH-0067,Ibadan,2026-08-31 19:20:00.781823,0,none
TXN-005103,CUST-00236,1164009,MERCH-0005,Kano,2026-07-31 09:13:00.483021,0,none
TXN-005188,CUST-00171,640607,MERCH-0057,Kaduna,2026-07-22 17:48:00.682725,0,none
TXN-003432,CUST-00466,929968,MERCH-0037,Lagos,2026-07-26 15:53:00.329300,0,none
TXN-006600,CUST-00289,3181349,MERCH-0035,Kano,2026-08-30 17:38:00.397314,0,none
TXN-006801,CUST-00282,2729344,MERCH-0082,Abuja,2026-09-13 22:04:00.960758,0,none
TXN-000461,CUST-00004,1778143,MERCH-0014,Kano,2026-07-28 10:35:00.873727,0,none
TXN-006411,CUST-00440,1767781,MERCH-0002,Kaduna,2026-08-05 16:42:00.687339,0,none
TXN-006651,CUST-00352,2611651,MERCH-0059,Kaduna,2026-07-24 12:07:00.334098,0,none
TXN-005514,CUST-00095,2538620,MERCH-0066,Abuja,2026-08-25 09:19:00.312438,0,none
TXN-000026,CUST-00008,2272347,MERCH-0035,Port Harcourt,2026-09-20 11:21:00.560364,0,none
TXN-003513,CUST-00422,1621559,MERCH-0043,Kaduna,2026-09-06 14:33:00.938613,0,none
TXN-002410,CUST-00105,1961046,MERCH-0057,Lagos,2026-08-26 14:01:00.205822,0,none
TXN-003271,CUST-00090,4540795,MERCH-0070,Abuja,2026-07-23 19:44:00.217116,0,none
TXN-005210,CUST-00461,2265262,MERCH-0077,Kano,2026-08-16 10:22:00.043332,0,none
TXN-009025,CUST-00224,1169204,MERCH-0025,Enugu,2026-08-23 15:38:00.852293,0,none
TXN-001553,CUST-00314,581853,MERCH-0073,Port Harcourt,2026-09-02 09:27:00.436145,0,none
TXN-009531,CUST-00424,3887974,MERCH-0010,Abuja,2026-09-04 06:45:00.450395,0,none
TXN-008934,CUST-00408,1799013,MERCH-0008,Abuja,2026-09-02 13:29:00.274274,0,none
TXN-007799,CUST-00044,1461405,MERCH-0045,Ibadan,2026-07-16 13:41:00.368470,0,none
TXN-003872,CUST-00151,659541,MERCH-0052,Enugu,2026-09-27 16:56:00.733162,0,none
TXN-003403,CUST-00258,4547187,MERCH-0045,Kano,2026-07-26 15:54:00.420688,0,none
TXN-004530,CUST-00400,693664,MERCH-0041,Enugu,2026-08-06 16:34:00.489551,0,none
TXN-000980,CUST-00053,1728761,MERCH-0079,Ibadan,2026-09-16 15:50:00.465991,0,none
TXN-002656,CUST-00170,2463296,MERCH-0022,Kano,2026-09-03 18:46:00.584549,0,none
TXN-001848,CUST-00103,3212657,MERCH-0031,Benin City,2026-09-14 13:16:00.949445,0,none
TXN-008377,CUST-00081,3470633,MERCH-0063,Kano,2026-08-13 08:39:00.562573,0,none
TXN-008540,CUST-00152,3069948,MERCH-0022,Enugu,2026-09-02 13:57:00.968722,0,none
TXN-007703,CUST-00265,4655872,MERCH-0047,Kaduna,2026-09-04 13:25:00.043051,0,none
TXN-007866,CUST-00210,4725450,MERCH-0066,Benin City,2026-08-09 19:20:00.325534,0,none
TXN-005722,CUST-00373,2411533,MERCH-0013,Kaduna,2026-08-07 14:39:00.617916,0,none
TXN-000516,CUST-00007,1099934,MERCH-0049,Abuja,2026-07-29 14:43:00.067531,0,none
TXN-007766,CUST-00380,1222718,MERCH-0094,Enugu,2026-07-09 10:52:00.523080,0,none
TXN-009995,CUST-00446,1414837,MERCH-0062,Kano,2026-10-01 14:43:00.889096,0,none
TXN-008598,CUST-00385,3853106,MERCH-0053,Abuja,2026-07-23 09:12:00.140275,0,none
TXN-001103,CUST-00412,4221097,MERCH-0071,Kaduna,2026-09-23 12:46:00.009172,0,none
TXN-003277,CUST-00420,5922938,MERCH-0075,Port Harcourt,2026-09-23 10:26:00.077617,0,none
TXN-006990,CUST-00296,3399577,MERCH-0058,Kano,2026-07-30 07:54:00.291998,0,none
TXN-009264,CUST-00351,5938362,MERCH-0052,Abuja,2026-09-21 13:49:00.348999,0,none
TXN-007960,CUST-00152,4175305,MERCH-0080,Enugu,2026-08-03 20:11:00.299546,0,none
TXN-009405,CUST-00018,1800606,MERCH-0011,Abuja,2026-08-01 13:56:00.906230,0,none
TXN-008638,CUST-00276,5774652,MERCH-0022,Enugu,2026-07-31 12:05:00.239956,0,none
TXN-003997,CUST-00476,668231,MERCH-0079,Lagos,2026-08-07 12:02:00.234156,0,none
TXN-000195,CUST-00315,3179361,MERCH-0070,Kaduna,2026-08-07 21:31:00.555516,0,none
TXN-004712,CUST-00052,4498061,MERCH-0012,Abuja,2026-09-15 15:34:00.193230,0,none
TXN-000644,CUST-00288,4199505,MERCH-0072,Lagos,2026-07-30 16:31:00.767841,0,none
TXN-008691,CUST-00415,772710,MERCH-0049,Kano,2026-08-08 20:35:00.890893,0,none
TXN-003286,CUST-00274,1891075,MERCH-0035,Ibadan,2026-08-05 12:48:00.787883,0,none
TXN-003117,CUST-00276,2811875,MERCH-0082,Enugu,2026-10-04 11:31:00.522982,0,none
TXN-006996,CUST-00124,3046591,MERCH-0096,Kaduna,2026-09-22 19:58:00.059380,0,none
TXN-003576,CUST-00467,2907812,MERCH-0058,Lagos,2026-09-14 17:48:00.885118,0,none
TXN-009351,CUST-00193,1448735,MERCH-0020,Kano,2026-07-21 10:00:00.814494,0,none
TXN-004321,CUST-00482,1220980,MERCH-0058,Port Harcourt,2026-08-13 10:47:00.332532,0,none
TXN-BURST-TXN-009823-1,CUST-00266,4464315,MERCH-0006,Kaduna,2026-09-26 17:48:00.476675,1,velocity_burst
TXN-002208,CUST-00074,2799102,MERCH-0046,Kaduna,2026-08-06 01:37:00.275887,1,off_hours
TXN-004553,CUST-00398,4707441,MERCH-0067,Ibadan,2026-07-20 15:32:00.512794,0,none
TXN-007884,CUST-00360,2079768,MERCH-0016,Abuja,2026-09-14 13:31:00.936713,0,none
TXN-009167,CUST-00455,3264458,MERCH-0043,Ibadan,2026-07-14 16:06:00.004162,0,none
TXN-003719,CUST-00418,795043,MERCH-0034,Kaduna,2026-09-05 10:46:00.236916,0,none
TXN-000973,CUST-00056,5359116,MERCH-0086,Kano,2026-07-31 12:39:00.340496,0,none
TXN-004580,CUST-00231,3139815,MERCH-0069,Kaduna,2026-08-13 15:38:00.080983,0,none
TXN-006517,CUST-00154,7105943,MERCH-0044,Enugu,2026-07-12 06:37:00.853976,0,none
TXN-006699,CUST-00136,1053739,MERCH-0088,Abuja,2026-07-15 16:27:00.477746,1,geo_anomaly
TXN-000720,CUST-00401,2772306,MERCH-0067,Enugu,2026-09-26 17:50:00.739748,0,none
TXN-BURST-TXN-006197-0,CUST-00440,3157025,MERCH-0086,Kaduna,2026-08-31 11:19:30.721578,1,velocity_burst
TXN-006156,CUST-00494,3188837,MERCH-0083,Kaduna,2026-07-08 11:37:00.476662,0,none
TXN-009770,CUST-00469,1026500,MERCH-0057,Benin City,2026-07-09 20:46:00.554557,0,none
TXN-003897,CUST-00439,3533823,MERCH-0091,Ibadan,2026-10-01 12:54:00.401697,0,none
TXN-002804,CUST-00251,2109560,MERCH-0094,Benin City,2026-08-24 20:03:00.607340,0,none
TXN-002567,CUST-00352,2336191,MERCH-0002,Kaduna,2026-07-21 13:13:00.537143,0,none
TXN-004026,CUST-00271,867099,MERCH-0079,Kano,2026-08-25 16:07:00.129742,0,none
TXN-006199,CUST-00198,1580127,MERCH-0038,Kaduna,2026-09-21 19:04:00.824441,0,none
TXN-000033,CUST-00500,1896810,MERCH-0030,Kaduna,2026-09-05 09:29:00.352669,0,none
TXN-008608,CUST-00128,2515573,MERCH-0001,Ibadan,2026-07-29 15:55:00.892309,0,none
TXN-BURST-TXN-001493-2,CUST-00171,982769,MERCH-0093,Kaduna,2026-10-01 19:31:30.255388,1,velocity_burst
TXN-BURST-TXN-004112-0,CUST-00325,5283028,MERCH-0081,Kano,2026-07-12 18:17:30.932992,1,velocity_burst
TXN-004064,CUST-00008,5836975,MERCH-0086,Port Harcourt,2026-07-11 17:33:00.107179,0,none
TXN-009273,CUST-00380,895523,MERCH-0018,Enugu,2026-10-01 17:37:00.401380,0,none
TXN-005541,CUST-00433,4301406,MERCH-0025,Benin City,2026-09-26 08:27:00.223068,0,none
TXN-001698,CUST-00050,3694759,MERCH-0039,Kano,2026-10-04 13:31:00.471646,0,none
TXN-002793,CUST-00208,2646166,MERCH-0010,Port Harcourt,2026-07-21 16:11:00.821999,0,none
TXN-002223,CUST-00007,1145797,MERCH-0030,Abuja,2026-07-17 19:57:00.635376,0,none
TXN-005819,CUST-00199,2884577,MERCH-0018,Abuja,2026-08-21 17:55:00.162372,1,geo_anomaly
TXN-BURST-TXN-000325-2,CUST-00252,3600758,MERCH-0032,Lagos,2026-09-19 11:42:30.813582,1,velocity_burst
TXN-003765,CUST-00178,174788781,MERCH-0033,Kaduna,2026-09-01 15:02:00.522639,1,amount_anomaly
TXN-003867,CUST-00094,2120316,MERCH-0098,Abuja,2026-08-02 10:09:00.673673,0,none
TXN-006935,CUST-00004,4624817,MERCH-0028,Kano,2026-10-01 18:28:00.511437,0,none
TXN-008976,CUST-00438,1814823,MERCH-0078,Kano,2026-08-10 16:03:00.918663,0,none
TXN-009263,CUST-00020,3557746,MERCH-0026,Kano,2026-08-14 13:35:00.278278,0,none
TXN-007201,CUST-00266,3410721,MERCH-0029,Kaduna,2026-07-16 19:13:00.628518,0,none
TXN-007635,CUST-00155,993227,MERCH-0025,Kano,2026-09-23 18:59:00.260571,0,none
TXN-003759,CUST-00249,4397318,MERCH-0061,Lagos,2026-08-08 17:40:00.631684,0,none
TXN-002832,CUST-00226,4331256,MERCH-0062,Kano,2026-08-06 14:47:00.927427,0,none
TXN-003228,CUST-00394,1223331,MERCH-0070,Kaduna,2026-09-08 15:23:00.705538,0,none
TXN-004215,CUST-00128,975068,MERCH-0001,Ibadan,2026-08-19 14:05:00.445521,0,none
TXN-003924,CUST-00173,3791525,MERCH-0026,Port Harcourt,2026-08-21 18:25:00.274396,0,none
TXN-003905,CUST-00069,3845648,MERCH-0092,Lagos,2026-09-29 16:11:00.261759,0,none
TXN-002278,CUST-00103,3345380,MERCH-0090,Benin City,2026-08-09 15:24:00.738127,0,none
TXN-009606,CUST-00110,3484167,MERCH-0068,Port Harcourt,2026-07-12 21:38:00.503031,0,none
TXN-001402,CUST-00324,3101648,MERCH-0037,Enugu,2026-07-07 11:15:00.297801,0,none
TXN-000740,CUST-00144,2991598,MERCH-0040,Enugu,2026-07-29 20:25:00.042648,0,none
TXN-006553,CUST-00127,646744,MERCH-0009,Ibadan,2026-07-14 15:56:00.346202,0,none
TXN-004267,CUST-00121,3259907,MERCH-0048,Kaduna,2026-07-15 12:03:00.382559,0,none
TXN-BURST-TXN-005604-0,CUST-00133,1243785,MERCH-0017,Kaduna,2026-07-31 12:38:30.496231,1,velocity_burst
TXN-007922,CUST-00087,2817425,MERCH-0091,Kaduna,2026-07-20 15:49:00.438375,0,none
TXN-008048,CUST-00084,1128146,MERCH-0058,Ibadan,2026-08-26 11:16:00.572355,0,none
TXN-003852,CUST-00176,1698888,MERCH-0013,Benin City,2026-09-02 15:48:00.217670,0,none
TXN-008944,CUST-00292,2320453,MERCH-0042,Enugu,2026-08-01 15:13:00.468876,0,none
TXN-002662,CUST-00108,846206,MERCH-0096,Lagos,2026-08-02 08:10:00.686582,0,none
TXN-007026,CUST-00343,828916,MERCH-0078,Ibadan,2026-08-10 15:18:00.920663,0,none
TXN-007388,CUST-00061,2153691,MERCH-0062,Enugu,2026-08-03 15:13:00.678888,0,none
TXN-000675,CUST-00369,2027824,MERCH-0008,Lagos,2026-08-13 17:05:00.094002,0,none
TXN-009539,CUST-00121,2637713,MERCH-0030,Kaduna,2026-07-09 16:01:00.561255,0,none
TXN-006872,CUST-00007,791577,MERCH-0013,Abuja,2026-07-24 16:38:00.853795,0,none
TXN-003842,CUST-00452,4239141,MERCH-0057,Ibadan,2026-07-13 09:28:00.332266,0,none
TXN-001816,CUST-00218,2433929,MERCH-0072,Abuja,2026-07-26 12:24:00.022082,0,none
TXN-008636,CUST-00257,3852743,MERCH-0072,Kano,2026-08-24 11:21:00.515943,0,none
TXN-BURST-TXN-004521-2,CUST-00184,4484037,MERCH-0083,Abuja,2026-09-30 18:15:30.025986,1,velocity_burst
TXN-009535,CUST-00321,2218661,MERCH-0054,Benin City,2026-07-29 15:36:00.331720,0,none
TXN-004654,CUST-00068,3611239,MERCH-0096,Port Harcourt,2026-07-07 20:41:00.732872,0,none
TXN-007880,CUST-00341,2382745,MERCH-0020,Kano,2026-07-11 07:37:00.797119,0,none
TXN-002101,CUST-00166,1018398,MERCH-0090,Kano,2026-08-20 18:45:00.337513,0,none
TXN-005164,CUST-00335,2750547,MERCH-0037,Abuja,2026-08-14 11:53:00.366035,0,none
TXN-006709,CUST-00356,4981041,MERCH-0036,Enugu,2026-07-11 18:02:00.113456,0,none
TXN-001674,CUST-00429,2695227,MERCH-0094,Enugu,2026-07-31 13:58:00.174909,0,none
TXN-002102,CUST-00050,2304440,MERCH-0037,Abuja,2026-08-11 16:47:00.142644,1,geo_anomaly
TXN-004214,CUST-00418,1093181,MERCH-0092,Kaduna,2026-09-03 18:14:00.554612,0,none
TXN-008304,CUST-00321,1875531,MERCH-0035,Benin City,2026-08-03 15:15:00.605982,0,none
TXN-001549,CUST-00062,1822829,MERCH-0056,Enugu,2026-07-07 16:01:00.469333,0,none
TXN-007712,CUST-00417,737394,MERCH-0037,Abuja,2026-09-25 17:24:00.680684,0,none
TXN-008808,CUST-00108,1503664,MERCH-0096,Lagos,2026-09-28 14:58:00.414857,0,none
TXN-003324,CUST-00165,661061,MERCH-0084,Port Harcourt,2026-09-01 16:06:00.625774,0,none
TXN-007937,CUST-00291,2349101,MERCH-0001,Kaduna,2026-08-19 12:29:00.367716,0,none
TXN-000356,CUST-00500,2031543,MERCH-0086,Kaduna,2026-07-24 15:34:00.181723,0,none
TXN-005185,CUST-00015,1840958,MERCH-0015,Lagos,2026-08-05 10:57:00.511436,0,none
TXN-001462,CUST-00375,1968835,MERCH-0025,Kano,2026-08-05 13:05:00.206650,0,none
TXN-008430,CUST-00456,3169518,MERCH-0029,Kaduna,2026-07-10 18:19:00.598633,0,none
TXN-006632,CUST-00400,849560,MERCH-0019,Enugu,2026-07-31 04:18:00.640677,1,off_hours
TXN-BURST-TXN-004707-2,CUST-00260,3558422,MERCH-0068,Kaduna,2026-08-31 14:03:30.752818,1,velocity_burst
TXN-003221,CUST-00370,5264316,MERCH-0081,Kano,2026-07-21 20:14:00.987274,0,none
TXN-000940,CUST-00258,3464004,MERCH-0086,Kano,2026-07-31 20:29:00.756289,0,none
TXN-009490,CUST-00158,2723719,MERCH-0061,Benin City,2026-10-03 17:34:00.500328,0,none
TXN-005148,CUST-00035,5156921,MERCH-0086,Kano,2026-09-07 18:16:00.415820,0,none
TXN-006418,CUST-00368,3272177,MERCH-0023,Enugu,2026-09-08 18:08:00.856459,0,none
TXN-005924,CUST-00363,3775771,MERCH-0058,Enugu,2026-07-19 10:05:00.945807,0,none
TXN-008331,CUST-00462,2823674,MERCH-0018,Ibadan,2026-09-23 10:26:00.079288,0,none
TXN-001752,CUST-00011,2101663,MERCH-0084,Abuja,2026-09-28 18:25:00.987495,0,none
TXN-003977,CUST-00431,1848660,MERCH-0065,Ibadan,2026-09-23 13:33:00.691294,0,none
TXN-008188,CUST-00288,3627935,MERCH-0032,Lagos,2026-08-12 12:44:00.846740,0,none
TXN-001773,CUST-00430,1684475,MERCH-0081,Lagos,2026-09-02 13:03:00.443039,0,none
TXN-001197,CUST-00043,3766448,MERCH-0059,Abuja,2026-08-02 11:15:00.250771,0,none
TXN-001879,CUST-00426,3075826,MERCH-0041,Benin City,2026-08-25 16:08:00.481231,0,none
TXN-002669,CUST-00428,1769248,MERCH-0012,Ibadan,2026-07-21 19:49:00.860118,0,none
TXN-003172,CUST-00270,5272277,MERCH-0009,Lagos,2026-08-20 17:07:00.031197,0,none
TXN-002017,CUST-00056,4926143,MERCH-0060,Kano,2026-08-29 13:20:00.326783,0,none
TXN-002006,CUST-00227,3080538,MERCH-0089,Kano,2026-07-20 20:12:00.203913,0,none
TXN-BURST-TXN-007890-1,CUST-00413,953230,MERCH-0028,Port Harcourt,2026-09-30 12:32:00.501219,1,velocity_burst
TXN-003894,CUST-00100,4498106,MERCH-0061,Kano,2026-07-24 19:06:00.458855,0,none
TXN-BURST-TXN-009823-0,CUST-00266,4464315,MERCH-0006,Kaduna,2026-09-26 17:47:30.476675,1,velocity_burst
TXN-003238,CUST-00265,8504255,MERCH-0047,Kaduna,2026-07-14 16:00:00.677307,0,none
TXN-004425,CUST-00126,3318926,MERCH-0059,Benin City,2026-07-28 16:22:00.733357,0,none
TXN-004745,CUST-00164,3053200,MERCH-0072,Enugu,2026-10-02 14:59:00.736418,0,none
TXN-002079,CUST-00410,1437514,MERCH-0047,Ibadan,2026-09-17 07:29:00.266111,0,none
TXN-005220,CUST-00483,2368720,MERCH-0009,Enugu,2026-07-18 09:20:00.029770,0,none
TXN-000397,CUST-00272,2615907,MERCH-0093,Kaduna,2026-07-24 07:28:00.973804,0,none
TXN-002789,CUST-00099,4367217,MERCH-0060,Lagos,2026-09-10 12:37:00.408363,0,none
TXN-008271,CUST-00079,4029232,MERCH-0036,Abuja,2026-08-05 18:22:00.024041,0,none
TXN-008903,CUST-00119,3767084,MERCH-0019,Port Harcourt,2026-09-28 17:21:00.663529,0,none
TXN-004073,CUST-00317,1999036,MERCH-0100,Ibadan,2026-08-02 11:53:00.383437,0,none
TXN-005575,CUST-00414,1382066,MERCH-0002,Ibadan,2026-09-16 17:02:00.896904,0,none
TXN-009408,CUST-00427,2794521,MERCH-0082,Abuja,2026-09-16 11:30:00.580902,0,none
TXN-009849,CUST-00235,2691323,MERCH-0093,Benin City,2026-08-18 09:14:00.065439,0,none
TXN-005356,CUST-00199,2540703,MERCH-0018,Kano,2026-07-25 12:06:00.999422,0,none
TXN-007796,CUST-00217,923227,MERCH-0080,Port Harcourt,2026-09-09 20:28:00.893983,0,none
TXN-006094,CUST-00232,1344087,MERCH-0076,Port Harcourt,2026-08-28 15:04:00.340413,0,none
TXN-007361,CUST-00479,1252352,MERCH-0100,Abuja,2026-08-14 07:31:00.247009,0,none
TXN-001520,CUST-00157,3075892,MERCH-0098,Abuja,2026-09-12 15:22:00.768188,0,none
TXN-008495,CUST-00477,4030783,MERCH-0037,Lagos,2026-08-23 16:50:00.522116,0,none
TXN-001379,CUST-00045,5239803,MERCH-0075,Enugu,2026-08-03 08:39:00.681045,0,none
TXN-005673,CUST-00423,3950019,MERCH-0034,Ibadan,2026-07-09 12:14:00.114422,0,none
TXN-001024,CUST-00134,3439658,MERCH-0013,Benin City,2026-08-11 17:43:00.535416,0,none
TXN-002588,CUST-00495,1770055,MERCH-0003,Port Harcourt,2026-07-28 13:34:00.540206,0,none
TXN-007593,CUST-00013,2601999,MERCH-0097,Enugu,2026-08-06 15:52:00.359445,0,none
TXN-005622,CUST-00473,143066209,MERCH-0068,Port Harcourt,2026-08-06 14:30:00.032724,1,amount_anomaly
TXN-008926,CUST-00395,2630117,MERCH-0058,Enugu,2026-07-25 15:29:00.566461,0,none
TXN-005009,CUST-00035,2182679,MERCH-0002,Kano,2026-07-15 20:24:00.802508,0,none
TXN-002858,CUST-00232,961615,MERCH-0032,Port Harcourt,2026-08-03 12:28:00.559683,0,none
TXN-008554,CUST-00399,1108917,MERCH-0028,Kano,2026-10-02 23:02:00.474006,1,off_hours
TXN-005772,CUST-00368,6057224,MERCH-0028,Enugu,2026-07-29 13:06:00.984092,0,none
TXN-005843,CUST-00133,1435675,MERCH-0075,Kaduna,2026-08-21 08:19:00.239835,0,none
TXN-007713,CUST-00016,4416006,MERCH-0082,Port Harcourt,2026-07-25 13:41:00.239784,0,none
TXN-005833,CUST-00356,5915043,MERCH-0053,Enugu,2026-09-07 11:56:00.596934,0,none
TXN-001630,CUST-00358,2230119,MERCH-0095,Enugu,2026-08-24 17:48:00.668141,0,none
TXN-004889,CUST-00117,4350549,MERCH-0042,Lagos,2026-07-16 16:30:00.661601,0,none
TXN-004527,CUST-00454,3145300,MERCH-0012,Abuja,2026-09-21 11:05:00.273280,0,none
TXN-003524,CUST-00480,2072239,MERCH-0096,Enugu,2026-08-07 17:06:00.994818,0,none
TXN-005905,CUST-00120,3369762,MERCH-0034,Enugu,2026-07-12 17:56:00.735007,0,none
TXN-000523,CUST-00366,1174579,MERCH-0012,Port Harcourt,2026-07-10 11:30:00.391804,0,none
TXN-003608,CUST-00019,4762373,MERCH-0085,Abuja,2026-09-02 07:17:00.630949,0,none
TXN-009757,CUST-00002,2398391,MERCH-0065,Abuja,2026-10-04 12:53:00.538279,0,none
TXN-005221,CUST-00274,1741665,MERCH-0048,Ibadan,2026-09-13 10:24:00.088285,0,none
TXN-000235,CUST-00028,5746971,MERCH-0034,Enugu,2026-08-31 18:57:00.513828,0,none
TXN-003989,CUST-00460,6176552,MERCH-0007,Kano,2026-07-22 22:48:00.899799,0,none
TXN-003797,CUST-00435,2804194,MERCH-0077,Lagos,2026-07-16 19:39:00.130610,0,none
TXN-004119,CUST-00492,1158135,MERCH-0055,Port Harcourt,2026-08-03 22:21:00.461344,0,none
TXN-006319,CUST-00050,2909604,MERCH-0037,Kano,2026-07-31 12:33:00.276105,0,none
TXN-005002,CUST-00168,3482660,MERCH-0020,Ibadan,2026-07-15 19:19:00.005426,0,none
TXN-006776,CUST-00483,4286830,MERCH-0001,Enugu,2026-07-15 20:14:00.043493,0,none
TXN-003801,CUST-00202,5309923,MERCH-0076,Abuja,2026-09-24 15:12:00.186037,0,none
TXN-009414,CUST-00055,2649640,MERCH-0029,Enugu,2026-08-02 10:04:00.875208,0,none
TXN-003900,CUST-00058,3337669,MERCH-0037,Ibadan,2026-09-10 18:09:00.539999,0,none
TXN-005025,CUST-00008,3386291,MERCH-0035,Port Harcourt,2026-10-03 15:41:00.549284,1,velocity_burst
TXN-001949,CUST-00238,2083437,MERCH-0021,Kaduna,2026-07-12 13:37:00.933149,0,none
TXN-006362,CUST-00301,587591,MERCH-0054,Benin City,2026-08-18 13:19:00.105259,0,none
TXN-000471,CUST-00382,1220498,MERCH-0078,Port Harcourt,2026-09-11 11:40:00.756199,0,none
TXN-008142,CUST-00292,2191534,MERCH-0078,Enugu,2026-07-18 15:22:00.499949,0,none
TXN-003493,CUST-00433,1943206,MERCH-0003,Benin City,2026-07-30 08:20:00.986712,0,none
TXN-006835,CUST-00070,1539838,MERCH-0073,Ibadan,2026-07-18 13:19:00.312230,0,none
TXN-006092,CUST-00253,4318976,MERCH-0054,Kano,2026-07-15 08:54:00.236635,0,none
TXN-002672,CUST-00208,4990544,MERCH-0059,Port Harcourt,2026-07-29 16:19:00.315889,0,none
TXN-BURST-TXN-003740-2,CUST-00255,4110011,MERCH-0028,Lagos,2026-09-12 11:04:30.633713,1,velocity_burst
TXN-002225,CUST-00097,3238079,MERCH-0090,Kaduna,2026-10-02 09:22:00.835882,0,none
TXN-001107,CUST-00499,718668,MERCH-0018,Lagos,2026-09-16 23:41:00.220587,1,off_hours
TXN-002189,CUST-00152,2935775,MERCH-0080,Enugu,2026-09-04 21:53:00.299944,0,none
TXN-000819,CUST-00357,1033868,MERCH-0076,Kaduna,2026-08-01 11:50:00.205478,0,none
TXN-006756,CUST-00467,2813376,MERCH-0058,Lagos,2026-09-17 15:24:00.652153,0,none
TXN-005572,CUST-00443,3131452,MERCH-0098,Benin City,2026-08-01 09:16:00.513690,0,none
TXN-004524,CUST-00223,5009817,MERCH-0022,Lagos,2026-08-18 19:17:00.950845,0,none
TXN-005794,CUST-00337,4664753,MERCH-0068,Kaduna,2026-07-28 11:15:00.841124,0,none
TXN-009718,CUST-00324,2479785,MERCH-0035,Enugu,2026-09-15 13:47:00.198423,0,none
TXN-009098,CUST-00339,347809,MERCH-0034,Abuja,2026-08-29 17:45:00.056510,0,none
TXN-008037,CUST-00072,1387665,MERCH-0100,Kaduna,2026-08-13 11:04:00.724018,0,none
TXN-002625,CUST-00011,824627,MERCH-0083,Abuja,2026-09-04 12:10:00.219100,0,none
TXN-007647,CUST-00403,2867979,MERCH-0050,Abuja,2026-08-10 17:49:00.456869,0,none
TXN-009729,CUST-00433,3983877,MERCH-0003,Benin City,2026-08-29 12:34:00.199530,0,none
TXN-BURST-TXN-007753-1,CUST-00383,1111510,MERCH-0096,Ibadan,2026-09-22 18:27:00.723899,1,velocity_burst
TXN-009448,CUST-00339,715041,MERCH-0006,Abuja,2026-09-19 10:21:00.642058,0,none
TXN-000889,CUST-00450,3592090,MERCH-0002,Benin City,2026-07-25 13:12:00.347458,0,none
TXN-007302,CUST-00061,4024359,MERCH-0049,Enugu,2026-07-10 15:19:00.090940,0,none
TXN-002438,CUST-00189,1210781,MERCH-0042,Port Harcourt,2026-09-07 11:25:00.944820,0,none
TXN-006057,CUST-00339,535495,MERCH-0006,Abuja,2026-09-25 13:49:00.384513,0,none
TXN-007616,CUST-00493,3593080,MERCH-0094,Ibadan,2026-09-12 11:23:00.547425,0,none
TXN-000818,CUST-00089,887051,MERCH-0037,Kano,2026-09-19 14:57:00.540898,0,none
TXN-009259,CUST-00272,4221426,MERCH-0053,Kaduna,2026-09-24 13:14:00.527481,0,none
TXN-003415,CUST-00234,732866,MERCH-0062,Kano,2026-08-23 18:47:00.960349,0,none
TXN-006353,CUST-00291,2305644,MERCH-0039,Kaduna,2026-09-26 18:51:00.172002,0,none
TXN-002342,CUST-00188,3947324,MERCH-0048,Abuja,2026-07-12 15:45:00.544870,0,none
TXN-009357,CUST-00049,3216859,MERCH-0086,Port Harcourt,2026-09-01 10:53:00.110378,0,none
TXN-003168,CUST-00372,1111899,MERCH-0004,Kano,2026-07-12 10:57:00.685637,0,none
TXN-001810,CUST-00362,2899020,MERCH-0032,Lagos,2026-10-04 13:19:00.209509,0,none
TXN-008410,CUST-00170,76863255,MERCH-0080,Kano,2026-09-06 10:22:00.672926,1,amount_anomaly
TXN-001265,CUST-00117,2621726,MERCH-0042,Lagos,2026-07-10 13:14:00.854170,0,none
TXN-005087,CUST-00303,3061909,MERCH-0091,Abuja,2026-08-18 19:04:00.885486,0,none
TXN-008032,CUST-00403,3770954,MERCH-0078,Abuja,2026-08-21 17:48:00.561711,0,none
TXN-005836,CUST-00170,1004162,MERCH-0080,Kano,2026-09-27 19:33:00.560484,0,none
TXN-005195,CUST-00060,969012,MERCH-0027,Ibadan,2026-09-28 20:57:00.771124,0,none
TXN-004450,CUST-00062,2115464,MERCH-0050,Enugu,2026-07-27 12:01:00.428295,0,none
TXN-004946,CUST-00330,1258080,MERCH-0050,Enugu,2026-08-24 17:30:00.606295,0,none
TXN-004046,CUST-00034,932795,MERCH-0045,Abuja,2026-07-15 13:13:00.883960,0,none
TXN-008223,CUST-00092,2729198,MERCH-0067,Lagos,2026-08-16 02:43:00.719234,1,off_hours
TXN-003703,CUST-00312,3908886,MERCH-0065,Lagos,2026-08-14 13:50:00.158456,0,none
TXN-001036,CUST-00376,2138189,MERCH-0008,Kaduna,2026-08-16 09:11:00.756482,0,none
TXN-009590,CUST-00039,2325320,MERCH-0010,Kano,2026-07-22 15:03:00.862141,0,none
TXN-006920,CUST-00189,856312,MERCH-0014,Port Harcourt,2026-08-17 09:37:00.683627,0,none
TXN-005591,CUST-00268,5075685,MERCH-0044,Ibadan,2026-08-14 13:26:00.030665,0,none
TXN-001229,CUST-00200,580766,MERCH-0060,Kaduna,2026-08-30 08:10:00.547613,0,none
TXN-007836,CUST-00008,4366932,MERCH-0027,Port Harcourt,2026-08-01 11:10:00.842102,0,none
TXN-007059,CUST-00110,3191886,MERCH-0073,Port Harcourt,2026-08-27 08:51:00.123674,0,none
TXN-008679,CUST-00448,7016472,MERCH-0009,Kaduna,2026-09-15 08:27:00.251056,0,none
TXN-005142,CUST-00404,693097,MERCH-0019,Kaduna,2026-07-09 07:58:00.592464,0,none
TXN-006552,CUST-00463,4551123,MERCH-0027,Port Harcourt,2026-08-28 11:47:00.412153,0,none
TXN-000053,CUST-00080,635074,MERCH-0039,Port Harcourt,2026-09-14 14:00:00.209023,0,none
TXN-007895,CUST-00415,845941,MERCH-0036,Kano,2026-07-16 13:02:00.620418,0,none
TXN-006556,CUST-00479,1827707,MERCH-0001,Abuja,2026-10-04 14:13:00.248885,0,none
TXN-008697,CUST-00201,3282820,MERCH-0053,Port Harcourt,2026-08-17 15:38:00.956506,0,none
TXN-000160,CUST-00392,1725280,MERCH-0038,Kaduna,2026-07-12 04:12:00.551355,1,off_hours
TXN-008139,CUST-00384,1032638,MERCH-0034,Kano,2026-08-29 15:20:00.987100,0,none
TXN-001588,CUST-00350,2874606,MERCH-0048,Enugu,2026-09-01 19:41:00.446766,0,none
TXN-001590,CUST-00181,2983467,MERCH-0074,Kano,2026-08-24 18:57:00.127744,0,none
TXN-BURST-TXN-004531-2,CUST-00040,783321,MERCH-0017,Kano,2026-08-22 15:55:30.839856,1,velocity_burst
TXN-009665,CUST-00274,2226003,MERCH-0011,Ibadan,2026-09-05 14:50:00.396813,0,none
TXN-006688,CUST-00480,2029797,MERCH-0083,Enugu,2026-09-03 21:50:00.864744,0,none
TXN-007476,CUST-00478,6063539,MERCH-0084,Benin City,2026-08-25 16:52:00.889176,0,none
TXN-007121,CUST-00072,2097879,MERCH-0100,Kaduna,2026-08-06 11:08:00.756413,0,none
TXN-006175,CUST-00118,2375555,MERCH-0035,Enugu,2026-07-12 15:58:00.549680,0,none
TXN-008330,CUST-00298,2650653,MERCH-0079,Abuja,2026-07-30 09:06:00.771809,0,none
TXN-009214,CUST-00138,823316,MERCH-0053,Benin City,2026-08-16 13:50:00.915309,0,none
TXN-003859,CUST-00414,3039763,MERCH-0061,Ibadan,2026-08-11 09:29:00.215233,0,none
TXN-BURST-TXN-003886-2,CUST-00147,1936173,MERCH-0068,Enugu,2026-08-10 09:21:30.044553,1,velocity_burst
TXN-BURST-TXN-008067-2,CUST-00325,2468930,MERCH-0013,Kano,2026-09-08 17:13:30.703483,1,velocity_burst
TXN-002829,CUST-00009,1835418,MERCH-0049,Abuja,2026-09-26 13:26:00.811006,0,none
TXN-000437,CUST-00065,3155597,MERCH-0097,Ibadan,2026-09-04 16:45:00.891862,0,none
TXN-005790,CUST-00031,525021,MERCH-0031,Kano,2026-09-25 10:41:00.145538,0,none
TXN-008480,CUST-00099,5076201,MERCH-0060,Lagos,2026-09-17 12:12:00.410544,0,none
TXN-003879,CUST-00320,1544991,MERCH-0032,Abuja,2026-08-14 12:10:00.842585,0,none
TXN-001589,CUST-00271,249785,MERCH-0086,Kano,2026-10-01 22:32:00.964224,0,none
TXN-002781,CUST-00482,551540,MERCH-0053,Port Harcourt,2026-09-21 15:10:00.410527,0,none
TXN-009308,CUST-00366,605132,MERCH-0083,Port Harcourt,2026-07-18 12:52:00.926864,0,none
TXN-008871,CUST-00425,3932808,MERCH-0026,Enugu,2026-08-01 09:09:00.360644,0,none
TXN-005687,CUST-00116,1636250,MERCH-0099,Ibadan,2026-09-18 14:08:00.619078,0,none
TXN-003966,CUST-00436,3164712,MERCH-0061,Abuja,2026-10-03 01:25:00.369230,1,off_hours
TXN-004728,CUST-00249,4725985,MERCH-0024,Lagos,2026-08-14 16:58:00.538435,0,none
TXN-000974,CUST-00107,2466166,MERCH-0070,Abuja,2026-10-04 16:27:00.664615,0,none
TXN-001239,CUST-00485,2562197,MERCH-0029,Abuja,2026-07-31 11:26:00.905702,0,none
TXN-002952,CUST-00185,8373783,MERCH-0100,Kaduna,2026-07-25 13:56:00.523283,0,none
TXN-002343,CUST-00176,2939607,MERCH-0041,Benin City,2026-09-17 17:12:00.021456,0,none
TXN-009471,CUST-00198,985093,MERCH-0091,Kaduna,2026-09-04 13:10:00.156522,0,none
TXN-007878,CUST-00261,3627634,MERCH-0012,Enugu,2026-07-15 08:21:00.874905,0,none
TXN-006047,CUST-00423,2702935,MERCH-0060,Ibadan,2026-09-06 16:13:00.204001,0,none
TXN-002159,CUST-00056,2667806,MERCH-0032,Kano,2026-09-04 18:06:00.414451,0,none
TXN-009622,CUST-00408,981242,MERCH-0067,Abuja,2026-09-26 16:38:00.162696,0,none
TXN-007112,CUST-00062,1547706,MERCH-0044,Enugu,2026-07-07 10:42:00.276994,0,none
TXN-001498,CUST-00349,2691160,MERCH-0092,Kaduna,2026-08-30 12:33:00.654235,0,none
TXN-004546,CUST-00461,1510226,MERCH-0077,Kano,2026-09-29 13:45:00.022063,0,none
TXN-006466,CUST-00466,1368324,MERCH-0019,Lagos,2026-10-03 18:56:00.607022,0,none
TXN-004258,CUST-00201,4749613,MERCH-0010,Port Harcourt,2026-09-18 20:51:00.468643,0,none
TXN-002423,CUST-00475,3968268,MERCH-0038,Abuja,2026-07-11 18:15:00.126051,0,none
TXN-008876,CUST-00434,1878868,MERCH-0065,Ibadan,2026-09-04 13:00:00.218010,0,none
TXN-005186,CUST-00154,6211455,MERCH-0096,Enugu,2026-09-26 15:58:00.468072,0,none
TXN-005648,CUST-00112,5067411,MERCH-0037,Ibadan,2026-07-17 16:32:00.976749,0,none
TXN-000358,CUST-00089,1866839,MERCH-0073,Kano,2026-10-04 07:07:00.911741,0,none
TXN-005243,CUST-00032,5753476,MERCH-0034,Abuja,2026-09-19 21:37:00.758050,0,none
TXN-002131,CUST-00440,1288208,MERCH-0002,Kaduna,2026-09-06 17:39:00.971311,0,none
TXN-009574,CUST-00244,4194333,MERCH-0077,Benin City,2026-07-14 12:43:00.896036,0,none
TXN-002093,CUST-00255,2774577,MERCH-0028,Lagos,2026-07-09 14:39:00.367764,0,none
TXN-005410,CUST-00066,844034,MERCH-0097,Lagos,2026-09-18 08:02:00.396623,0,none
TXN-002016,CUST-00276,4912142,MERCH-0082,Enugu,2026-08-08 12:49:00.432919,0,none
TXN-009387,CUST-00247,4687005,MERCH-0073,Abuja,2026-10-03 16:04:00.377766,0,none
TXN-004045,CUST-00194,4938911,MERCH-0018,Kaduna,2026-08-05 17:59:00.570957,0,none
TXN-000188,CUST-00189,1267427,MERCH-0038,Port Harcourt,2026-08-11 10:48:00.673862,0,none
TXN-007402,CUST-00141,5468068,MERCH-0089,Ibadan,2026-08-06 12:37:00.316624,0,none
TXN-003656,CUST-00373,5449719,MERCH-0085,Kaduna,2026-07-13 20:04:00.339149,0,none
TXN-003427,CUST-00089,704848,MERCH-0077,Kano,2026-09-14 17:36:00.804430,0,none
TXN-007754,CUST-00159,1006258,MERCH-0040,Port Harcourt,2026-08-07 11:43:00.471473,0,none
TXN-001382,CUST-00258,1279200,MERCH-0086,Kano,2026-07-11 04:42:00.185023,1,off_hours
TXN-008047,CUST-00213,5637327,MERCH-0051,Kano,2026-07-21 10:15:00.671864,0,none
TXN-000414,CUST-00333,6244200,MERCH-0028,Kaduna,2026-08-19 18:48:00.482693,0,none
TXN-005038,CUST-00191,3456010,MERCH-0082,Benin City,2026-07-14 08:45:00.400212,0,none
TXN-004898,CUST-00220,6103419,MERCH-0078,Benin City,2026-08-14 21:41:00.786465,0,none
TXN-003337,CUST-00471,2821831,MERCH-0017,Abuja,2026-08-04 19:39:00.831816,0,none
TXN-003607,CUST-00364,1313036,MERCH-0002,Ibadan,2026-07-27 09:08:00.359487,0,none
TXN-003176,CUST-00187,2398508,MERCH-0043,Enugu,2026-10-02 08:35:00.440266,0,none
TXN-006847,CUST-00487,1064489,MERCH-0040,Kano,2026-07-11 14:45:00.365790,0,none
TXN-002242,CUST-00194,6077987,MERCH-0074,Kaduna,2026-09-20 15:01:00.025117,0,none
TXN-BURST-TXN-001478-0,CUST-00109,7105205,MERCH-0006,Abuja,2026-09-11 13:32:30.214965,1,velocity_burst
TXN-008294,CUST-00452,3339362,MERCH-0074,Ibadan,2026-07-13 14:11:00.440273,0,none
TXN-000257,CUST-00047,3854981,MERCH-0067,Abuja,2026-09-07 10:48:00.332329,0,none
TXN-007611,CUST-00191,2981790,MERCH-0008,Benin City,2026-08-05 18:07:00.201669,0,none
TXN-000201,CUST-00328,3288428,MERCH-0091,Enugu,2026-08-30 11:19:00.931007,0,none
TXN-002236,CUST-00407,2023187,MERCH-0078,Ibadan,2026-09-26 08:22:00.257475,0,none
TXN-004744,CUST-00140,3514300,MERCH-0036,Kano,2026-08-12 09:02:00.038231,0,none
TXN-001768,CUST-00296,3586168,MERCH-0020,Kano,2026-07-20 13:49:00.876619,0,none
TXN-004237,CUST-00060,753573,MERCH-0060,Ibadan,2026-08-17 21:40:00.824612,0,none
TXN-009110,CUST-00354,2165070,MERCH-0001,Kaduna,2026-09-25 15:12:00.595003,0,none
TXN-008752,CUST-00017,2005546,MERCH-0063,Ibadan,2026-07-19 11:49:00.167797,0,none
TXN-007727,CUST-00433,2313000,MERCH-0003,Benin City,2026-09-27 18:14:00.206633,0,none
TXN-001573,CUST-00179,2528021,MERCH-0031,Kano,2026-07-29 09:01:00.715261,0,none
TXN-000025,CUST-00065,3861772,MERCH-0097,Ibadan,2026-09-12 09:09:00.072792,0,none
TXN-003364,CUST-00173,2337180,MERCH-0007,Port Harcourt,2026-09-22 14:03:00.467214,0,none
TXN-001089,CUST-00435,3310589,MERCH-0089,Lagos,2026-07-09 11:31:00.564654,0,none
TXN-004675,CUST-00265,3956564,MERCH-0047,Kaduna,2026-08-15 11:19:00.519242,0,none
TXN-002695,CUST-00330,1703448,MERCH-0014,Enugu,2026-09-20 18:14:00.369312,0,none
TXN-008172,CUST-00172,1738001,MERCH-0057,Ibadan,2026-07-21 09:21:00.982123,1,velocity_burst
TXN-003399,CUST-00366,1551531,MERCH-0083,Port Harcourt,2026-10-04 15:50:00.392098,0,none
TXN-003560,CUST-00435,968192,MERCH-0085,Lagos,2026-08-11 12:37:00.283617,0,none
TXN-009486,CUST-00299,1318490,MERCH-0067,Enugu,2026-09-09 12:30:00.189396,0,none
TXN-002842,CUST-00219,4746811,MERCH-0018,Ibadan,2026-08-25 14:59:00.487684,0,none
TXN-002312,CUST-00126,2823842,MERCH-0016,Benin City,2026-08-06 21:20:00.215142,0,none
TXN-009207,CUST-00340,4479345,MERCH-0011,Lagos,2026-07-21 18:59:00.290418,0,none
TXN-003235,CUST-00020,3116476,MERCH-0026,Kano,2026-07-12 22:26:00.726208,0,none
TXN-004153,CUST-00477,3340905,MERCH-0004,Lagos,2026-08-22 14:49:00.177331,0,none
TXN-001310,CUST-00172,5358209,MERCH-0025,Ibadan,2026-08-09 10:18:00.141576,0,none
TXN-000696,CUST-00323,2393117,MERCH-0046,Kaduna,2026-08-22 16:54:00.155975,0,none
TXN-007198,CUST-00056,3961035,MERCH-0086,Kano,2026-10-02 09:02:00.425035,0,none
TXN-003753,CUST-00279,1616236,MERCH-0019,Lagos,2026-08-05 18:43:00.715171,0,none
TXN-006338,CUST-00326,1947825,MERCH-0017,Lagos,2026-09-02 07:37:00.723539,0,none
TXN-001228,CUST-00385,3479815,MERCH-0022,Abuja,2026-09-28 16:49:00.983957,0,none
TXN-002000,CUST-00300,5038582,MERCH-0065,Ibadan,2026-07-20 15:29:00.099761,0,none
TXN-000277,CUST-00296,1562542,MERCH-0010,Kano,2026-08-03 13:59:00.470639,0,none
TXN-007308,CUST-00033,2725782,MERCH-0002,Kano,2026-07-08 17:21:00.457208,0,none
TXN-007632,CUST-00339,588949,MERCH-0028,Abuja,2026-07-22 17:49:00.933598,0,none
TXN-005930,CUST-00184,2685787,MERCH-0023,Abuja,2026-09-21 11:56:00.750669,0,none
TXN-002954,CUST-00351,6220180,MERCH-0009,Abuja,2026-07-27 07:20:00.317371,0,none
TXN-003638,CUST-00425,4721539,MERCH-0026,Enugu,2026-08-17 13:41:00.349934,0,none
TXN-003907,CUST-00327,1426469,MERCH-0084,Port Harcourt,2026-08-25 16:20:00.037627,0,none
TXN-004779,CUST-00185,3595665,MERCH-0092,Kaduna,2026-08-16 09:44:00.018450,0,none
TXN-005846,CUST-00301,511927,MERCH-0054,Benin City,2026-07-31 11:04:00.627838,0,none
TXN-BURST-TXN-001246-2,CUST-00167,2872323,MERCH-0040,Abuja,2026-07-18 13:38:30.327309,1,velocity_burst
TXN-004118,CUST-00233,923304,MERCH-0013,Ibadan,2026-09-22 16:48:00.113450,0,none
TXN-007579,CUST-00368,5033928,MERCH-0036,Enugu,2026-08-22 10:47:00.632068,0,none
TXN-001138,CUST-00357,788709,MERCH-0073,Kaduna,2026-07-19 13:45:00.492737,0,none
TXN-002768,CUST-00256,1486363,MERCH-0087,Kano,2026-07-10 19:19:00.040212,0,none
TXN-002335,CUST-00130,2962359,MERCH-0054,Kano,2026-08-01 13:20:00.527914,0,none
TXN-008256,CUST-00040,943779,MERCH-0047,Kano,2026-09-07 09:29:00.842781,0,none
TXN-000943,CUST-00451,751430,MERCH-0043,Kano,2026-07-22 20:05:00.239445,0,none
TXN-008230,CUST-00057,5479212,MERCH-0071,Benin City,2026-07-28 22:27:00.514723,0,none
TXN-007290,CUST-00465,136069972,MERCH-0014,Kaduna,2026-07-30 17:45:00.733799,1,amount_anomaly
TXN-002491,CUST-00167,3804875,MERCH-0024,Abuja,2026-08-07 16:33:00.159247,0,none
TXN-BURST-TXN-000707-1,CUST-00151,624091,MERCH-0091,Enugu,2026-09-15 14:51:00.115163,1,velocity_burst
TXN-006291,CUST-00324,2495242,MERCH-0044,Enugu,2026-09-07 13:01:00.637918,0,none
TXN-004936,CUST-00362,1823198,MERCH-0046,Lagos,2026-09-29 18:59:00.077974,0,none
TXN-003936,CUST-00059,1497013,MERCH-0091,Benin City,2026-09-08 09:25:00.648291,0,none
TXN-006881,CUST-00399,1138546,MERCH-0025,Kano,2026-08-14 18:56:00.342657,0,none
TXN-007503,CUST-00182,1153331,MERCH-0003,Benin City,2026-07-21 12:02:00.937047,0,none
TXN-002385,CUST-00223,5231471,MERCH-0022,Lagos,2026-07-20 08:22:00.651237,0,none
TXN-007085,CUST-00202,5294038,MERCH-0100,Abuja,2026-08-26 13:59:00.182019,0,none
TXN-000116,CUST-00268,3794200,MERCH-0088,Ibadan,2026-08-16 18:30:00.870373,0,none
TXN-001864,CUST-00243,1715606,MERCH-0078,Port Harcourt,2026-10-01 11:16:00.932884,0,none
TXN-BURST-TXN-009470-0,CUST-00212,4258177,MERCH-0041,Enugu,2026-10-01 12:16:30.472302,1,velocity_burst
TXN-003120,CUST-00217,948060,MERCH-0036,Port Harcourt,2026-07-12 21:55:00.171932,0,none
TXN-004259,CUST-00199,5786486,MERCH-0018,Kano,2026-09-28 12:54:00.092497,0,none
TXN-007237,CUST-00269,1976450,MERCH-0083,Kaduna,2026-08-31 17:25:00.678766,0,none
TXN-000903,CUST-00479,1469571,MERCH-0001,Abuja,2026-08-09 11:48:00.024862,0,none
TXN-002820,CUST-00295,1273030,MERCH-0087,Kano,2026-09-30 11:40:00.276709,0,none
TXN-003823,CUST-00484,1046180,MERCH-0038,Lagos,2026-07-11 15:48:00.611215,0,none
TXN-007677,CUST-00489,2553432,MERCH-0071,Port Harcourt,2026-08-10 09:43:00.637201,0,none
TXN-007435,CUST-00064,1855957,MERCH-0034,Enugu,2026-08-24 16:09:00.655417,0,none
TXN-009418,CUST-00064,1587400,MERCH-0034,Enugu,2026-07-21 12:50:00.906397,0,none
TXN-004700,CUST-00338,1249966,MERCH-0023,Benin City,2026-10-04 17:34:00.325416,0,none
TXN-009241,CUST-00483,3339434,MERCH-0016,Enugu,2026-09-14 19:08:00.307256,0,none
TXN-003803,CUST-00430,3138530,MERCH-0001,Lagos,2026-07-19 11:59:00.707822,0,none
TXN-008614,CUST-00091,3647244,MERCH-0087,Lagos,2026-09-30 13:32:00.730741,1,velocity_burst
TXN-006069,CUST-00292,94667484,MERCH-0078,Enugu,2026-08-12 16:41:00.935862,1,amount_anomaly
TXN-005811,CUST-00207,1759464,MERCH-0064,Port Harcourt,2026-08-06 10:33:00.456650,0,none
TXN-003537,CUST-00173,4094158,MERCH-0026,Port Harcourt,2026-08-25 15:51:00.057263,0,none
TXN-003826,CUST-00407,1902904,MERCH-0094,Ibadan,2026-09-20 08:08:00.259791,0,none
TXN-006643,CUST-00237,1507698,MERCH-0065,Port Harcourt,2026-07-13 12:30:00.748841,1,velocity_burst
TXN-008956,CUST-00282,2940423,MERCH-0035,Abuja,2026-07-31 20:07:00.922048,0,none
TXN-008921,CUST-00229,3063283,MERCH-0016,Ibadan,2026-09-10 20:22:00.205710,0,none
TXN-004811,CUST-00460,4412954,MERCH-0100,Kano,2026-09-21 21:50:00.249856,0,none
TXN-001947,CUST-00423,4023197,MERCH-0048,Ibadan,2026-09-24 13:18:00.747549,0,none
TXN-009035,CUST-00341,2318421,MERCH-0027,Kano,2026-07-25 12:17:00.987708,0,none
TXN-007692,CUST-00062,1774971,MERCH-0063,Enugu,2026-08-09 09:06:00.024765,0,none
TXN-005336,CUST-00053,2738144,MERCH-0061,Ibadan,2026-08-15 15:41:00.219639,0,none
TXN-003489,CUST-00038,589407,MERCH-0043,Lagos,2026-09-25 09:30:00.221023,0,none
TXN-001611,CUST-00378,4506961,MERCH-0019,Kano,2026-10-01 19:24:00.351557,0,none
TXN-008129,CUST-00191,4293903,MERCH-0010,Benin City,2026-08-28 06:57:00.763442,0,none
TXN-007609,CUST-00256,3728504,MERCH-0042,Kano,2026-09-23 18:35:00.993332,0,none
TXN-004678,CUST-00139,1232705,MERCH-0065,Enugu,2026-09-05 14:01:00.285944,0,none
TXN-004960,CUST-00415,634536,MERCH-0091,Kano,2026-07-08 07:58:00.883304,0,none
TXN-007629,CUST-00221,1197610,MERCH-0065,Benin City,2026-07-09 18:41:00.183927,0,none
TXN-005868,CUST-00416,1696700,MERCH-0080,Benin City,2026-09-10 13:59:00.279254,0,none
TXN-009080,CUST-00059,1225583,MERCH-0091,Benin City,2026-07-31 10:24:00.005570,0,none
TXN-004762,CUST-00028,5437266,MERCH-0049,Enugu,2026-09-08 17:28:00.155702,0,none
TXN-002195,CUST-00491,2624864,MERCH-0063,Abuja,2026-09-18 18:37:00.389789,0,none
TXN-000883,CUST-00369,3244461,MERCH-0062,Lagos,2026-07-20 10:12:00.499756,0,none
TXN-005702,CUST-00164,3087093,MERCH-0072,Enugu,2026-09-13 12:19:00.005991,0,none
TXN-005114,CUST-00247,5912956,MERCH-0008,Abuja,2026-08-17 12:43:00.297285,0,none
TXN-000558,CUST-00320,2048189,MERCH-0084,Abuja,2026-09-05 18:06:00.348181,0,none
TXN-009655,CUST-00275,4450100,MERCH-0012,Enugu,2026-09-11 17:35:00.500268,0,none
TXN-005140,CUST-00262,553612,MERCH-0076,Ibadan,2026-07-18 15:24:00.570966,0,none
TXN-001208,CUST-00144,4195635,MERCH-0093,Enugu,2026-08-08 20:26:00.381332,0,none
TXN-007582,CUST-00189,1247775,MERCH-0078,Port Harcourt,2026-08-05 18:16:00.321984,0,none
TXN-007877,CUST-00356,5188240,MERCH-0053,Enugu,2026-08-15 16:10:00.628844,0,none
TXN-001511,CUST-00467,2170543,MERCH-0058,Lagos,2026-07-15 20:17:00.564772,0,none
TXN-007307,CUST-00353,1269907,MERCH-0048,Benin City,2026-07-11 14:48:00.516242,0,none
TXN-003830,CUST-00355,749186,MERCH-0095,Benin City,2026-08-10 18:57:00.275418,0,none
TXN-003733,CUST-00375,2342039,MERCH-0073,Kano,2026-08-18 15:16:00.609502,0,none
TXN-008373,CUST-00472,547272,MERCH-0042,Port Harcourt,2026-09-01 10:21:00.781206,0,none
TXN-003212,CUST-00292,1798004,MERCH-0042,Enugu,2026-07-31 14:08:00.489239,0,none
TXN-003631,CUST-00186,4050286,MERCH-0040,Lagos,2026-07-10 11:41:00.547061,0,none
TXN-001709,CUST-00410,2440144,MERCH-0059,Ibadan,2026-10-01 11:13:00.990129,0,none
TXN-001846,CUST-00195,5641899,MERCH-0095,Benin City,2026-09-16 10:17:00.236906,0,none
TXN-000267,CUST-00360,1164023,MERCH-0046,Abuja,2026-08-03 12:25:00.295406,0,none
TXN-005986,CUST-00176,99113960,MERCH-0041,Benin City,2026-10-01 16:19:00.479229,1,amount_anomaly
TXN-001141,CUST-00223,1969939,MERCH-0093,Lagos,2026-09-02 09:17:00.271281,0,none
TXN-003163,CUST-00285,4595826,MERCH-0012,Kano,2026-08-16 15:46:00.430774,0,none
TXN-006208,CUST-00293,4158570,MERCH-0041,Ibadan,2026-09-29 11:17:00.800058,0,none
TXN-002047,CUST-00171,1084936,MERCH-0037,Kaduna,2026-09-01 13:38:00.850477,0,none
TXN-003731,CUST-00147,1270876,MERCH-0051,Enugu,2026-08-09 15:42:00.171814,0,none
TXN-001910,CUST-00049,3694904,MERCH-0017,Port Harcourt,2026-09-23 19:09:00.940961,0,none
TXN-007875,CUST-00099,4648676,MERCH-0016,Lagos,2026-09-07 15:14:00.227987,0,none
TXN-002661,CUST-00423,4298302,MERCH-0038,Ibadan,2026-07-26 11:58:00.338371,0,none
TXN-000657,CUST-00409,1163860,MERCH-0004,Kano,2026-09-02 14:05:00.615761,0,none
TXN-006661,CUST-00205,1600813,MERCH-0076,Port Harcourt,2026-09-25 09:39:00.162837,0,none
TXN-001308,CUST-00191,2391461,MERCH-0086,Benin City,2026-09-23 12:12:00.493733,0,none
TXN-002568,CUST-00409,592499,MERCH-0073,Kano,2026-09-13 17:33:00.908185,0,none
TXN-000999,CUST-00034,1201668,MERCH-0017,Abuja,2026-08-26 10:40:00.051868,0,none
TXN-008006,CUST-00123,885415,MERCH-0013,Kano,2026-08-15 19:28:00.320012,0,none
TXN-002835,CUST-00330,1160866,MERCH-0012,Enugu,2026-09-01 10:21:00.115588,0,none
TXN-BURST-TXN-005484-0,CUST-00485,1412932,MERCH-0029,Abuja,2026-07-27 18:23:30.402301,1,velocity_burst
TXN-009510,CUST-00030,3542077,MERCH-0066,Lagos,2026-09-01 15:05:00.125969,0,none
TXN-005881,CUST-00263,6350794,MERCH-0002,Ibadan,2026-09-18 18:59:00.515575,0,none
TXN-001238,CUST-00498,4383132,MERCH-0047,Kano,2026-08-15 15:05:00.170943,0,none
TXN-002152,CUST-00443,2171645,MERCH-0006,Benin City,2026-07-18 13:57:00.812788,0,none
TXN-003836,CUST-00298,2773902,MERCH-0087,Abuja,2026-09-05 15:10:00.877731,0,none
TXN-BURST-TXN-001128-2,CUST-00024,1199274,MERCH-0087,Abuja,2026-08-02 13:43:30.554009,1,velocity_burst
TXN-007749,CUST-00461,1284064,MERCH-0078,Kano,2026-08-21 12:52:00.460212,0,none
TXN-009307,CUST-00268,1963827,MERCH-0033,Ibadan,2026-08-18 19:51:00.314787,0,none
TXN-006579,CUST-00431,2873273,MERCH-0076,Ibadan,2026-09-10 18:42:00.458947,0,none
TXN-005092,CUST-00107,3312616,MERCH-0063,Abuja,2026-09-01 12:24:00.666127,0,none
TXN-002187,CUST-00356,5663324,MERCH-0030,Enugu,2026-09-07 13:41:00.538607,0,none
TXN-009160,CUST-00303,2166178,MERCH-0091,Abuja,2026-09-09 17:01:00.252641,0,none
TXN-001135,CUST-00134,1928804,MERCH-0056,Benin City,2026-09-25 17:05:00.806691,0,none
TXN-005005,CUST-00440,1802955,MERCH-0012,Kaduna,2026-08-23 14:27:00.307707,0,none
TXN-006627,CUST-00081,2078662,MERCH-0063,Kano,2026-07-24 15:09:00.968722,0,none
TXN-001304,CUST-00317,4534027,MERCH-0045,Ibadan,2026-08-01 13:25:00.505454,0,none
TXN-008771,CUST-00208,6206600,MERCH-0059,Port Harcourt,2026-08-08 18:44:00.483481,0,none
TXN-001628,CUST-00157,2380967,MERCH-0083,Abuja,2026-09-07 17:13:00.090860,0,none
TXN-008318,CUST-00379,1623651,MERCH-0048,Kano,2026-10-03 11:01:00.035458,0,none
TXN-001523,CUST-00139,1215225,MERCH-0065,Enugu,2026-08-16 17:58:00.177246,0,none
TXN-BURST-TXN-003845-0,CUST-00398,6954742,MERCH-0074,Ibadan,2026-08-17 18:40:30.720369,1,velocity_burst
TXN-000359,CUST-00141,4904009,MERCH-0085,Ibadan,2026-08-12 15:35:00.532093,0,none
TXN-000139,CUST-00466,1136730,MERCH-0088,Lagos,2026-09-27 12:04:00.243047,0,none
TXN-000300,CUST-00329,3985681,MERCH-0044,Ibadan,2026-08-18 10:03:00.408158,0,none
TXN-001557,CUST-00246,1671870,MERCH-0075,Kano,2026-09-29 15:23:00.389918,0,none
TXN-005100,CUST-00297,5780040,MERCH-0011,Enugu,2026-08-03 20:10:00.981369,0,none
TXN-000383,CUST-00224,2473525,MERCH-0003,Enugu,2026-09-10 09:24:00.649651,0,none
TXN-008613,CUST-00441,3708607,MERCH-0013,Abuja,2026-07-10 18:03:00.602666,0,none
TXN-007494,CUST-00468,2783530,MERCH-0050,Ibadan,2026-07-14 21:42:00.097116,0,none
TXN-004858,CUST-00403,2936909,MERCH-0063,Abuja,2026-08-14 18:54:00.623830,0,none
TXN-003181,CUST-00183,4250880,MERCH-0094,Enugu,2026-07-17 08:51:00.496875,0,none
TXN-001440,CUST-00411,3407372,MERCH-0088,Ibadan,2026-08-03 15:02:00.619443,0,none
TXN-007689,CUST-00044,2548807,MERCH-0009,Ibadan,2026-10-01 17:45:00.623633,0,none
TXN-005674,CUST-00049,5882259,MERCH-0086,Port Harcourt,2026-08-20 14:13:00.235394,0,none
TXN-007043,CUST-00371,2389963,MERCH-0073,Benin City,2026-08-24 13:33:00.838974,0,none
TXN-000947,CUST-00461,1205238,MERCH-0089,Kano,2026-08-15 11:44:00.881126,0,none
TXN-002391,CUST-00145,793433,MERCH-0085,Abuja,2026-09-16 09:23:00.259857,0,none
TXN-005499,CUST-00412,3554015,MERCH-0012,Kaduna,2026-08-09 17:16:00.409553,0,none
TXN-007625,CUST-00286,4293110,MERCH-0024,Kaduna,2026-08-25 12:47:00.023362,0,none
TXN-009564,CUST-00050,2628467,MERCH-0039,Kano,2026-08-10 19:09:00.376576,0,none
TXN-002722,CUST-00395,2017003,MERCH-0024,Enugu,2026-08-14 15:46:00.369280,0,none
TXN-001933,CUST-00324,311899,MERCH-0035,Enugu,2026-08-07 12:47:00.610928,0,none
TXN-BURST-TXN-001493-0,CUST-00171,982769,MERCH-0093,Kaduna,2026-10-01 19:30:30.255388,1,velocity_burst
TXN-003237,CUST-00205,1367693,MERCH-0022,Port Harcourt,2026-07-27 10:27:00.211973,0,none
TXN-003141,CUST-00157,1838245,MERCH-0083,Abuja,2026-09-26 09:56:00.965452,0,none
TXN-004164,CUST-00130,2740504,MERCH-0061,Kano,2026-08-23 19:59:00.989974,0,none
TXN-009211,CUST-00225,130817280,MERCH-0061,Kano,2026-10-03 21:32:00.600368,1,amount_anomaly
TXN-008590,CUST-00070,625984,MERCH-0073,Ibadan,2026-09-04 21:14:00.676167,0,none
TXN-003808,CUST-00454,5081101,MERCH-0001,Abuja,2026-07-18 13:56:00.245693,0,none
TXN-009821,CUST-00304,813597,MERCH-0023,Abuja,2026-08-10 11:02:00.198706,0,none
TXN-007530,CUST-00126,4630735,MERCH-0025,Benin City,2026-09-27 10:28:00.537393,0,none
TXN-009227,CUST-00277,91077734,MERCH-0006,Kaduna,2026-10-04 10:34:00.618667,1,amount_anomaly
TXN-006782,CUST-00231,1429886,MERCH-0090,Kaduna,2026-08-11 19:02:00.608185,0,none
TXN-008922,CUST-00330,1715673,MERCH-0012,Enugu,2026-07-17 12:55:00.687061,0,none
TXN-004155,CUST-00411,2409596,MERCH-0004,Ibadan,2026-08-30 13:12:00.040987,0,none
TXN-004173,CUST-00157,1953095,MERCH-0082,Abuja,2026-09-03 16:56:00.076370,0,none
TXN-000797,CUST-00261,2548515,MERCH-0083,Enugu,2026-08-16 12:03:00.436909,0,none
TXN-002417,CUST-00445,1224978,MERCH-0050,Kano,2026-09-17 14:53:00.892781,0,none
TXN-007730,CUST-00465,4921583,MERCH-0004,Kaduna,2026-10-01 20:12:00.156312,0,none
TXN-006140,CUST-00175,4194725,MERCH-0007,Kano,2026-09-28 14:56:00.901637,0,none
TXN-000786,CUST-00414,3447001,MERCH-0002,Ibadan,2026-07-09 17:20:00.081196,0,none
TXN-007619,CUST-00021,3349587,MERCH-0016,Port Harcourt,2026-08-20 16:51:00.048970,0,none
TXN-006790,CUST-00084,2174977,MERCH-0029,Ibadan,2026-07-27 18:38:00.092064,0,none
TXN-003159,CUST-00337,4006552,MERCH-0010,Kaduna,2026-07-27 09:35:00.980147,0,none
TXN-007203,CUST-00243,1138758,MERCH-0078,Port Harcourt,2026-07-15 13:55:00.354254,0,none
TXN-000124,CUST-00051,2641022,MERCH-0066,Enugu,2026-09-25 16:55:00.722340,0,none
TXN-009799,CUST-00162,1389177,MERCH-0065,Kano,2026-07-17 11:16:00.636115,0,none
TXN-007483,CUST-00199,2317431,MERCH-0031,Kano,2026-09-29 11:57:00.439798,0,none
TXN-002173,CUST-00046,649664,MERCH-0066,Port Harcourt,2026-08-29 13:20:00.918289,0,none
TXN-002170,CUST-00135,2375727,MERCH-0044,Abuja,2026-08-13 12:35:00.359142,0,none
TXN-007424,CUST-00061,3446306,MERCH-0062,Enugu,2026-07-13 13:32:00.221927,0,none
TXN-004010,CUST-00053,2068146,MERCH-0032,Ibadan,2026-09-25 18:53:00.643770,0,none
TXN-009630,CUST-00398,2939364,MERCH-0074,Ibadan,2026-07-14 09:50:00.842348,0,none
TXN-004341,CUST-00253,2628261,MERCH-0085,Kano,2026-09-04 16:23:00.459385,0,none
TXN-000911,CUST-00142,833722,MERCH-0040,Port Harcourt,2026-08-09 12:02:00.393960,0,none
TXN-006269,CUST-00447,1458228,MERCH-0094,Kaduna,2026-08-17 13:20:00.579439,0,none
TXN-008283,CUST-00147,1099907,MERCH-0051,Enugu,2026-09-27 15:15:00.407166,0,none
TXN-002310,CUST-00349,2565028,MERCH-0071,Kaduna,2026-09-02 19:25:00.843146,0,none
TXN-BURST-TXN-000306-1,CUST-00050,3456574,MERCH-0027,Kano,2026-08-28 19:23:00.598811,1,velocity_burst
TXN-003635,CUST-00310,1555021,MERCH-0054,Abuja,2026-08-26 10:24:00.214292,0,none
TXN-001258,CUST-00491,2212583,MERCH-0041,Abuja,2026-10-04 18:47:00.860501,0,none
TXN-006592,CUST-00496,3422944,MERCH-0071,Lagos,2026-07-25 13:17:00.227608,0,none
TXN-004459,CUST-00310,2618910,MERCH-0055,Abuja,2026-07-10 12:55:00.113237,0,none
TXN-006134,CUST-00084,1606764,MERCH-0080,Ibadan,2026-08-13 13:43:00.595419,0,none
TXN-001179,CUST-00055,4151737,MERCH-0100,Enugu,2026-07-21 13:22:00.704526,0,none
TXN-004653,CUST-00295,600664,MERCH-0064,Kano,2026-09-06 17:30:00.680562,0,none
TXN-006219,CUST-00059,1178965,MERCH-0089,Benin City,2026-07-31 13:19:00.211028,0,none
TXN-003651,CUST-00443,1644314,MERCH-0002,Benin City,2026-08-08 18:43:00.546463,0,none
TXN-000443,CUST-00152,2211480,MERCH-0080,Enugu,2026-07-30 10:51:00.406012,0,none
TXN-003416,CUST-00198,1126798,MERCH-0092,Kaduna,2026-09-15 17:33:00.090485,0,none
TXN-001400,CUST-00363,4986310,MERCH-0072,Enugu,2026-09-27 20:05:00.133991,0,none
TXN-008064,CUST-00168,4494578,MERCH-0038,Ibadan,2026-09-21 09:44:00.471983,0,none
TXN-007748,CUST-00143,837794,MERCH-0028,Enugu,2026-08-20 09:10:00.103733,0,none
TXN-001458,CUST-00062,3099735,MERCH-0063,Enugu,2026-09-24 14:55:00.051497,0,none
TXN-008109,CUST-00243,1745440,MERCH-0078,Port Harcourt,2026-09-11 17:04:00.516682,0,none
TXN-005745,CUST-00289,4966573,MERCH-0035,Kano,2026-07-22 11:44:00.688436,0,none
TXN-001055,CUST-00385,3833276,MERCH-0053,Abuja,2026-10-02 16:26:00.606033,0,none
TXN-007444,CUST-00407,1494240,MERCH-0078,Ibadan,2026-08-20 19:55:00.207493,0,none
TXN-003276,CUST-00240,1874801,MERCH-0086,Enugu,2026-08-22 16:29:00.413735,0,none
TXN-001464,CUST-00447,1069874,MERCH-0004,Kaduna,2026-09-11 20:41:00.284745,0,none
TXN-003700,CUST-00110,818036,MERCH-0068,Port Harcourt,2026-08-10 10:10:00.414693,0,none
TXN-003760,CUST-00234,8151975,MERCH-0062,Kano,2026-09-26 17:00:00.149062,1,amount_anomaly
TXN-000930,CUST-00169,5878710,MERCH-0099,Abuja,2026-07-17 17:40:00.019842,0,none
TXN-005512,CUST-00020,3519444,MERCH-0026,Kano,2026-08-18 12:44:00.256049,0,none
TXN-006469,CUST-00078,6385775,MERCH-0025,Benin City,2026-08-25 11:29:00.232087,0,none
TXN-008714,CUST-00286,2712099,MERCH-0024,Kaduna,2026-07-16 11:29:00.003813,0,none
TXN-001830,CUST-00440,2738803,MERCH-0086,Kaduna,2026-09-30 12:41:00.414391,0,none
TXN-002929,CUST-00371,5026995,MERCH-0035,Benin City,2026-09-23 04:31:00.632649,1,off_hours
TXN-007482,CUST-00193,1040137,MERCH-0005,Kano,2026-08-10 19:37:00.472975,0,none
TXN-006539,CUST-00209,2771321,MERCH-0044,Kaduna,2026-09-14 10:43:00.268194,0,none
TXN-004222,CUST-00143,1107057,MERCH-0068,Enugu,2026-08-01 13:01:00.838996,0,none
TXN-003547,CUST-00460,4588610,MERCH-0066,Kano,2026-07-26 10:02:00.643608,0,none
TXN-005599,CUST-00059,920546,MERCH-0020,Benin City,2026-08-11 19:01:00.164332,0,none
TXN-009262,CUST-00233,640821,MERCH-0061,Ibadan,2026-08-17 16:16:00.923971,0,none
TXN-007886,CUST-00407,2474915,MERCH-0083,Ibadan,2026-09-25 11:02:00.864528,0,none
TXN-008455,CUST-00349,5753934,MERCH-0095,Kaduna,2026-08-21 17:59:00.560764,0,none
TXN-002012,CUST-00058,3506641,MERCH-0057,Ibadan,2026-07-20 17:00:00.125392,0,none
TXN-000914,CUST-00362,2819362,MERCH-0046,Lagos,2026-09-25 10:54:00.954081,0,none
TXN-008548,CUST-00458,4033746,MERCH-0028,Kano,2026-09-17 16:34:00.014484,0,none
TXN-009607,CUST-00247,5571639,MERCH-0017,Abuja,2026-08-03 09:06:00.763930,0,none
TXN-003220,CUST-00086,1737369,MERCH-0011,Abuja,2026-07-11 14:46:00.514002,0,none
TXN-002607,CUST-00177,1658259,MERCH-0098,Benin City,2026-09-23 18:28:00.626567,0,none
TXN-003265,CUST-00311,1281861,MERCH-0018,Kaduna,2026-08-22 11:12:00.354609,0,none
TXN-004929,CUST-00476,756056,MERCH-0032,Lagos,2026-07-08 21:41:00.231428,0,none
TXN-008975,CUST-00463,2830205,MERCH-0038,Port Harcourt,2026-09-22 15:34:00.133837,0,none
TXN-006565,CUST-00161,1634536,MERCH-0025,Enugu,2026-09-10 01:19:00.380251,1,off_hours
TXN-008458,CUST-00214,2750526,MERCH-0007,Kaduna,2026-08-17 20:26:00.001571,0,none
TXN-000007,CUST-00234,385940,MERCH-0097,Kano,2026-09-30 16:33:00.551140,0,none
TXN-002981,CUST-00392,805241,MERCH-0038,Kaduna,2026-09-09 13:11:00.028588,0,none
TXN-006584,CUST-00367,2122490,MERCH-0056,Benin City,2026-07-24 16:18:00.197891,0,none
TXN-003362,CUST-00401,3014722,MERCH-0080,Enugu,2026-07-14 12:51:00.967392,0,none
TXN-004775,CUST-00352,1417099,MERCH-0071,Kaduna,2026-08-03 19:44:00.345547,0,none
TXN-001944,CUST-00341,2393016,MERCH-0020,Kano,2026-09-20 16:48:00.378275,0,none
TXN-008028,CUST-00357,739852,MERCH-0010,Kaduna,2026-09-28 16:00:00.730754,0,none
TXN-005500,CUST-00154,4237655,MERCH-0044,Enugu,2026-07-22 19:38:00.727953,0,none
TXN-001636,CUST-00027,1191724,MERCH-0022,Abuja,2026-09-30 14:02:00.418526,0,none
TXN-001142,CUST-00064,2512050,MERCH-0042,Enugu,2026-09-21 10:43:00.829375,0,none
TXN-002042,CUST-00126,4227756,MERCH-0059,Benin City,2026-09-18 14:35:00.337260,0,none
TXN-006816,CUST-00437,1103080,MERCH-0078,Kano,2026-07-14 20:23:00.717161,0,none
TXN-006704,CUST-00442,3157649,MERCH-0023,Port Harcourt,2026-08-20 17:16:00.155363,0,none
TXN-007243,CUST-00118,2332555,MERCH-0022,Enugu,2026-09-01 07:59:00.967297,0,none
TXN-000360,CUST-00085,3715884,MERCH-0079,Kaduna,2026-07-28 13:59:00.568866,0,none
TXN-002071,CUST-00471,3874725,MERCH-0034,Abuja,2026-08-12 20:07:00.699299,0,none
TXN-003135,CUST-00330,924570,MERCH-0012,Enugu,2026-08-20 14:54:00.560323,0,none
TXN-005161,CUST-00200,419304,MERCH-0071,Kaduna,2026-08-28 14:23:00.210002,0,none
TXN-006991,CUST-00471,3914841,MERCH-0017,Abuja,2026-07-21 10:48:00.813121,0,none
TXN-003244,CUST-00497,2330140,MERCH-0099,Kaduna,2026-09-12 21:55:00.446238,0,none
TXN-005276,CUST-00053,1971859,MERCH-0061,Ibadan,2026-08-24 17:35:00.752706,0,none
TXN-002243,CUST-00252,3919572,MERCH-0059,Lagos,2026-09-15 15:19:00.313712,0,none
TXN-001475,CUST-00057,4371282,MERCH-0058,Benin City,2026-07-29 14:01:00.990592,0,none
TXN-009116,CUST-00055,2031706,MERCH-0055,Enugu,2026-07-14 13:35:00.012135,0,none
TXN-001890,CUST-00092,3764053,MERCH-0067,Lagos,2026-07-13 16:43:00.668178,0,none
TXN-003436,CUST-00032,3305766,MERCH-0031,Abuja,2026-09-04 13:57:00.260242,0,none
TXN-008183,CUST-00087,2760633,MERCH-0059,Kaduna,2026-07-08 17:10:00.153270,0,none
TXN-005150,CUST-00336,2558007,MERCH-0038,Port Harcourt,2026-07-08 21:19:00.119992,0,none
TXN-003706,CUST-00047,4322269,MERCH-0006,Abuja,2026-09-12 18:29:00.098428,0,none
TXN-002022,CUST-00335,3537778,MERCH-0089,Abuja,2026-07-20 22:26:00.951169,0,none
TXN-004021,CUST-00189,899966,MERCH-0078,Port Harcourt,2026-07-21 14:58:00.067537,0,none
TXN-009151,CUST-00171,644511,MERCH-0093,Kaduna,2026-09-09 19:14:00.941802,0,none
TXN-008745,CUST-00131,3373021,MERCH-0085,Benin City,2026-09-22 14:29:00.480695,0,none
TXN-003501,CUST-00117,3281816,MERCH-0038,Lagos,2026-07-28 17:29:00.017600,0,none
TXN-002659,CUST-00022,2453087,MERCH-0030,Ibadan,2026-08-04 09:26:00.270253,0,none
TXN-008758,CUST-00467,3586783,MERCH-0046,Lagos,2026-07-10 10:57:00.968543,0,none
TXN-007432,CUST-00169,6015853,MERCH-0044,Abuja,2026-09-04 19:14:00.588965,0,none
TXN-001131,CUST-00340,4198030,MERCH-0054,Lagos,2026-09-27 12:19:00.227989,0,none
TXN-005558,CUST-00224,2258322,MERCH-0057,Enugu,2026-08-05 12:14:00.405185,0,none
TXN-008020,CUST-00083,2156807,MERCH-0088,Abuja,2026-08-07 12:45:00.024761,0,none
TXN-001820,CUST-00472,615167,MERCH-0020,Port Harcourt,2026-08-17 17:17:00.409973,0,none
TXN-008334,CUST-00416,7786276,MERCH-0051,Benin City,2026-09-09 16:26:00.701656,0,none
TXN-008063,CUST-00341,2825567,MERCH-0020,Kano,2026-09-15 20:09:00.353397,0,none
TXN-007065,CUST-00241,327501,MERCH-0035,Ibadan,2026-08-16 09:30:00.983726,0,none
TXN-004319,CUST-00350,1907966,MERCH-0048,Enugu,2026-09-01 09:15:00.918319,0,none
TXN-009952,CUST-00058,2493821,MERCH-0031,Ibadan,2026-08-02 16:25:00.443440,0,none
TXN-004145,CUST-00094,1947590,MERCH-0059,Abuja,2026-08-26 21:19:00.327501,0,none
TXN-004670,CUST-00050,4277013,MERCH-0039,Kano,2026-08-27 09:31:00.103358,0,none
TXN-001237,CUST-00108,1057301,MERCH-0056,Lagos,2026-08-14 17:38:00.738714,0,none
TXN-005477,CUST-00197,2399191,MERCH-0092,Kaduna,2026-08-23 20:12:00.507638,0,none
TXN-007130,CUST-00190,1493806,MERCH-0078,Abuja,2026-09-07 14:20:00.428056,0,none
TXN-BURST-TXN-004521-0,CUST-00184,4484037,MERCH-0083,Abuja,2026-09-30 18:14:30.025986,1,velocity_burst
TXN-001857,CUST-00060,601188,MERCH-0008,Ibadan,2026-08-10 03:29:00.971225,1,off_hours
TXN-002283,CUST-00281,1273606,MERCH-0030,Kano,2026-07-11 11:26:00.433167,0,none
TXN-009007,CUST-00457,3411721,MERCH-0022,Lagos,2026-09-14 19:30:00.708988,0,none
TXN-009657,CUST-00499,1944708,MERCH-0018,Lagos,2026-08-03 18:40:00.075219,0,none
TXN-004094,CUST-00325,5615848,MERCH-0081,Kano,2026-08-03 15:42:00.823213,0,none
TXN-007613,CUST-00019,5612112,MERCH-0017,Abuja,2026-09-01 18:57:00.737571,0,none
TXN-005201,CUST-00279,2027734,MERCH-0076,Lagos,2026-07-09 14:38:00.115664,0,none
TXN-006402,CUST-00125,1420240,MERCH-0057,Enugu,2026-07-15 20:59:00.393311,0,none
TXN-BURST-TXN-008172-2,CUST-00172,1738001,MERCH-0057,Ibadan,2026-07-21 09:22:30.982123,1,velocity_burst
TXN-003422,CUST-00130,2806438,MERCH-0015,Kano,2026-07-09 10:08:00.150688,0,none
TXN-009603,CUST-00464,41936206,MERCH-0089,Benin City,2026-09-20 22:14:00.489923,1,amount_anomaly
TXN-000387,CUST-00144,5563805,MERCH-0042,Enugu,2026-09-21 15:10:00.135618,0,none
TXN-008857,CUST-00392,2461310,MERCH-0038,Kaduna,2026-08-26 20:07:00.225242,0,none
TXN-001629,CUST-00063,1160648,MERCH-0004,Enugu,2026-08-15 09:15:00.867054,0,none
TXN-003586,CUST-00093,916857,MERCH-0045,Port Harcourt,2026-07-25 16:44:00.414758,0,none
TXN-007986,CUST-00411,2921355,MERCH-0004,Ibadan,2026-09-18 21:28:00.072259,0,none
TXN-002715,CUST-00491,2790320,MERCH-0063,Abuja,2026-09-12 16:02:00.598518,0,none
TXN-009627,CUST-00030,1674967,MERCH-0066,Lagos,2026-09-07 17:44:00.406809,0,none
TXN-008737,CUST-00174,3653573,MERCH-0098,Kaduna,2026-07-19 12:39:00.057240,0,none
TXN-009658,CUST-00220,5569016,MERCH-0042,Benin City,2026-07-14 17:51:00.189770,0,none
TXN-005660,CUST-00398,5579765,MERCH-0065,Ibadan,2026-07-23 16:14:00.497497,0,none
TXN-006857,CUST-00336,2393028,MERCH-0083,Port Harcourt,2026-10-03 11:39:00.609980,0,none
TXN-003190,CUST-00422,940548,MERCH-0043,Kaduna,2026-10-05 22:00:00.093142,0,none
TXN-BURST-TXN-009304-0,CUST-00254,2869346,MERCH-0058,Lagos,2026-07-12 16:59:30.962654,1,velocity_burst
TXN-004306,CUST-00458,3474730,MERCH-0025,Kano,2026-09-04 16:38:00.942633,0,none
TXN-000910,CUST-00280,1484921,MERCH-0043,Enugu,2026-09-14 09:50:00.534454,0,none
TXN-005386,CUST-00366,1682477,MERCH-0017,Port Harcourt,2026-09-25 08:10:00.605111,0,none
TXN-001997,CUST-00368,4276186,MERCH-0024,Enugu,2026-07-20 14:05:00.906764,0,none
TXN-001867,CUST-00462,3154168,MERCH-0078,Ibadan,2026-10-02 13:36:00.056613,0,none
TXN-001843,CUST-00006,3891817,MERCH-0081,Abuja,2026-08-17 13:19:00.214126,0,none
TXN-002498,CUST-00156,1801021,MERCH-0078,Ibadan,2026-08-01 15:40:00.400763,0,none
TXN-000202,CUST-00260,3107905,MERCH-0054,Kaduna,2026-08-13 19:00:00.455360,0,none
TXN-008344,CUST-00251,1833575,MERCH-0017,Benin City,2026-07-09 14:45:00.604818,0,none
TXN-003869,CUST-00348,1848978,MERCH-0006,Abuja,2026-09-15 16:54:00.820629,0,none
TXN-005055,CUST-00329,5279727,MERCH-0044,Ibadan,2026-07-11 10:50:00.151871,0,none
TXN-005890,CUST-00049,5115243,MERCH-0049,Port Harcourt,2026-09-13 13:40:00.288767,0,none
TXN-004007,CUST-00168,4303484,MERCH-0020,Ibadan,2026-10-01 17:14:00.480668,0,none
TXN-BURST-TXN-006893-1,CUST-00356,4725184,MERCH-0053,Enugu,2026-09-20 14:20:00.256117,1,velocity_burst
TXN-002703,CUST-00230,5095001,MERCH-0092,Enugu,2026-08-03 13:44:00.487433,0,none
TXN-003450,CUST-00414,89367400,MERCH-0088,Ibadan,2026-08-16 16:20:00.137221,1,amount_anomaly
TXN-000332,CUST-00201,3060584,MERCH-0017,Port Harcourt,2026-07-31 09:32:00.252024,0,none
TXN-007696,CUST-00187,3397688,MERCH-0007,Ibadan,2026-07-08 16:04:00.019008,1,geo_anomaly
TXN-009286,CUST-00195,5277987,MERCH-0015,Benin City,2026-07-20 12:03:00.507951,0,none
TXN-008570,CUST-00145,570485,MERCH-0007,Abuja,2026-08-25 09:20:00.860415,0,none
TXN-007736,CUST-00309,2175336,MERCH-0018,Kaduna,2026-07-28 17:15:00.286248,0,none
TXN-002460,CUST-00153,3239765,MERCH-0032,Kaduna,2026-07-26 09:19:00.862269,0,none
TXN-001775,CUST-00160,944104,MERCH-0083,Lagos,2026-10-02 13:44:00.568202,0,none
TXN-006629,CUST-00013,3174360,MERCH-0097,Enugu,2026-08-23 08:55:00.194695,0,none
TXN-008186,CUST-00267,431600,MERCH-0038,Kano,2026-09-12 04:45:00.422732,1,off_hours
TXN-008387,CUST-00036,1539422,MERCH-0020,Abuja,2026-07-29 15:24:00.418283,0,none
TXN-002687,CUST-00242,637991,MERCH-0040,Port Harcourt,2026-10-05 18:43:00.140559,0,none
TXN-009477,CUST-00058,3682551,MERCH-0035,Ibadan,2026-09-02 15:11:00.871209,0,none
TXN-000990,CUST-00256,2756937,MERCH-0087,Kano,2026-09-17 11:09:00.322901,0,none
TXN-007584,CUST-00218,1646876,MERCH-0072,Abuja,2026-07-11 11:28:00.874542,0,none
TXN-008649,CUST-00225,2595849,MERCH-0094,Kano,2026-07-27 20:55:00.241292,0,none
TXN-008415,CUST-00043,4168947,MERCH-0026,Abuja,2026-09-09 15:41:00.446272,0,none
TXN-006994,CUST-00065,5922454,MERCH-0061,Ibadan,2026-09-02 14:42:00.106677,0,none
TXN-008860,CUST-00008,154925316,MERCH-0090,Port Harcourt,2026-08-18 08:20:00.995597,1,amount_anomaly
TXN-005807,CUST-00250,3548157,MERCH-0085,Kano,2026-07-18 19:37:00.165327,0,none
TXN-009048,CUST-00170,1971421,MERCH-0099,Kano,2026-08-23 10:14:00.494848,0,none
TXN-009011,CUST-00305,3484823,MERCH-0095,Enugu,2026-10-05 14:29:00.408868,0,none
TXN-006575,CUST-00260,3028967,MERCH-0072,Kaduna,2026-07-18 17:31:00.385731,0,none
TXN-003053,CUST-00072,1531512,MERCH-0060,Kaduna,2026-07-21 18:02:00.947945,0,none
TXN-008951,CUST-00254,1729452,MERCH-0005,Lagos,2026-08-15 17:12:00.748583,0,none
TXN-005463,CUST-00411,3662882,MERCH-0051,Ibadan,2026-09-30 18:07:00.006581,0,none
TXN-000174,CUST-00084,1849541,MERCH-0058,Ibadan,2026-07-09 12:11:00.391729,0,none
TXN-004955,CUST-00309,2091288,MERCH-0031,Kaduna,2026-09-22 15:56:00.954514,0,none
TXN-007321,CUST-00124,2993859,MERCH-0013,Kaduna,2026-07-17 10:35:00.086610,0,none
TXN-004616,CUST-00005,2444208,MERCH-0034,Abuja,2026-09-21 14:58:00.750338,0,none
TXN-003322,CUST-00209,3848440,MERCH-0044,Kaduna,2026-09-28 12:13:00.199272,0,none
TXN-007617,CUST-00123,800764,MERCH-0015,Kano,2026-07-29 09:48:00.117069,0,none
TXN-006247,CUST-00052,3160371,MERCH-0087,Abuja,2026-07-12 02:01:00.093356,1,off_hours
TXN-006746,CUST-00033,3513323,MERCH-0002,Kano,2026-10-02 11:40:00.510762,0,none
TXN-003373,CUST-00409,739814,MERCH-0018,Kano,2026-08-16 08:48:00.275216,0,none
TXN-006049,CUST-00400,1645833,MERCH-0094,Enugu,2026-08-28 16:05:00.004924,0,none
TXN-003312,CUST-00082,2966177,MERCH-0007,Lagos,2026-07-18 18:48:00.378889,0,none
TXN-BURST-TXN-008461-2,CUST-00129,2492537,MERCH-0076,Kano,2026-08-23 12:08:30.199011,1,velocity_burst
TXN-007860,CUST-00402,5186263,MERCH-0076,Abuja,2026-07-10 12:55:00.478437,0,none
TXN-009037,CUST-00233,699609,MERCH-0061,Ibadan,2026-09-03 09:48:00.268066,0,none
TXN-009714,CUST-00107,1573626,MERCH-0070,Abuja,2026-09-17 21:44:00.916623,0,none
TXN-009145,CUST-00142,440478,MERCH-0098,Port Harcourt,2026-09-23 07:02:00.568942,0,none
TXN-004552,CUST-00244,4683611,MERCH-0088,Benin City,2026-09-02 20:17:00.624200,0,none
TXN-004680,CUST-00162,640955,MERCH-0092,Kano,2026-08-11 09:44:00.770579,0,none
TXN-003404,CUST-00118,1564331,MERCH-0065,Enugu,2026-09-18 07:02:00.612817,0,none
TXN-000019,CUST-00392,2016742,MERCH-0038,Kaduna,2026-09-08 16:17:00.916601,0,none
TXN-003692,CUST-00310,779717,MERCH-0077,Abuja,2026-10-01 11:36:00.983633,0,none
TXN-009883,CUST-00327,1596277,MERCH-0048,Port Harcourt,2026-07-12 10:28:00.067307,0,none
TXN-004097,CUST-00096,2930637,MERCH-0067,Lagos,2026-08-30 10:24:00.753506,0,none
TXN-003629,CUST-00457,4076240,MERCH-0014,Lagos,2026-08-03 10:05:00.178936,0,none
TXN-009972,CUST-00428,2530322,MERCH-0012,Ibadan,2026-07-23 16:28:00.652102,0,none
TXN-002175,CUST-00370,5053581,MERCH-0049,Kano,2026-10-04 12:48:00.748259,0,none
TXN-001357,CUST-00458,3800827,MERCH-0026,Kano,2026-09-04 20:57:00.815141,0,none
TXN-005003,CUST-00142,787201,MERCH-0001,Port Harcourt,2026-09-14 07:39:00.811589,0,none
TXN-BURST-TXN-002277-1,CUST-00008,5422279,MERCH-0086,Port Harcourt,2026-08-19 10:23:00.648085,1,velocity_burst
TXN-006923,CUST-00310,1477315,MERCH-0077,Abuja,2026-09-12 08:34:00.986026,0,none
TXN-005824,CUST-00009,1944265,MERCH-0049,Abuja,2026-08-06 13:50:00.377490,0,none
TXN-009844,CUST-00478,6441566,MERCH-0066,Benin City,2026-07-13 12:03:00.166577,0,none
TXN-005671,CUST-00020,3461091,MERCH-0070,Kano,2026-10-04 19:38:00.565079,0,none
TXN-003113,CUST-00264,1057740,MERCH-0042,Kaduna,2026-07-09 16:10:00.317886,0,none
TXN-000183,CUST-00076,3173919,MERCH-0012,Kaduna,2026-09-22 09:42:00.569889,0,none
TXN-003643,CUST-00421,4456260,MERCH-0024,Ibadan,2026-07-26 19:24:00.925625,0,none
TXN-009179,CUST-00389,2727033,MERCH-0084,Abuja,2026-08-18 10:57:00.399946,0,none
TXN-001813,CUST-00074,4436614,MERCH-0028,Kaduna,2026-07-29 12:43:00.032675,0,none
TXN-000856,CUST-00151,605398,MERCH-0091,Enugu,2026-09-15 15:06:00.597365,0,none
TXN-008744,CUST-00443,2742732,MERCH-0098,Benin City,2026-08-21 10:05:00.298717,0,none
TXN-004913,CUST-00140,6051304,MERCH-0098,Kano,2026-08-01 07:42:00.054255,0,none
TXN-005669,CUST-00253,4026886,MERCH-0085,Kano,2026-07-28 18:11:00.341191,0,none
TXN-008851,CUST-00066,1221184,MERCH-0026,Lagos,2026-07-10 08:47:00.731615,0,none
TXN-001801,CUST-00135,1972383,MERCH-0052,Abuja,2026-10-02 14:36:00.646500,0,none
TXN-009585,CUST-00255,2733229,MERCH-0100,Lagos,2026-09-27 08:03:00.875956,0,none
TXN-002430,CUST-00013,4702742,MERCH-0066,Enugu,2026-08-24 18:53:00.873747,0,none
TXN-005483,CUST-00401,2591716,MERCH-0080,Enugu,2026-09-16 12:25:00.585372,0,none
TXN-006762,CUST-00376,2300755,MERCH-0012,Kaduna,2026-08-04 10:47:00.357132,0,none
TXN-BURST-TXN-004531-0,CUST-00040,783321,MERCH-0017,Kano,2026-08-22 15:54:30.839856,1,velocity_burst
TXN-008093,CUST-00476,1506066,MERCH-0083,Lagos,2026-07-11 15:30:00.586545,0,none
TXN-001969,CUST-00404,911898,MERCH-0078,Kaduna,2026-07-12 19:52:00.057292,0,none
TXN-008640,CUST-00116,1892254,MERCH-0097,Ibadan,2026-09-29 13:57:00.736621,0,none
TXN-008465,CUST-00311,1305500,MERCH-0037,Kaduna,2026-07-09 12:41:00.714195,1,velocity_burst
TXN-008250,CUST-00434,1491683,MERCH-0022,Ibadan,2026-07-08 09:00:00.207304,0,none
TXN-008127,CUST-00280,978368,MERCH-0031,Enugu,2026-07-14 17:58:00.616244,0,none
TXN-007009,CUST-00438,4563498,MERCH-0037,Kano,2026-09-28 11:21:00.395681,0,none
TXN-004988,CUST-00148,655888,MERCH-0018,Lagos,2026-09-26 10:49:00.924941,0,none
TXN-BURST-TXN-002948-1,CUST-00323,2725010,MERCH-0012,Kaduna,2026-09-02 15:16:00.949444,1,velocity_burst
TXN-004651,CUST-00146,4015304,MERCH-0066,Kaduna,2026-09-12 13:07:00.467442,0,none
TXN-001160,CUST-00209,3589419,MERCH-0019,Kaduna,2026-08-04 10:40:00.609088,0,none
TXN-001214,CUST-00380,1735104,MERCH-0094,Enugu,2026-09-22 19:49:00.869506,0,none
TXN-008751,CUST-00485,1740105,MERCH-0085,Abuja,2026-08-24 21:59:00.249710,0,none
TXN-001326,CUST-00457,3977638,MERCH-0022,Lagos,2026-10-04 20:43:00.374974,0,none
TXN-008096,CUST-00388,799808,MERCH-0010,Port Harcourt,2026-07-20 13:40:00.560153,0,none
TXN-008170,CUST-00210,2003362,MERCH-0031,Benin City,2026-09-03 11:56:00.316625,0,none
TXN-004797,CUST-00475,2399698,MERCH-0047,Abuja,2026-07-19 10:35:00.040353,0,none
TXN-006797,CUST-00025,1124590,MERCH-0069,Abuja,2026-09-30 17:01:00.770706,0,none
TXN-005809,CUST-00440,2374264,MERCH-0002,Kaduna,2026-08-03 20:39:00.843633,0,none
TXN-005944,CUST-00407,844874,MERCH-0083,Ibadan,2026-09-03 14:25:00.486944,0,none
TXN-009617,CUST-00017,2250795,MERCH-0100,Lagos,2026-09-21 13:47:00.746879,1,geo_anomaly
TXN-BURST-TXN-005743-0,CUST-00040,527008,MERCH-0019,Kano,2026-10-02 18:06:30.584061,1,velocity_burst
TXN-001456,CUST-00169,4083528,MERCH-0099,Abuja,2026-09-30 19:50:00.203038,0,none
TXN-005411,CUST-00416,213167346,MERCH-0075,Benin City,2026-09-07 18:09:00.556958,1,amount_anomaly
TXN-007685,CUST-00088,3297781,MERCH-0055,Abuja,2026-08-26 18:43:00.038272,0,none
TXN-008730,CUST-00010,3931494,MERCH-0041,Ibadan,2026-10-01 12:38:00.699061,0,none
TXN-004963,CUST-00034,397676,MERCH-0032,Abuja,2026-08-30 15:30:00.466434,0,none
TXN-002801,CUST-00211,1126687,MERCH-0007,Kaduna,2026-08-01 15:42:00.688863,0,none
TXN-001645,CUST-00008,3928531,MERCH-0086,Port Harcourt,2026-08-28 09:15:00.655188,0,none
TXN-002141,CUST-00206,4502896,MERCH-0083,Kano,2026-08-30 12:13:00.878802,0,none
TXN-004537,CUST-00348,3285474,MERCH-0032,Abuja,2026-09-20 18:59:00.601789,0,none
TXN-004458,CUST-00327,2161446,MERCH-0011,Port Harcourt,2026-08-13 12:29:00.320402,0,none
TXN-009276,CUST-00393,1892418,MERCH-0038,Kaduna,2026-07-16 15:45:00.908744,0,none
TXN-005587,CUST-00052,2391501,MERCH-0012,Abuja,2026-07-16 11:15:00.249897,0,none
TXN-004379,CUST-00442,4229233,MERCH-0038,Port Harcourt,2026-09-28 13:09:00.655821,0,none
TXN-000730,CUST-00078,3000359,MERCH-0041,Benin City,2026-07-25 14:50:00.664254,0,none
TXN-004358,CUST-00231,1441920,MERCH-0035,Kaduna,2026-08-27 17:33:00.158310,0,none
TXN-008273,CUST-00259,6012253,MERCH-0069,Enugu,2026-09-09 10:20:00.140713,0,none
TXN-006717,CUST-00229,4555569,MERCH-0093,Ibadan,2026-08-27 17:15:00.277031,0,none
TXN-001937,CUST-00290,403920,MERCH-0062,Kano,2026-09-01 20:18:00.810674,0,none
TXN-003794,CUST-00212,3915975,MERCH-0041,Enugu,2026-09-26 12:30:00.097463,0,none
TXN-003737,CUST-00471,3207864,MERCH-0017,Abuja,2026-08-10 06:36:00.594603,0,none
TXN-002262,CUST-00462,2895386,MERCH-0018,Ibadan,2026-09-21 16:16:00.201258,0,none
TXN-007430,CUST-00055,3365526,MERCH-0055,Benin City,2026-09-05 13:08:00.761383,1,geo_anomaly
TXN-004006,CUST-00306,5269378,MERCH-0091,Ibadan,2026-09-08 19:27:00.474679,0,none
TXN-001111,CUST-00382,1056662,MERCH-0051,Port Harcourt,2026-09-12 14:55:00.475665,0,none
TXN-009356,CUST-00389,4041186,MERCH-0022,Abuja,2026-07-19 17:02:00.757888,0,none
TXN-005481,CUST-00123,420445,MERCH-0050,Kano,2026-10-02 10:01:00.201169,0,none
TXN-002999,CUST-00465,4326317,MERCH-0002,Kaduna,2026-09-15 11:53:00.348231,0,none
TXN-002395,CUST-00462,4247438,MERCH-0090,Ibadan,2026-08-04 14:36:00.897385,0,none
TXN-001186,CUST-00072,3384186,MERCH-0100,Kaduna,2026-08-06 00:00:00.729651,1,off_hours
TXN-002008,CUST-00387,1139173,MERCH-0003,Ibadan,2026-09-30 18:17:00.255804,0,none
TXN-000194,CUST-00312,3676756,MERCH-0072,Lagos,2026-07-30 02:33:00.908256,1,off_hours
TXN-005612,CUST-00191,5744564,MERCH-0082,Benin City,2026-08-14 13:13:00.157206,0,none
TXN-002902,CUST-00138,1289774,MERCH-0043,Benin City,2026-07-23 12:43:00.325493,0,none
TXN-000579,CUST-00187,3151032,MERCH-0043,Enugu,2026-08-10 10:15:00.870521,0,none
TXN-006220,CUST-00467,2405956,MERCH-0046,Lagos,2026-09-22 15:31:00.480631,0,none
TXN-005526,CUST-00489,1810380,MERCH-0007,Port Harcourt,2026-08-05 10:40:00.411603,0,none
TXN-000772,CUST-00251,1839636,MERCH-0068,Benin City,2026-07-13 10:35:00.045609,0,none
TXN-006684,CUST-00085,1834705,MERCH-0073,Kaduna,2026-07-13 14:05:00.050697,0,none
TXN-002396,CUST-00407,1479885,MERCH-0054,Ibadan,2026-09-26 19:12:00.508560,0,none
TXN-001479,CUST-00261,2124743,MERCH-0058,Enugu,2026-09-30 09:03:00.025905,0,none
TXN-001847,CUST-00072,1275812,MERCH-0079,Kaduna,2026-07-31 13:56:00.759821,0,none
TXN-009437,CUST-00381,3398791,MERCH-0040,Kaduna,2026-08-03 13:46:00.244376,0,none
TXN-004275,CUST-00364,785075,MERCH-0016,Ibadan,2026-08-07 17:09:00.338620,0,none
TXN-003741,CUST-00412,4933276,MERCH-0021,Kaduna,2026-09-26 09:27:00.018997,0,none
TXN-004601,CUST-00495,68651179,MERCH-0003,Port Harcourt,2026-08-03 14:05:00.374884,1,amount_anomaly
TXN-008452,CUST-00148,685606,MERCH-0018,Kaduna,2026-09-28 18:32:00.610643,1,geo_anomaly
TXN-001574,CUST-00437,1588066,MERCH-0078,Kano,2026-08-19 08:14:00.906204,0,none
TXN-006677,CUST-00007,1047154,MERCH-0013,Abuja,2026-09-23 12:57:00.490541,0,none
TXN-006376,CUST-00323,126574539,MERCH-0046,Kaduna,2026-09-16 14:04:00.791659,1,amount_anomaly
TXN-000406,CUST-00354,1192514,MERCH-0004,Kaduna,2026-07-17 18:02:00.396896,0,none
TXN-009882,CUST-00485,3011449,MERCH-0029,Abuja,2026-07-24 20:01:00.674585,0,none
TXN-004916,CUST-00322,4125738,MERCH-0089,Enugu,2026-08-02 03:31:00.887707,1,off_hours
TXN-002074,CUST-00225,2013801,MERCH-0095,Kano,2026-09-05 10:13:00.828783,0,none
TXN-004755,CUST-00278,3189699,MERCH-0036,Ibadan,2026-08-01 15:55:00.706753,0,none
TXN-001897,CUST-00380,981532,MERCH-0056,Enugu,2026-07-24 16:23:00.049882,0,none
TXN-008862,CUST-00138,405621,MERCH-0072,Benin City,2026-09-05 13:13:00.870641,0,none
TXN-006703,CUST-00493,5975421,MERCH-0043,Ibadan,2026-10-01 20:44:00.871905,0,none
TXN-006318,CUST-00245,4960847,MERCH-0073,Abuja,2026-08-13 13:24:00.026273,0,none
TXN-003660,CUST-00045,3932406,MERCH-0023,Enugu,2026-08-31 10:48:00.705062,0,none
TXN-006582,CUST-00014,1987825,MERCH-0055,Lagos,2026-08-28 14:32:00.961463,0,none
TXN-002380,CUST-00089,1362013,MERCH-0096,Kano,2026-07-18 15:11:00.614362,0,none
TXN-001448,CUST-00161,5486166,MERCH-0061,Enugu,2026-09-15 19:03:00.594399,0,none
TXN-000343,CUST-00098,1708902,MERCH-0021,Kaduna,2026-08-19 21:24:00.904883,0,none
TXN-007469,CUST-00212,3189835,MERCH-0041,Enugu,2026-09-05 14:41:00.445959,0,none
TXN-005128,CUST-00134,4941553,MERCH-0065,Benin City,2026-07-17 10:13:00.886219,0,none
TXN-003137,CUST-00189,986479,MERCH-0078,Port Harcourt,2026-07-28 17:13:00.113988,0,none
TXN-002528,CUST-00225,5462744,MERCH-0095,Kano,2026-08-07 12:50:00.814280,0,none
TXN-000728,CUST-00259,5014937,MERCH-0039,Enugu,2026-08-26 09:17:00.278691,0,none
TXN-004578,CUST-00352,2804951,MERCH-0002,Kaduna,2026-07-21 17:44:00.595040,0,none
TXN-000977,CUST-00200,755814,MERCH-0012,Kaduna,2026-08-24 21:17:00.282481,0,none
TXN-008693,CUST-00389,2821446,MERCH-0004,Abuja,2026-09-11 18:42:00.496642,0,none
TXN-005444,CUST-00121,2462030,MERCH-0087,Kaduna,2026-08-16 16:33:00.402075,0,none
TXN-009530,CUST-00483,1675219,MERCH-0009,Enugu,2026-08-29 12:15:00.480126,0,none
TXN-003517,CUST-00278,2794093,MERCH-0088,Ibadan,2026-09-03 13:51:00.969530,0,none
TXN-009213,CUST-00328,2647192,MERCH-0013,Enugu,2026-09-01 16:18:00.874690,0,none
TXN-008380,CUST-00320,1615585,MERCH-0032,Abuja,2026-08-05 16:16:00.808784,0,none
TXN-007157,CUST-00073,2238056,MERCH-0058,Enugu,2026-08-22 10:42:00.045089,0,none
TXN-BURST-TXN-003453-0,CUST-00221,1534194,MERCH-0044,Benin City,2026-09-11 15:34:30.933601,1,velocity_burst
TXN-003941,CUST-00261,2473017,MERCH-0011,Enugu,2026-08-20 15:47:00.061270,0,none
TXN-001300,CUST-00486,4374491,MERCH-0071,Kano,2026-07-11 18:45:00.650890,0,none
TXN-BURST-TXN-003116-1,CUST-00443,2279931,MERCH-0002,Benin City,2026-07-07 17:27:00.350635,1,velocity_burst
TXN-001349,CUST-00059,1158453,MERCH-0089,Benin City,2026-07-27 14:09:00.503995,0,none
TXN-000661,CUST-00386,4289132,MERCH-0074,Kaduna,2026-07-19 15:51:00.075279,0,none
TXN-005887,CUST-00022,2316799,MERCH-0008,Ibadan,2026-07-19 16:32:00.427614,0,none
TXN-001493,CUST-00171,982769,MERCH-0093,Kaduna,2026-10-01 19:30:00.255388,1,velocity_burst
TXN-BURST-TXN-008466-2,CUST-00463,3848102,MERCH-0038,Port Harcourt,2026-10-02 14:36:30.055928,1,velocity_burst
TXN-004590,CUST-00334,1155354,MERCH-0018,Kano,2026-09-04 19:58:00.260729,0,none
TXN-009497,CUST-00440,2112995,MERCH-0086,Kaduna,2026-09-20 09:56:00.450266,0,none
TXN-005155,CUST-00310,1875405,MERCH-0074,Abuja,2026-08-25 11:03:00.776002,0,none
TXN-002316,CUST-00161,3106151,MERCH-0042,Enugu,2026-09-02 13:47:00.662086,0,none
TXN-009963,CUST-00232,2012499,MERCH-0032,Port Harcourt,2026-10-03 14:49:00.465788,0,none
TXN-009924,CUST-00229,4551270,MERCH-0072,Ibadan,2026-09-20 21:22:00.467245,0,none
TXN-007025,CUST-00251,1212944,MERCH-0017,Benin City,2026-07-31 21:39:00.658027,0,none
TXN-001086,CUST-00076,2010909,MERCH-0052,Kaduna,2026-07-28 13:09:00.362559,0,none
TXN-002525,CUST-00444,1473177,MERCH-0035,Kano,2026-08-07 19:28:00.528685,0,none
TXN-007824,CUST-00020,2458781,MERCH-0094,Kano,2026-07-09 22:08:00.358417,0,none
TXN-008948,CUST-00172,7982773,MERCH-0060,Ibadan,2026-09-24 14:11:00.872272,0,none
TXN-005375,CUST-00465,4408002,MERCH-0067,Kaduna,2026-07-13 14:09:00.494057,0,none
TXN-003199,CUST-00371,3291196,MERCH-0035,Benin City,2026-09-01 17:59:00.240697,0,none
TXN-005752,CUST-00092,2971656,MERCH-0057,Lagos,2026-08-18 11:30:00.116876,0,none
TXN-004009,CUST-00042,879566,MERCH-0090,Enugu,2026-09-03 12:13:00.524766,0,none
TXN-005718,CUST-00107,2174914,MERCH-0063,Abuja,2026-10-03 15:06:00.106559,0,none
TXN-006658,CUST-00460,4092688,MERCH-0071,Kano,2026-09-30 11:48:00.649582,0,none
TXN-BURST-TXN-000306-0,CUST-00050,3456574,MERCH-0027,Kano,2026-08-28 19:22:30.598811,1,velocity_burst
TXN-008538,CUST-00203,1236630,MERCH-0067,Kano,2026-08-25 15:14:00.061825,0,none
TXN-000068,CUST-00407,1859511,MERCH-0035,Ibadan,2026-08-04 21:39:00.880538,0,none
TXN-008352,CUST-00223,3586983,MERCH-0030,Lagos,2026-07-22 15:19:00.904974,0,none
TXN-000041,CUST-00125,3096385,MERCH-0013,Enugu,2026-07-26 17:38:00.874750,0,none
TXN-002270,CUST-00285,5676104,MERCH-0001,Kano,2026-09-18 11:08:00.820519,0,none
TXN-002382,CUST-00102,3354595,MERCH-0085,Ibadan,2026-09-14 15:25:00.276212,1,geo_anomaly
TXN-008205,CUST-00179,2426590,MERCH-0039,Kano,2026-08-05 10:42:00.548831,0,none
TXN-009159,CUST-00019,4860846,MERCH-0061,Abuja,2026-08-16 17:13:00.377684,0,none
TXN-004917,CUST-00104,3550107,MERCH-0061,Ibadan,2026-07-16 19:28:00.318756,0,none
TXN-005323,CUST-00130,2199738,MERCH-0058,Kano,2026-08-30 15:08:00.445874,0,none
TXN-005774,CUST-00226,6483260,MERCH-0049,Kano,2026-08-10 09:30:00.920676,0,none
TXN-006233,CUST-00222,4021485,MERCH-0087,Port Harcourt,2026-07-17 19:53:00.784784,0,none
TXN-006964,CUST-00395,3355235,MERCH-0057,Enugu,2026-08-29 16:54:00.063998,0,none
TXN-003448,CUST-00190,3337156,MERCH-0055,Abuja,2026-07-24 09:45:00.414307,0,none
TXN-006817,CUST-00074,3821915,MERCH-0028,Kaduna,2026-07-26 18:49:00.569737,0,none
TXN-002368,CUST-00419,1000394,MERCH-0064,Ibadan,2026-09-02 11:43:00.063337,0,none
TXN-007792,CUST-00441,5373745,MERCH-0030,Abuja,2026-08-21 14:08:00.472919,0,none
TXN-008479,CUST-00178,4451884,MERCH-0033,Kaduna,2026-07-17 12:11:00.880062,0,none
TXN-002513,CUST-00384,979270,MERCH-0027,Kano,2026-08-23 08:20:00.667222,0,none
TXN-009968,CUST-00366,1611833,MERCH-0012,Port Harcourt,2026-09-17 07:57:00.032476,0,none
TXN-002724,CUST-00171,772153,MERCH-0093,Kaduna,2026-09-26 15:37:00.133621,0,none
TXN-005949,CUST-00359,4749901,MERCH-0100,Benin City,2026-08-25 13:47:00.425190,0,none
TXN-009517,CUST-00060,1336745,MERCH-0008,Ibadan,2026-09-24 20:50:00.124912,0,none
TXN-008889,CUST-00470,1655139,MERCH-0088,Benin City,2026-09-30 13:06:00.065408,0,none
TXN-001144,CUST-00171,994970,MERCH-0037,Kaduna,2026-09-17 11:55:00.225754,0,none
TXN-BURST-TXN-002263-1,CUST-00308,7191906,MERCH-0079,Kaduna,2026-09-14 19:50:00.546250,1,velocity_burst
TXN-007156,CUST-00335,1570943,MERCH-0093,Abuja,2026-09-07 17:16:00.238132,0,none
TXN-007782,CUST-00469,1096510,MERCH-0080,Benin City,2026-09-07 09:42:00.556257,0,none
TXN-009106,CUST-00143,1473957,MERCH-0028,Enugu,2026-09-04 12:35:00.925073,0,none
TXN-009554,CUST-00111,1950105,MERCH-0019,Kano,2026-09-13 18:19:00.598930,0,none
TXN-004729,CUST-00230,6297913,MERCH-0045,Enugu,2026-10-04 14:03:00.852383,0,none
TXN-005495,CUST-00201,4509118,MERCH-0053,Port Harcourt,2026-07-12 11:01:00.040152,0,none
TXN-005756,CUST-00382,1250058,MERCH-0099,Port Harcourt,2026-09-19 13:55:00.019464,0,none
TXN-008150,CUST-00136,2042145,MERCH-0048,Enugu,2026-07-31 13:30:00.435612,0,none
TXN-009792,CUST-00070,1241854,MERCH-0073,Ibadan,2026-09-10 16:19:00.543667,0,none
TXN-007231,CUST-00478,2894139,MERCH-0042,Benin City,2026-08-25 17:01:00.112695,0,none
TXN-003790,CUST-00390,2227637,MERCH-0071,Enugu,2026-10-02 13:08:00.667680,0,none
TXN-009788,CUST-00199,3442413,MERCH-0026,Kano,2026-08-13 14:30:00.686229,0,none
TXN-002221,CUST-00011,2445095,MERCH-0084,Abuja,2026-07-15 20:23:00.288857,0,none
TXN-005076,CUST-00174,2461590,MERCH-0011,Kaduna,2026-08-17 18:37:00.356717,0,none
TXN-002332,CUST-00150,4355175,MERCH-0006,Ibadan,2026-09-16 11:22:00.555462,0,none
TXN-005395,CUST-00484,847673,MERCH-0038,Lagos,2026-07-18 08:04:00.987192,0,none
TXN-008013,CUST-00427,5810174,MERCH-0001,Abuja,2026-07-28 16:27:00.725615,0,none
TXN-008864,CUST-00380,1258788,MERCH-0018,Enugu,2026-08-13 19:46:00.050955,0,none
TXN-007091,CUST-00445,1229586,MERCH-0062,Kano,2026-09-17 15:00:00.847173,0,none
TXN-009673,CUST-00050,2945348,MERCH-0027,Kano,2026-07-20 09:09:00.992730,0,none
TXN-004089,CUST-00357,1337254,MERCH-0082,Kaduna,2026-07-31 16:48:00.533818,0,none
TXN-001968,CUST-00367,2035562,MERCH-0056,Benin City,2026-07-27 20:27:00.562428,0,none
TXN-009316,CUST-00457,3726899,MERCH-0067,Lagos,2026-09-11 18:26:00.129261,0,none
TXN-009120,CUST-00492,2117508,MERCH-0032,Port Harcourt,2026-09-28 12:19:00.526491,0,none
TXN-006758,CUST-00257,3937616,MERCH-0008,Kano,2026-08-23 04:53:00.981991,1,off_hours
TXN-009933,CUST-00352,2783102,MERCH-0071,Kaduna,2026-09-30 19:21:00.817885,0,none
TXN-004366,CUST-00244,5426855,MERCH-0088,Benin City,2026-07-19 10:26:00.972238,0,none
TXN-007000,CUST-00077,3912296,MERCH-0045,Ibadan,2026-07-19 17:25:00.541925,0,none
TXN-000424,CUST-00267,705945,MERCH-0026,Kano,2026-08-03 08:18:00.739506,0,none
TXN-000281,CUST-00375,1028430,MERCH-0091,Kano,2026-08-17 17:33:00.429765,0,none
TXN-001905,CUST-00188,4971204,MERCH-0089,Abuja,2026-09-05 00:27:00.775110,1,off_hours
TXN-000596,CUST-00480,1141623,MERCH-0083,Enugu,2026-09-12 16:13:00.762325,0,none
TXN-008891,CUST-00292,2033179,MERCH-0018,Enugu,2026-08-31 16:16:00.143516,0,none
TXN-003918,CUST-00079,4300745,MERCH-0093,Abuja,2026-10-03 16:39:00.156942,0,none
TXN-006143,CUST-00367,1588057,MERCH-0074,Benin City,2026-07-26 14:16:00.283951,0,none
TXN-005662,CUST-00470,836479,MERCH-0095,Benin City,2026-10-02 15:48:00.397216,0,none
TXN-005779,CUST-00483,2236614,MERCH-0016,Enugu,2026-08-04 21:52:00.881337,0,none
TXN-003619,CUST-00213,3623886,MERCH-0065,Kano,2026-08-27 11:30:00.460804,0,none
TXN-006846,CUST-00018,3533404,MERCH-0031,Abuja,2026-09-12 17:33:00.315494,0,none
TXN-000840,CUST-00209,2088668,MERCH-0019,Kaduna,2026-10-01 10:43:00.828022,0,none
TXN-004597,CUST-00206,3685048,MERCH-0006,Kano,2026-07-25 18:11:00.580817,0,none
TXN-008079,CUST-00418,1281393,MERCH-0034,Kaduna,2026-08-24 10:02:00.687708,0,none
TXN-000142,CUST-00156,910402,MERCH-0098,Ibadan,2026-08-25 18:59:00.556803,0,none
TXN-002598,CUST-00224,1867697,MERCH-0054,Enugu,2026-07-17 15:21:00.206341,0,none
TXN-006702,CUST-00462,3511331,MERCH-0058,Ibadan,2026-09-23 10:44:00.766484,0,none
TXN-008276,CUST-00289,2912322,MERCH-0009,Kano,2026-07-15 14:50:00.022019,0,none
TXN-001378,CUST-00360,1120366,MERCH-0069,Abuja,2026-07-20 19:06:00.118413,0,none
TXN-003675,CUST-00374,2391407,MERCH-0046,Ibadan,2026-09-30 15:10:00.681729,0,none
TXN-009766,CUST-00306,3691385,MERCH-0091,Ibadan,2026-07-21 12:40:00.880449,0,none
TXN-BURST-TXN-006643-1,CUST-00237,1507698,MERCH-0065,Port Harcourt,2026-07-13 12:31:00.748841,1,velocity_burst
TXN-006363,CUST-00231,3382175,MERCH-0069,Kaduna,2026-07-20 18:47:00.016798,0,none
TXN-009698,CUST-00326,1179760,MERCH-0026,Lagos,2026-08-24 18:35:00.296975,0,none
TXN-004742,CUST-00496,2888412,MERCH-0034,Lagos,2026-07-15 15:58:00.326571,0,none
TXN-003809,CUST-00094,2056357,MERCH-0085,Abuja,2026-08-08 08:54:00.368811,0,none
TXN-001139,CUST-00191,2553886,MERCH-0010,Benin City,2026-07-31 15:10:00.034564,0,none
TXN-002258,CUST-00319,4581183,MERCH-0035,Benin City,2026-09-17 12:56:00.713849,0,none
TXN-007375,CUST-00382,794937,MERCH-0005,Port Harcourt,2026-08-23 11:17:00.736962,0,none
TXN-BURST-TXN-000888-0,CUST-00482,1319085,MERCH-0052,Port Harcourt,2026-08-07 19:56:30.449950,1,velocity_burst
TXN-001788,CUST-00412,3672832,MERCH-0096,Kaduna,2026-08-20 18:23:00.488309,0,none
TXN-003939,CUST-00340,3166246,MERCH-0054,Lagos,2026-09-21 19:09:00.084965,0,none
TXN-009175,CUST-00203,2030056,MERCH-0020,Kano,2026-09-19 14:59:00.597203,0,none
TXN-004647,CUST-00003,2596655,MERCH-0058,Lagos,2026-09-06 20:42:00.619534,0,none
TXN-007569,CUST-00271,707763,MERCH-0082,Kano,2026-09-02 18:02:00.603874,0,none
TXN-000460,CUST-00478,8886735,MERCH-0042,Benin City,2026-08-19 16:05:00.623607,0,none
TXN-006116,CUST-00381,4388264,MERCH-0023,Kaduna,2026-09-12 20:21:00.067684,0,none
TXN-009886,CUST-00172,2867332,MERCH-0074,Ibadan,2026-07-11 09:00:00.520462,0,none
TXN-000949,CUST-00485,4582085,MERCH-0004,Abuja,2026-09-01 13:56:00.938880,0,none
TXN-003701,CUST-00078,2891998,MERCH-0025,Benin City,2026-09-20 11:44:00.193930,0,none
TXN-001337,CUST-00188,2085302,MERCH-0089,Abuja,2026-09-04 14:05:00.823023,0,none
TXN-006371,CUST-00110,5059688,MERCH-0053,Port Harcourt,2026-07-16 12:39:00.101272,0,none
TXN-004629,CUST-00020,1636109,MERCH-0089,Kano,2026-09-12 22:39:00.920252,0,none
TXN-007359,CUST-00307,1050665,MERCH-0059,Abuja,2026-07-14 11:44:00.876414,0,none
TXN-006287,CUST-00286,2911265,MERCH-0058,Kaduna,2026-10-03 10:33:00.899463,0,none
TXN-005926,CUST-00228,2592678,MERCH-0029,Port Harcourt,2026-08-01 19:07:00.988312,0,none
TXN-005935,CUST-00429,5793713,MERCH-0069,Abuja,2026-08-02 18:30:00.318492,1,geo_anomaly
TXN-006041,CUST-00191,4002191,MERCH-0086,Benin City,2026-09-01 19:20:00.335847,0,none
TXN-000442,CUST-00497,481996,MERCH-0094,Kaduna,2026-07-23 18:45:00.087452,0,none
TXN-006660,CUST-00192,4788120,MERCH-0057,Benin City,2026-09-22 08:53:00.336673,0,none
TXN-001603,CUST-00450,4934590,MERCH-0064,Benin City,2026-09-01 08:22:00.355871,0,none
TXN-002239,CUST-00295,647567,MERCH-0087,Kano,2026-07-23 19:12:00.069932,0,none
TXN-000640,CUST-00437,1861079,MERCH-0078,Kano,2026-08-22 16:51:00.578591,1,velocity_burst
TXN-BURST-TXN-004822-2,CUST-00405,3175714,MERCH-0096,Lagos,2026-09-29 12:39:30.039639,1,velocity_burst
TXN-003831,CUST-00220,4739941,MERCH-0078,Benin City,2026-09-05 17:54:00.355969,0,none
TXN-009732,CUST-00153,4127125,MERCH-0032,Kaduna,2026-10-04 19:22:00.210220,0,none
TXN-006145,CUST-00148,27095184,MERCH-0098,Lagos,2026-08-22 10:06:00.592097,1,amount_anomaly
TXN-004220,CUST-00097,973814,MERCH-0037,Kaduna,2026-08-15 18:54:00.878422,0,none
TXN-009380,CUST-00491,3268140,MERCH-0058,Abuja,2026-08-22 11:12:00.372013,0,none
TXN-006345,CUST-00037,2897667,MERCH-0033,Port Harcourt,2026-08-24 11:19:00.814551,0,none
TXN-002502,CUST-00484,996640,MERCH-0088,Lagos,2026-08-16 18:25:00.455826,0,none
TXN-001959,CUST-00296,2376692,MERCH-0062,Kano,2026-09-24 10:50:00.744492,0,none
TXN-001071,CUST-00488,2556086,MERCH-0024,Benin City,2026-07-14 17:40:00.804545,0,none
TXN-000156,CUST-00202,2543525,MERCH-0076,Abuja,2026-07-24 20:36:00.150907,0,none
TXN-002296,CUST-00379,2428777,MERCH-0048,Kano,2026-08-14 16:51:00.747881,0,none
TXN-000936,CUST-00081,2893119,MERCH-0038,Kano,2026-10-02 08:34:00.468367,0,none
TXN-004579,CUST-00010,3911156,MERCH-0035,Ibadan,2026-07-26 15:26:00.477856,0,none
TXN-001090,CUST-00150,3148873,MERCH-0006,Ibadan,2026-07-20 16:03:00.329907,0,none
TXN-006050,CUST-00134,4824014,MERCH-0056,Benin City,2026-09-19 20:08:00.763829,0,none
TXN-006416,CUST-00187,6475055,MERCH-0037,Enugu,2026-07-11 15:55:00.495104,0,none
TXN-002941,CUST-00150,4910769,MERCH-0095,Ibadan,2026-09-10 15:53:00.805644,0,none
TXN-000724,CUST-00260,3454276,MERCH-0018,Kaduna,2026-07-13 18:55:00.521946,0,none
TXN-004385,CUST-00251,1291865,MERCH-0029,Benin City,2026-07-07 10:27:00.772256,0,none
TXN-000931,CUST-00459,1317047,MERCH-0016,Benin City,2026-08-13 09:52:00.155506,0,none
TXN-002910,CUST-00207,2049849,MERCH-0083,Port Harcourt,2026-09-23 13:46:00.831828,0,none
TXN-001675,CUST-00125,2120749,MERCH-0047,Enugu,2026-09-09 09:29:00.747439,0,none
TXN-006764,CUST-00224,1563955,MERCH-0025,Enugu,2026-09-10 09:50:00.857907,0,none
TXN-008690,CUST-00163,2578988,MERCH-0021,Lagos,2026-07-15 13:47:00.913028,0,none
TXN-006417,CUST-00118,2271965,MERCH-0068,Enugu,2026-08-29 08:56:00.012539,0,none
TXN-000896,CUST-00261,2840690,MERCH-0048,Enugu,2026-07-13 18:48:00.052757,0,none
TXN-003248,CUST-00273,677998,MERCH-0068,Port Harcourt,2026-09-09 17:27:00.811615,0,none
TXN-002327,CUST-00419,771309,MERCH-0018,Ibadan,2026-08-27 17:57:00.256600,0,none
TXN-007097,CUST-00283,2687815,MERCH-0049,Kaduna,2026-07-30 22:44:00.384545,0,none
TXN-008904,CUST-00326,1410031,MERCH-0089,Lagos,2026-09-10 20:35:00.881497,0,none
TXN-008171,CUST-00350,2319023,MERCH-0093,Enugu,2026-09-23 16:20:00.924556,0,none
TXN-BURST-TXN-002634-1,CUST-00296,2524960,MERCH-0077,Kano,2026-09-18 19:17:00.394141,1,velocity_burst
TXN-005039,CUST-00381,3481837,MERCH-0079,Kaduna,2026-09-15 12:12:00.202162,0,none
TXN-006451,CUST-00034,795291,MERCH-0045,Kano,2026-08-22 10:53:00.680741,1,geo_anomaly
TXN-004137,CUST-00144,4398463,MERCH-0042,Enugu,2026-09-11 20:37:00.375335,0,none
TXN-009582,CUST-00451,737950,MERCH-0007,Kano,2026-09-11 18:05:00.075636,0,none
TXN-001716,CUST-00260,1985161,MERCH-0054,Kaduna,2026-09-21 11:29:00.320641,0,none
TXN-001699,CUST-00175,5611411,MERCH-0051,Kano,2026-09-06 15:32:00.978601,0,none
TXN-BURST-TXN-001050-0,CUST-00123,1222462,MERCH-0031,Kano,2026-07-31 16:25:30.957294,1,velocity_burst
TXN-009893,CUST-00186,2889697,MERCH-0041,Lagos,2026-07-30 15:58:00.739772,0,none
TXN-BURST-TXN-009342-0,CUST-00167,4855424,MERCH-0047,Abuja,2026-09-28 13:06:30.920551,1,velocity_burst
TXN-008524,CUST-00246,2905523,MERCH-0092,Kano,2026-09-04 21:25:00.205846,0,none
TXN-003832,CUST-00219,3436118,MERCH-0006,Ibadan,2026-08-10 21:30:00.679972,0,none
TXN-006300,CUST-00288,2861021,MERCH-0072,Lagos,2026-08-15 21:31:00.913402,0,none
TXN-003349,CUST-00297,4892859,MERCH-0005,Enugu,2026-08-01 16:31:00.067592,0,none
TXN-009860,CUST-00315,3901455,MERCH-0070,Kaduna,2026-08-21 11:37:00.438699,0,none
TXN-000986,CUST-00380,1009570,MERCH-0021,Enugu,2026-09-06 16:37:00.746710,0,none
TXN-001822,CUST-00361,2818065,MERCH-0021,Ibadan,2026-08-11 12:40:00.768648,0,none
TXN-004572,CUST-00120,4940485,MERCH-0069,Enugu,2026-08-09 08:29:00.869902,0,none
TXN-000588,CUST-00486,3487973,MERCH-0039,Kano,2026-07-26 15:34:00.146577,0,none
TXN-BURST-TXN-002948-2,CUST-00323,2725010,MERCH-0012,Kaduna,2026-09-02 15:16:30.949444,1,velocity_burst
TXN-005078,CUST-00451,411216,MERCH-0007,Kano,2026-09-06 20:15:00.666034,0,none
TXN-005346,CUST-00410,2305747,MERCH-0047,Ibadan,2026-08-11 12:07:00.196214,0,none
TXN-009039,CUST-00351,6403999,MERCH-0009,Abuja,2026-09-13 11:25:00.062707,0,none
TXN-009864,CUST-00093,30336615,MERCH-0053,Port Harcourt,2026-08-18 18:37:00.446713,1,amount_anomaly
TXN-BURST-TXN-009181-2,CUST-00043,3479278,MERCH-0045,Abuja,2026-09-22 20:06:30.749238,1,velocity_burst
TXN-005484,CUST-00485,1412932,MERCH-0029,Abuja,2026-07-27 18:23:00.402301,1,velocity_burst
TXN-002991,CUST-00196,3645012,MERCH-0091,Kaduna,2026-07-10 10:59:00.440894,0,none
TXN-009614,CUST-00469,636588,MERCH-0057,Benin City,2026-09-01 19:05:00.669310,0,none
TXN-005515,CUST-00108,703046,MERCH-0012,Lagos,2026-09-13 14:38:00.062418,0,none
TXN-008222,CUST-00441,5830216,MERCH-0083,Abuja,2026-09-17 18:13:00.162274,0,none
TXN-007740,CUST-00438,4096834,MERCH-0080,Kano,2026-08-09 21:30:00.843556,0,none
TXN-008177,CUST-00493,5935934,MERCH-0062,Ibadan,2026-07-18 10:12:00.237127,0,none
TXN-009193,CUST-00214,3878721,MERCH-0064,Kaduna,2026-09-15 10:19:00.483305,0,none
TXN-005554,CUST-00239,748151,MERCH-0097,Kano,2026-09-27 17:39:00.122573,0,none
TXN-003558,CUST-00257,3242406,MERCH-0072,Kano,2026-09-16 18:43:00.634374,0,none
TXN-001396,CUST-00324,3418045,MERCH-0071,Enugu,2026-07-21 15:53:00.643007,0,none
TXN-000265,CUST-00361,970460,MERCH-0016,Ibadan,2026-08-22 21:18:00.932323,0,none
TXN-007645,CUST-00294,3273233,MERCH-0076,Ibadan,2026-08-06 19:58:00.008142,0,none
TXN-003548,CUST-00450,3687266,MERCH-0002,Benin City,2026-07-26 20:02:00.518241,0,none
TXN-006845,CUST-00043,4024392,MERCH-0045,Abuja,2026-09-09 15:35:00.675009,0,none
TXN-008208,CUST-00003,2673228,MERCH-0058,Lagos,2026-08-23 20:37:00.243578,0,none
TXN-006789,CUST-00117,3479888,MERCH-0038,Lagos,2026-07-19 10:44:00.344929,0,none
TXN-003070,CUST-00067,2021443,MERCH-0073,Lagos,2026-08-26 15:36:00.286716,0,none
TXN-007550,CUST-00117,2349480,MERCH-0047,Lagos,2026-09-01 11:17:00.823482,0,none
TXN-005026,CUST-00218,1385454,MERCH-0044,Abuja,2026-09-01 12:03:00.495738,0,none
TXN-008698,CUST-00221,1779915,MERCH-0044,Benin City,2026-08-17 14:02:00.223128,0,none
TXN-003865,CUST-00090,5402516,MERCH-0057,Abuja,2026-07-16 19:16:00.933477,0,none
TXN-009400,CUST-00055,2353523,MERCH-0100,Kano,2026-08-08 14:21:00.260719,1,geo_anomaly
TXN-002401,CUST-00042,475187,MERCH-0090,Enugu,2026-09-17 11:04:00.620657,0,none
TXN-006275,CUST-00352,3342334,MERCH-0071,Kaduna,2026-09-08 16:02:00.549664,0,none
TXN-009847,CUST-00473,6701130,MERCH-0010,Port Harcourt,2026-08-24 20:15:00.155659,0,none
TXN-003712,CUST-00046,734955,MERCH-0056,Port Harcourt,2026-09-16 19:59:00.828264,0,none
TXN-000247,CUST-00333,4237186,MERCH-0028,Kaduna,2026-10-04 13:37:00.132987,0,none
TXN-001595,CUST-00012,1895273,MERCH-0069,Kaduna,2026-09-15 14:45:00.780971,0,none
TXN-BURST-TXN-000761-1,CUST-00300,2904800,MERCH-0089,Ibadan,2026-07-22 20:00:00.393499,1,velocity_burst
TXN-001530,CUST-00475,3139588,MERCH-0061,Abuja,2026-08-14 15:11:00.808248,0,none
TXN-008523,CUST-00152,3564260,MERCH-0022,Enugu,2026-09-05 16:29:00.576183,0,none
TXN-000924,CUST-00066,881466,MERCH-0097,Lagos,2026-10-02 19:00:00.582883,0,none
TXN-008140,CUST-00254,2787675,MERCH-0077,Lagos,2026-10-01 12:48:00.883896,0,none
TXN-007330,CUST-00471,5722657,MERCH-0017,Abuja,2026-09-29 06:30:00.312274,0,none
TXN-004365,CUST-00065,4632579,MERCH-0061,Ibadan,2026-09-17 16:53:00.485076,0,none
TXN-000670,CUST-00224,2244579,MERCH-0090,Enugu,2026-08-05 14:19:00.081495,0,none
TXN-003605,CUST-00068,5497966,MERCH-0040,Port Harcourt,2026-09-23 10:04:00.613392,0,none
TXN-005109,CUST-00169,4885659,MERCH-0085,Abuja,2026-08-12 16:06:00.496850,0,none
TXN-001911,CUST-00325,1676076,MERCH-0081,Kano,2026-08-01 15:44:00.162995,0,none
TXN-007277,CUST-00287,1116501,MERCH-0077,Enugu,2026-08-24 07:31:00.004127,0,none
TXN-008645,CUST-00300,3821394,MERCH-0099,Ibadan,2026-07-22 11:09:00.951172,0,none
TXN-005249,CUST-00416,5102697,MERCH-0067,Benin City,2026-09-03 13:46:00.358177,0,none
TXN-007184,CUST-00369,2012841,MERCH-0071,Lagos,2026-09-01 16:17:00.568490,0,none
TXN-003959,CUST-00115,1799022,MERCH-0100,Enugu,2026-09-29 20:47:00.759790,0,none
TXN-006958,CUST-00373,4669970,MERCH-0021,Kaduna,2026-08-27 09:26:00.851841,0,none
TXN-006027,CUST-00117,3629631,MERCH-0012,Lagos,2026-07-22 14:35:00.756572,0,none
TXN-005644,CUST-00125,3120199,MERCH-0057,Enugu,2026-09-22 12:12:00.641942,0,none
TXN-002697,CUST-00437,2013546,MERCH-0035,Kano,2026-07-26 18:28:00.727473,0,none
TXN-002592,CUST-00113,1486009,MERCH-0055,Kano,2026-07-25 10:00:00.026628,0,none
TXN-005907,CUST-00328,4174038,MERCH-0001,Enugu,2026-08-31 09:42:00.675334,0,none
TXN-001782,CUST-00225,4087345,MERCH-0091,Kano,2026-07-17 08:02:00.600837,0,none
TXN-006510,CUST-00286,1958752,MERCH-0058,Kaduna,2026-09-26 18:19:00.960625,0,none
TXN-003014,CUST-00290,2698907,MERCH-0032,Kano,2026-07-16 01:49:00.839003,1,off_hours
TXN-007134,CUST-00364,953677,MERCH-0002,Abuja,2026-09-15 18:54:00.350722,1,geo_anomaly
TXN-002308,CUST-00480,1882057,MERCH-0088,Enugu,2026-07-31 12:28:00.766906,0,none
TXN-007842,CUST-00030,2824600,MERCH-0068,Lagos,2026-09-18 18:14:00.178326,0,none
TXN-003691,CUST-00238,1735429,MERCH-0021,Kaduna,2026-09-26 13:01:00.465264,0,none
TXN-000688,CUST-00418,1187394,MERCH-0042,Kaduna,2026-09-07 19:12:00.651102,0,none
TXN-006012,CUST-00347,4937696,MERCH-0074,Kano,2026-09-01 12:12:00.696690,0,none
TXN-007072,CUST-00253,3867270,MERCH-0085,Kano,2026-08-21 18:14:00.352199,0,none
TXN-000613,CUST-00314,420090,MERCH-0059,Port Harcourt,2026-07-31 11:16:00.039181,0,none
TXN-009602,CUST-00141,2174846,MERCH-0078,Ibadan,2026-08-06 13:05:00.791345,0,none
TXN-007168,CUST-00071,3965736,MERCH-0047,Enugu,2026-09-18 19:00:00.425566,0,none
TXN-008217,CUST-00273,1055111,MERCH-0068,Port Harcourt,2026-08-18 10:02:00.499033,0,none
TXN-003201,CUST-00374,2888886,MERCH-0050,Ibadan,2026-07-21 16:24:00.451176,0,none
TXN-002268,CUST-00275,3777367,MERCH-0084,Enugu,2026-09-14 14:54:00.275982,0,none
TXN-BURST-TXN-003366-0,CUST-00474,5664286,MERCH-0054,Kano,2026-10-02 06:44:30.054516,1,velocity_burst
TXN-006630,CUST-00029,2955764,MERCH-0020,Kaduna,2026-08-12 11:32:00.721011,0,none
TXN-004136,CUST-00069,2151494,MERCH-0092,Lagos,2026-07-24 14:48:00.067279,0,none
TXN-001899,CUST-00274,2413264,MERCH-0035,Ibadan,2026-09-13 16:34:00.228623,0,none
TXN-009873,CUST-00478,2529647,MERCH-0066,Benin City,2026-08-20 14:54:00.903710,0,none
TXN-000283,CUST-00046,831337,MERCH-0066,Port Harcourt,2026-08-23 08:43:00.182755,0,none
TXN-000259,CUST-00273,574945,MERCH-0020,Port Harcourt,2026-09-03 13:13:00.393160,0,none
TXN-002925,CUST-00308,3336596,MERCH-0079,Abuja,2026-08-01 16:03:00.419348,1,geo_anomaly
TXN-BURST-TXN-006519-0,CUST-00184,5109977,MERCH-0100,Abuja,2026-07-17 13:39:30.002971,1,velocity_burst
TXN-004944,CUST-00169,2039971,MERCH-0044,Abuja,2026-07-17 20:02:00.458068,0,none
TXN-002823,CUST-00001,573607,MERCH-0014,Abuja,2026-07-15 19:48:00.342774,0,none
TXN-006530,CUST-00229,6065885,MERCH-0016,Ibadan,2026-09-28 16:34:00.614938,0,none
TXN-003340,CUST-00444,1689791,MERCH-0080,Kano,2026-08-15 13:21:00.144526,0,none
TXN-003526,CUST-00053,2212398,MERCH-0032,Ibadan,2026-09-10 08:05:00.435848,0,none
TXN-004564,CUST-00359,4969486,MERCH-0026,Benin City,2026-08-31 16:55:00.272193,0,none
TXN-BURST-TXN-000117-2,CUST-00319,4861637,MERCH-0035,Benin City,2026-09-02 18:02:30.361992,1,velocity_burst
TXN-006698,CUST-00346,3406471,MERCH-0047,Abuja,2026-10-02 17:16:00.351552,0,none
TXN-005330,CUST-00459,1519008,MERCH-0087,Benin City,2026-09-12 17:56:00.484461,0,none
TXN-005224,CUST-00123,900367,MERCH-0013,Kano,2026-08-29 09:42:00.242055,0,none
TXN-002286,CUST-00462,4502151,MERCH-0058,Ibadan,2026-08-15 19:14:00.481114,0,none
TXN-006064,CUST-00023,2505510,MERCH-0093,Ibadan,2026-08-13 19:10:00.026250,0,none
TXN-004655,CUST-00168,3860798,MERCH-0020,Ibadan,2026-09-10 19:44:00.593863,0,none
TXN-005001,CUST-00380,1803640,MERCH-0056,Enugu,2026-09-22 17:04:00.161209,0,none
TXN-006711,CUST-00440,1901988,MERCH-0012,Kaduna,2026-09-23 19:59:00.309407,0,none
TXN-009661,CUST-00091,3273811,MERCH-0074,Lagos,2026-08-29 21:07:00.858871,0,none
TXN-007765,CUST-00372,577659,MERCH-0036,Kano,2026-09-18 18:28:00.421911,0,none
TXN-000485,CUST-00287,781209,MERCH-0050,Enugu,2026-07-12 14:45:00.449395,0,none
TXN-002212,CUST-00397,4337418,MERCH-0061,Benin City,2026-08-13 12:53:00.231834,0,none
TXN-005417,CUST-00451,794411,MERCH-0036,Kano,2026-08-18 14:57:00.702901,0,none
TXN-009566,CUST-00488,1087223,MERCH-0079,Benin City,2026-09-10 15:43:00.752716,0,none
TXN-002556,CUST-00361,163056290,MERCH-0012,Ibadan,2026-09-08 20:41:00.953725,1,amount_anomaly
TXN-000008,CUST-00328,2104870,MERCH-0028,Enugu,2026-08-03 21:22:00.635611,0,none
TXN-003658,CUST-00147,1766557,MERCH-0040,Enugu,2026-09-19 08:34:00.277162,0,none
TXN-006412,CUST-00416,6035647,MERCH-0080,Benin City,2026-08-12 16:29:00.955004,0,none
TXN-009495,CUST-00419,850043,MERCH-0038,Ibadan,2026-09-14 21:45:00.065778,0,none
TXN-004875,CUST-00250,4664063,MERCH-0011,Kano,2026-09-29 16:17:00.123280,0,none
TXN-004403,CUST-00114,4892442,MERCH-0090,Enugu,2026-10-03 18:59:00.851896,0,none
TXN-009239,CUST-00473,5245119,MERCH-0029,Port Harcourt,2026-07-22 21:09:00.871916,0,none
TXN-005547,CUST-00118,2315426,MERCH-0022,Enugu,2026-09-01 15:02:00.927196,0,none
TXN-005298,CUST-00068,5801206,MERCH-0021,Port Harcourt,2026-08-06 10:19:00.781849,0,none
TXN-002427,CUST-00405,3292091,MERCH-0096,Lagos,2026-07-27 11:28:00.957452,0,none
TXN-006745,CUST-00153,1455143,MERCH-0056,Kaduna,2026-08-21 12:55:00.129060,0,none
TXN-001815,CUST-00179,6222864,MERCH-0007,Kano,2026-09-11 14:46:00.655402,0,none
TXN-007604,CUST-00023,1894602,MERCH-0017,Ibadan,2026-08-13 16:22:00.777443,0,none
TXN-006823,CUST-00031,1105509,MERCH-0016,Kano,2026-09-24 17:40:00.043794,0,none
TXN-009974,CUST-00082,638392,MERCH-0062,Lagos,2026-09-17 11:18:00.723677,0,none
TXN-002275,CUST-00306,4497847,MERCH-0036,Ibadan,2026-09-25 13:49:00.910094,0,none
TXN-001012,CUST-00037,3521886,MERCH-0065,Port Harcourt,2026-08-06 12:45:00.553577,0,none
TXN-001578,CUST-00197,1795929,MERCH-0023,Kaduna,2026-09-28 01:03:00.682980,1,off_hours
TXN-007265,CUST-00079,5922588,MERCH-0095,Abuja,2026-07-26 13:47:00.526553,0,none
TXN-001068,CUST-00055,3072717,MERCH-0055,Enugu,2026-08-27 18:01:00.784137,0,none
TXN-001992,CUST-00341,2725884,MERCH-0066,Kano,2026-10-04 12:40:00.347303,0,none
TXN-003971,CUST-00398,4218031,MERCH-0065,Ibadan,2026-09-13 13:00:00.836201,0,none
TXN-009401,CUST-00485,2885781,MERCH-0061,Abuja,2026-07-23 15:36:00.803830,0,none
TXN-005880,CUST-00096,5625697,MERCH-0067,Lagos,2026-08-29 14:43:00.972842,0,none
TXN-008732,CUST-00354,1426815,MERCH-0030,Kaduna,2026-09-08 16:35:00.642043,0,none
TXN-004543,CUST-00265,4822424,MERCH-0060,Kaduna,2026-07-18 18:53:00.912749,0,none
TXN-009938,CUST-00235,3499228,MERCH-0095,Benin City,2026-09-13 17:08:00.007205,1,velocity_burst
TXN-007194,CUST-00448,3091011,MERCH-0034,Kaduna,2026-09-25 07:48:00.734751,0,none
TXN-003868,CUST-00058,3512861,MERCH-0035,Ibadan,2026-07-14 12:24:00.733026,0,none
TXN-009754,CUST-00409,728623,MERCH-0004,Kano,2026-09-25 16:10:00.303398,0,none
TXN-006824,CUST-00198,1136000,MERCH-0039,Kaduna,2026-09-15 15:12:00.069202,0,none
TXN-003049,CUST-00082,3626787,MERCH-0015,Lagos,2026-07-30 14:00:00.656953,0,none
TXN-007549,CUST-00029,138856464,MERCH-0025,Kaduna,2026-08-03 11:55:00.670989,1,amount_anomaly
TXN-000782,CUST-00099,188278704,MERCH-0083,Lagos,2026-09-02 14:36:00.929924,1,amount_anomaly
TXN-006748,CUST-00463,4542528,MERCH-0038,Port Harcourt,2026-08-04 18:48:00.081403,0,none
TXN-002676,CUST-00381,3516316,MERCH-0049,Kaduna,2026-07-19 20:36:00.391595,0,none
TXN-001750,CUST-00083,3350695,MERCH-0007,Abuja,2026-08-18 14:26:00.853205,0,none
TXN-006223,CUST-00471,3064016,MERCH-0017,Abuja,2026-08-01 14:28:00.172420,0,none
TXN-008365,CUST-00012,1890887,MERCH-0069,Kaduna,2026-09-04 01:37:00.408942,1,off_hours
TXN-002792,CUST-00310,1787902,MERCH-0018,Abuja,2026-09-07 08:07:00.508181,0,none
TXN-006520,CUST-00051,3270885,MERCH-0022,Enugu,2026-09-15 20:49:00.868001,0,none
TXN-005775,CUST-00366,1528900,MERCH-0012,Port Harcourt,2026-07-18 09:53:00.770804,0,none
TXN-006358,CUST-00135,1887653,MERCH-0053,Abuja,2026-08-17 13:05:00.263918,0,none
TXN-004980,CUST-00002,3269287,MERCH-0030,Abuja,2026-07-18 06:10:00.587008,0,none
TXN-008178,CUST-00400,1334989,MERCH-0041,Enugu,2026-08-25 13:40:00.639197,0,none
TXN-001092,CUST-00479,1941384,MERCH-0028,Abuja,2026-09-01 14:44:00.065656,0,none
TXN-006527,CUST-00090,6470533,MERCH-0070,Abuja,2026-08-05 17:23:00.417715,0,none
TXN-008609,CUST-00177,2237733,MERCH-0018,Benin City,2026-08-29 18:26:00.340588,0,none
TXN-004628,CUST-00102,2795376,MERCH-0063,Lagos,2026-08-15 11:27:00.830135,0,none
TXN-002325,CUST-00021,4591255,MERCH-0029,Port Harcourt,2026-09-06 15:10:00.752202,0,none
TXN-006535,CUST-00429,3464815,MERCH-0069,Enugu,2026-09-20 11:11:00.915604,0,none
TXN-009297,CUST-00094,1813694,MERCH-0064,Abuja,2026-09-05 10:45:00.230471,0,none
TXN-005056,CUST-00110,4099055,MERCH-0068,Port Harcourt,2026-08-01 11:46:00.368162,0,none
TXN-002609,CUST-00131,4144691,MERCH-0079,Benin City,2026-09-12 17:10:00.553990,0,none
TXN-009785,CUST-00487,1313635,MERCH-0040,Kano,2026-08-23 13:12:00.412912,0,none
TXN-002291,CUST-00199,1860011,MERCH-0031,Kano,2026-08-09 17:39:00.119369,0,none
TXN-001728,CUST-00121,4006054,MERCH-0061,Kaduna,2026-09-12 13:30:00.556382,0,none
TXN-000611,CUST-00189,1496712,MERCH-0042,Port Harcourt,2026-09-24 12:01:00.709595,0,none
TXN-007818,CUST-00178,3888767,MERCH-0033,Kaduna,2026-10-04 02:46:00.232754,1,off_hours
TXN-004667,CUST-00127,728298,MERCH-0027,Ibadan,2026-08-19 07:45:00.106838,0,none
TXN-006076,CUST-00473,4179913,MERCH-0091,Enugu,2026-08-18 11:38:00.335452,1,geo_anomaly
TXN-005414,CUST-00302,2329046,MERCH-0067,Benin City,2026-10-05 16:49:00.359181,0,none
TXN-000344,CUST-00033,3473182,MERCH-0080,Kano,2026-09-25 19:19:00.030650,0,none
TXN-004684,CUST-00493,3007994,MERCH-0094,Ibadan,2026-08-17 16:37:00.195395,0,none
TXN-009103,CUST-00122,4603994,MERCH-0082,Lagos,2026-08-03 15:27:00.895719,0,none
TXN-003751,CUST-00392,3123799,MERCH-0038,Kaduna,2026-08-27 15:33:00.271101,0,none
TXN-BURST-TXN-001643-2,CUST-00294,2914538,MERCH-0073,Ibadan,2026-07-28 11:25:30.200247,1,velocity_burst
TXN-009644,CUST-00131,1705918,MERCH-0065,Benin City,2026-08-24 16:46:00.943132,0,none
TXN-006000,CUST-00064,1699342,MERCH-0042,Enugu,2026-07-26 14:45:00.861190,0,none
TXN-003216,CUST-00158,2678749,MERCH-0061,Benin City,2026-08-02 10:54:00.798404,0,none
TXN-000098,CUST-00375,3505536,MERCH-0019,Kano,2026-07-30 17:48:00.080040,0,none
TXN-007958,CUST-00350,3283670,MERCH-0074,Enugu,2026-08-01 13:00:00.711888,0,none
TXN-003138,CUST-00413,1250867,MERCH-0100,Port Harcourt,2026-09-23 17:51:00.864999,0,none
TXN-005177,CUST-00310,2177935,MERCH-0024,Abuja,2026-07-27 09:45:00.595426,0,none
TXN-007280,CUST-00335,3977357,MERCH-0089,Abuja,2026-07-17 22:19:00.742672,0,none
TXN-006166,CUST-00160,1384519,MERCH-0012,Abuja,2026-09-10 18:05:00.157835,1,geo_anomaly
TXN-001538,CUST-00387,2421823,MERCH-0003,Ibadan,2026-09-12 11:25:00.921844,0,none
TXN-003589,CUST-00294,4545083,MERCH-0070,Ibadan,2026-08-16 14:36:00.076513,0,none
TXN-008147,CUST-00292,4147115,MERCH-0042,Enugu,2026-08-06 13:40:00.601203,0,none
TXN-006986,CUST-00138,2355248,MERCH-0097,Benin City,2026-07-21 15:25:00.156694,0,none
TXN-003649,CUST-00362,2983043,MERCH-0046,Lagos,2026-08-10 15:25:00.969269,0,none
TXN-002658,CUST-00197,2679917,MERCH-0010,Kaduna,2026-09-02 16:14:00.814442,0,none
TXN-008141,CUST-00035,4796719,MERCH-0084,Kano,2026-09-30 17:25:00.424221,0,none
TXN-001518,CUST-00410,2044385,MERCH-0007,Ibadan,2026-08-26 06:29:00.786718,0,none
TXN-005062,CUST-00028,4464373,MERCH-0034,Enugu,2026-09-03 18:22:00.137088,0,none
TXN-009686,CUST-00138,2258179,MERCH-0072,Benin City,2026-08-14 17:35:00.491642,0,none
TXN-004625,CUST-00360,1651142,MERCH-0069,Abuja,2026-09-14 14:09:00.953310,0,none
TXN-004273,CUST-00338,1293050,MERCH-0061,Benin City,2026-09-10 22:05:00.935981,0,none
TXN-003670,CUST-00415,712894,MERCH-0040,Kano,2026-07-18 14:36:00.636784,0,none
TXN-006567,CUST-00298,2974948,MERCH-0097,Abuja,2026-10-01 10:24:00.682726,0,none
TXN-005801,CUST-00353,2257977,MERCH-0048,Benin City,2026-08-04 19:25:00.204708,0,none
TXN-002091,CUST-00480,1137611,MERCH-0056,Enugu,2026-09-05 18:56:00.917648,0,none
TXN-007098,CUST-00036,881105,MERCH-0020,Abuja,2026-08-11 17:57:00.954618,0,none
TXN-006172,CUST-00068,75484857,MERCH-0014,Port Harcourt,2026-08-18 21:20:00.699639,1,amount_anomaly
TXN-007522,CUST-00149,4344475,MERCH-0056,Port Harcourt,2026-10-03 11:57:00.336657,0,none
TXN-000573,CUST-00424,3876177,MERCH-0025,Abuja,2026-07-19 19:41:00.882117,0,none
TXN-007741,CUST-00192,6645876,MERCH-0057,Benin City,2026-10-04 16:18:00.255672,0,none
TXN-009903,CUST-00419,352437,MERCH-0088,Ibadan,2026-08-13 19:53:00.353163,0,none
TXN-004689,CUST-00428,1478207,MERCH-0079,Ibadan,2026-08-18 16:42:00.803197,0,none
TXN-009402,CUST-00143,986225,MERCH-0028,Enugu,2026-07-20 11:45:00.686105,0,none
TXN-003063,CUST-00468,5366993,MERCH-0089,Abuja,2026-08-16 18:59:00.044024,1,geo_anomaly
TXN-000598,CUST-00416,2502711,MERCH-0075,Benin City,2026-08-23 14:50:00.465353,0,none
TXN-006471,CUST-00454,3697199,MERCH-0082,Abuja,2026-10-01 09:13:00.962894,0,none
TXN-007161,CUST-00233,706919,MERCH-0092,Ibadan,2026-07-27 17:12:00.668473,0,none
TXN-006634,CUST-00075,2384575,MERCH-0002,Benin City,2026-09-11 16:12:00.813009,0,none
TXN-008795,CUST-00357,1539627,MERCH-0076,Kaduna,2026-07-28 10:50:00.540673,0,none
TXN-007876,CUST-00423,4198063,MERCH-0034,Ibadan,2026-07-18 15:03:00.615487,0,none
TXN-004725,CUST-00209,4440616,MERCH-0041,Kaduna,2026-08-26 09:23:00.715440,0,none
TXN-007346,CUST-00201,3477557,MERCH-0074,Port Harcourt,2026-07-13 17:16:00.348673,0,none
TXN-006305,CUST-00108,919942,MERCH-0096,Lagos,2026-07-10 09:22:00.194190,0,none
TXN-000425,CUST-00214,3445985,MERCH-0037,Kaduna,2026-09-04 22:22:00.294503,0,none
TXN-009780,CUST-00109,4448190,MERCH-0042,Abuja,2026-07-08 15:11:00.182615,0,none
TXN-009950,CUST-00104,5011193,MERCH-0061,Ibadan,2026-07-14 20:36:00.545678,0,none
TXN-004480,CUST-00087,4183899,MERCH-0090,Kaduna,2026-08-15 15:11:00.091895,0,none
TXN-004949,CUST-00160,741625,MERCH-0083,Lagos,2026-08-11 09:04:00.782931,0,none
TXN-005977,CUST-00002,4498439,MERCH-0065,Abuja,2026-07-26 06:31:00.317308,0,none
TXN-000371,CUST-00238,2945138,MERCH-0059,Kaduna,2026-08-21 07:12:00.290396,0,none
TXN-001939,CUST-00193,42559760,MERCH-0020,Kano,2026-08-13 20:07:00.781893,1,amount_anomaly
TXN-002353,CUST-00047,3634038,MERCH-0001,Abuja,2026-09-04 13:13:00.032782,0,none
TXN-007128,CUST-00500,4489900,MERCH-0086,Kaduna,2026-08-26 08:46:00.823676,0,none
TXN-001754,CUST-00324,2365938,MERCH-0074,Enugu,2026-09-01 12:02:00.027962,0,none
TXN-003671,CUST-00212,4393851,MERCH-0093,Enugu,2026-09-07 08:58:00.289032,0,none
TXN-007299,CUST-00225,6475209,MERCH-0061,Kano,2026-10-02 16:30:00.347271,0,none
TXN-003653,CUST-00206,1518199,MERCH-0006,Kano,2026-09-11 15:12:00.117863,0,none
TXN-005202,CUST-00494,3420741,MERCH-0083,Kaduna,2026-09-19 17:40:00.691126,0,none
TXN-008346,CUST-00189,1115109,MERCH-0024,Port Harcourt,2026-08-04 17:45:00.175107,0,none
TXN-002362,CUST-00203,2436189,MERCH-0020,Kano,2026-09-20 22:37:00.304904,0,none
TXN-004261,CUST-00319,7209262,MERCH-0038,Benin City,2026-09-21 21:34:00.592941,0,none
TXN-005433,CUST-00434,3041802,MERCH-0022,Ibadan,2026-07-24 08:53:00.340913,0,none
TXN-006286,CUST-00196,5225838,MERCH-0100,Kaduna,2026-08-20 15:48:00.076905,0,none
TXN-004992,CUST-00457,2557366,MERCH-0048,Lagos,2026-07-30 14:24:00.836827,0,none
TXN-009051,CUST-00441,6125329,MERCH-0030,Abuja,2026-08-31 13:58:00.745298,0,none
TXN-009804,CUST-00117,4071352,MERCH-0038,Lagos,2026-08-11 11:28:00.182637,0,none
TXN-003738,CUST-00478,3669334,MERCH-0066,Benin City,2026-10-05 11:36:00.954844,0,none
TXN-008105,CUST-00031,1208893,MERCH-0032,Kano,2026-07-11 13:40:00.915469,0,none
TXN-008869,CUST-00215,3364484,MERCH-0034,Kaduna,2026-08-20 11:10:00.009883,0,none
TXN-009251,CUST-00149,5588667,MERCH-0017,Port Harcourt,2026-09-21 09:03:00.349555,0,none
TXN-008623,CUST-00075,2035787,MERCH-0093,Benin City,2026-09-20 18:47:00.270846,0,none
TXN-005592,CUST-00431,3263603,MERCH-0014,Ibadan,2026-09-08 11:34:00.625153,0,none
TXN-001172,CUST-00174,4012732,MERCH-0011,Kaduna,2026-07-25 18:54:00.166414,0,none
TXN-007371,CUST-00067,76465825,MERCH-0060,Lagos,2026-09-23 07:12:00.467175,1,amount_anomaly
TXN-007928,CUST-00022,1428811,MERCH-0081,Ibadan,2026-09-10 08:24:00.365181,0,none
TXN-008361,CUST-00240,6028856,MERCH-0018,Enugu,2026-09-22 13:54:00.571098,0,none
TXN-009508,CUST-00276,2720607,MERCH-0022,Enugu,2026-07-29 16:19:00.935125,0,none
TXN-001423,CUST-00455,3651977,MERCH-0029,Ibadan,2026-08-16 02:50:00.015538,1,off_hours
TXN-006783,CUST-00151,24974170,MERCH-0082,Enugu,2026-08-04 17:54:00.424849,1,amount_anomaly
TXN-009784,CUST-00403,2734899,MERCH-0084,Abuja,2026-09-22 17:34:00.279653,0,none
TXN-009099,CUST-00072,76685426,MERCH-0067,Kaduna,2026-08-23 19:05:00.634446,1,amount_anomaly
TXN-006107,CUST-00175,4193436,MERCH-0051,Kano,2026-07-27 10:57:00.438637,0,none
TXN-009687,CUST-00410,3285172,MERCH-0047,Ibadan,2026-07-07 19:35:00.168843,0,none
TXN-008400,CUST-00418,49704192,MERCH-0039,Kaduna,2026-07-31 12:18:00.546460,1,amount_anomaly
TXN-006340,CUST-00243,1682891,MERCH-0020,Port Harcourt,2026-09-18 17:20:00.731967,0,none
TXN-007701,CUST-00408,2257130,MERCH-0008,Abuja,2026-07-27 09:57:00.687836,0,none
TXN-009494,CUST-00393,3288810,MERCH-0011,Kaduna,2026-07-29 17:38:00.070251,0,none
TXN-000875,CUST-00405,4955221,MERCH-0096,Lagos,2026-09-08 18:14:00.835309,0,none
TXN-002298,CUST-00065,5443842,MERCH-0061,Ibadan,2026-09-23 13:13:00.746233,0,none
TXN-009639,CUST-00405,2850620,MERCH-0096,Lagos,2026-07-30 19:22:00.943942,0,none
TXN-002644,CUST-00328,4763906,MERCH-0091,Enugu,2026-07-26 11:23:00.008986,0,none
TXN-008117,CUST-00362,1522082,MERCH-0046,Lagos,2026-08-26 13:38:00.959293,0,none
TXN-001720,CUST-00429,2525503,MERCH-0048,Enugu,2026-08-12 09:40:00.476421,0,none
TXN-005348,CUST-00297,4277394,MERCH-0082,Enugu,2026-09-04 21:33:00.043239,0,none
TXN-005933,CUST-00490,2946774,MERCH-0043,Abuja,2026-09-21 06:53:00.240963,0,none
TXN-000841,CUST-00266,2300773,MERCH-0053,Kaduna,2026-07-28 18:14:00.377532,0,none
TXN-BURST-TXN-008375-2,CUST-00149,1738286,MERCH-0069,Port Harcourt,2026-08-28 06:06:30.270014,1,velocity_burst
TXN-000582,CUST-00453,927696,MERCH-0016,Kaduna,2026-07-20 12:38:00.367100,0,none
TXN-000205,CUST-00470,1976910,MERCH-0088,Benin City,2026-07-08 14:09:00.442082,0,none
TXN-007897,CUST-00427,7289832,MERCH-0008,Abuja,2026-09-09 04:53:00.072941,1,off_hours
TXN-001642,CUST-00481,5701645,MERCH-0023,Lagos,2026-09-17 15:27:00.722922,0,none
TXN-002015,CUST-00156,2036439,MERCH-0020,Ibadan,2026-10-01 17:43:00.629919,0,none
TXN-003254,CUST-00300,3368339,MERCH-0099,Ibadan,2026-08-16 16:15:00.821030,0,none
TXN-008651,CUST-00296,3456578,MERCH-0062,Kano,2026-07-14 09:33:00.512519,0,none
TXN-008016,CUST-00088,1276590,MERCH-0035,Abuja,2026-07-20 16:23:00.511637,0,none
TXN-000906,CUST-00219,5182495,MERCH-0005,Ibadan,2026-07-13 16:27:00.581606,0,none
TXN-000632,CUST-00068,2969353,MERCH-0021,Port Harcourt,2026-09-03 08:37:00.674441,0,none
TXN-008722,CUST-00194,3861839,MERCH-0074,Kaduna,2026-09-01 15:08:00.925613,0,none
TXN-008650,CUST-00483,4094740,MERCH-0001,Enugu,2026-07-25 12:01:00.855294,0,none
TXN-001975,CUST-00228,3834848,MERCH-0029,Port Harcourt,2026-07-29 16:17:00.734597,0,none
TXN-000163,CUST-00028,3480278,MERCH-0001,Enugu,2026-07-19 19:28:00.320062,0,none
TXN-004999,CUST-00461,2335369,MERCH-0089,Kano,2026-09-01 13:57:00.479549,0,none
TXN-001244,CUST-00382,1459643,MERCH-0078,Port Harcourt,2026-09-30 17:16:00.447830,0,none
TXN-009791,CUST-00116,2064358,MERCH-0013,Ibadan,2026-09-01 16:27:00.685839,0,none
TXN-008279,CUST-00372,588670,MERCH-0004,Kano,2026-09-11 10:44:00.676397,0,none
TXN-004714,CUST-00205,1353062,MERCH-0065,Port Harcourt,2026-07-14 10:42:00.422965,0,none
TXN-000876,CUST-00355,471852,MERCH-0040,Benin City,2026-09-16 15:39:00.009409,0,none
TXN-001432,CUST-00337,4045711,MERCH-0010,Kaduna,2026-09-03 11:09:00.059163,0,none
TXN-009053,CUST-00316,1057717,MERCH-0014,Benin City,2026-08-10 12:31:00.210382,0,none
TXN-006869,CUST-00456,3126148,MERCH-0098,Kaduna,2026-07-15 12:48:00.459738,0,none
TXN-004644,CUST-00268,4476867,MERCH-0088,Ibadan,2026-07-11 19:52:00.967517,0,none
TXN-005081,CUST-00174,2988969,MERCH-0058,Kaduna,2026-07-07 16:12:00.411941,0,none
TXN-005784,CUST-00423,4018551,MERCH-0043,Ibadan,2026-07-31 19:50:00.651695,0,none
TXN-BURST-TXN-008264-2,CUST-00486,4059509,MERCH-0083,Kano,2026-08-13 15:45:30.111641,1,velocity_burst
TXN-007711,CUST-00130,3275567,MERCH-0100,Kano,2026-08-03 18:02:00.797676,0,none
TXN-007737,CUST-00037,3456522,MERCH-0088,Port Harcourt,2026-09-30 11:41:00.836584,0,none
TXN-004284,CUST-00206,2587340,MERCH-0011,Kano,2026-07-25 14:39:00.714744,0,none
TXN-007532,CUST-00180,1158288,MERCH-0066,Kaduna,2026-08-20 07:11:00.120555,0,none
TXN-008413,CUST-00026,882853,MERCH-0032,Kaduna,2026-09-16 12:44:00.456889,0,none
TXN-008278,CUST-00318,2875189,MERCH-0022,Ibadan,2026-08-03 13:40:00.607129,0,none
TXN-009778,CUST-00164,3626637,MERCH-0037,Enugu,2026-09-07 14:14:00.883919,0,none
TXN-002857,CUST-00478,1718127,MERCH-0042,Benin City,2026-08-04 15:56:00.706811,0,none
TXN-001862,CUST-00240,4289318,MERCH-0062,Enugu,2026-07-22 10:48:00.439508,0,none
TXN-002660,CUST-00292,3306143,MERCH-0077,Enugu,2026-07-15 15:51:00.392530,0,none
TXN-003385,CUST-00180,1458604,MERCH-0081,Kaduna,2026-08-22 14:32:00.852389,0,none
TXN-009909,CUST-00003,1619247,MERCH-0036,Lagos,2026-09-21 13:32:00.054527,0,none
TXN-BURST-TXN-003316-1,CUST-00451,1434915,MERCH-0065,Kano,2026-07-14 11:17:00.213567,1,velocity_burst
TXN-008438,CUST-00276,5557723,MERCH-0002,Enugu,2026-09-22 14:16:00.845370,0,none
TXN-009767,CUST-00147,1905420,MERCH-0006,Enugu,2026-09-29 17:28:00.523201,0,none
TXN-007463,CUST-00488,3043444,MERCH-0079,Benin City,2026-09-30 21:28:00.777869,0,none
TXN-006887,CUST-00446,1907976,MERCH-0014,Kano,2026-07-16 16:26:00.568887,0,none
TXN-004734,CUST-00280,1400309,MERCH-0070,Enugu,2026-07-16 09:00:00.405394,0,none
TXN-003332,CUST-00276,2714762,MERCH-0022,Enugu,2026-09-19 21:34:00.318441,0,none
TXN-009489,CUST-00195,3057966,MERCH-0004,Benin City,2026-07-17 12:43:00.818181,0,none
TXN-007750,CUST-00434,2848154,MERCH-0022,Ibadan,2026-08-04 23:02:00.878595,1,off_hours
TXN-008949,CUST-00118,2482192,MERCH-0033,Enugu,2026-09-28 07:05:00.896486,0,none
TXN-006405,CUST-00198,1048334,MERCH-0091,Kaduna,2026-07-20 18:53:00.768482,0,none
TXN-009189,CUST-00023,2808800,MERCH-0025,Ibadan,2026-07-19 15:08:00.918934,0,none
TXN-009806,CUST-00316,763869,MERCH-0014,Benin City,2026-09-29 21:12:00.735768,0,none
TXN-007061,CUST-00309,2682626,MERCH-0041,Kaduna,2026-08-25 14:46:00.969569,0,none
TXN-002097,CUST-00052,4715742,MERCH-0012,Abuja,2026-09-25 16:04:00.633739,0,none
TXN-002004,CUST-00307,1488280,MERCH-0015,Abuja,2026-08-30 14:36:00.374799,0,none
TXN-008709,CUST-00014,816684,MERCH-0077,Lagos,2026-09-12 11:35:00.808609,0,none
TXN-008000,CUST-00174,3387568,MERCH-0011,Kaduna,2026-09-26 12:37:00.685193,0,none
TXN-009071,CUST-00471,1717883,MERCH-0017,Abuja,2026-08-25 11:21:00.869731,0,none
TXN-004677,CUST-00159,2660194,MERCH-0058,Port Harcourt,2026-08-18 10:49:00.220240,0,none
TXN-005018,CUST-00001,913121,MERCH-0014,Abuja,2026-09-18 15:48:00.428738,0,none
TXN-007470,CUST-00287,2112101,MERCH-0012,Enugu,2026-07-31 18:43:00.745501,0,none
TXN-000547,CUST-00332,1022247,MERCH-0022,Kano,2026-08-09 11:55:00.022191,0,none
TXN-001450,CUST-00496,7106528,MERCH-0071,Lagos,2026-09-10 15:39:00.682024,0,none
TXN-003987,CUST-00199,3172780,MERCH-0031,Kano,2026-07-08 13:52:00.238885,0,none
TXN-006901,CUST-00138,1587749,MERCH-0016,Benin City,2026-09-08 12:34:00.264652,0,none
TXN-002611,CUST-00265,2765849,MERCH-0047,Kaduna,2026-08-22 14:23:00.049593,0,none
TXN-001901,CUST-00077,5306547,MERCH-0043,Ibadan,2026-09-24 19:16:00.334579,0,none
TXN-003921,CUST-00113,1368664,MERCH-0039,Kano,2026-08-20 20:44:00.886415,0,none
TXN-002758,CUST-00341,3070384,MERCH-0027,Kano,2026-09-18 16:21:00.393636,0,none
TXN-006125,CUST-00068,5304446,MERCH-0100,Port Harcourt,2026-09-22 08:39:00.495460,0,none
TXN-007798,CUST-00405,4121025,MERCH-0096,Lagos,2026-07-20 17:34:00.147025,0,none
TXN-006398,CUST-00341,2322896,MERCH-0020,Kano,2026-08-07 14:19:00.461165,0,none
TXN-001886,CUST-00118,2904500,MERCH-0068,Enugu,2026-07-29 14:12:00.919481,0,none
TXN-BURST-TXN-004224-2,CUST-00456,5844309,MERCH-0029,Kaduna,2026-08-18 13:56:30.255576,1,velocity_burst
TXN-005739,CUST-00465,4243316,MERCH-0067,Kaduna,2026-08-11 18:16:00.217809,0,none
TXN-008981,CUST-00296,2180823,MERCH-0010,Kano,2026-08-13 13:25:00.009984,0,none
TXN-005891,CUST-00431,1604198,MERCH-0050,Ibadan,2026-09-22 16:35:00.148177,0,none
TXN-002098,CUST-00058,2995757,MERCH-0043,Ibadan,2026-08-08 17:26:00.801914,0,none
TXN-009623,CUST-00224,861828,MERCH-0025,Enugu,2026-08-05 15:53:00.313228,0,none
TXN-005693,CUST-00159,2676574,MERCH-0058,Port Harcourt,2026-08-14 14:09:00.936008,0,none
TXN-000500,CUST-00383,1725060,MERCH-0031,Ibadan,2026-09-18 18:22:00.464229,0,none
TXN-005625,CUST-00194,1824612,MERCH-0074,Kaduna,2026-09-05 08:01:00.147104,0,none
TXN-000837,CUST-00348,1874312,MERCH-0006,Abuja,2026-08-29 17:00:00.939154,0,none
TXN-003472,CUST-00224,2441471,MERCH-0025,Enugu,2026-08-24 09:10:00.170023,0,none
TXN-004698,CUST-00191,2174517,MERCH-0052,Benin City,2026-07-26 14:35:00.791798,0,none
TXN-006281,CUST-00020,2295989,MERCH-0094,Kano,2026-07-30 20:07:00.812687,0,none
TXN-009280,CUST-00208,4677195,MERCH-0059,Port Harcourt,2026-08-13 08:56:00.377826,0,none
TXN-009949,CUST-00271,905947,MERCH-0082,Kano,2026-09-02 11:37:00.979151,0,none
TXN-002172,CUST-00400,777731,MERCH-0034,Enugu,2026-10-05 16:54:00.662925,0,none
TXN-009565,CUST-00015,1761517,MERCH-0044,Lagos,2026-09-26 15:38:00.986567,0,none
TXN-005679,CUST-00404,574340,MERCH-0052,Kaduna,2026-08-25 11:58:00.730206,0,none
TXN-009516,CUST-00439,1886449,MERCH-0021,Ibadan,2026-09-09 15:36:00.984108,0,none
TXN-000399,CUST-00386,5460947,MERCH-0062,Kaduna,2026-07-09 10:22:00.969140,0,none
TXN-002011,CUST-00273,644754,MERCH-0068,Port Harcourt,2026-07-07 20:28:00.569223,0,none
TXN-005167,CUST-00404,733044,MERCH-0019,Kaduna,2026-09-01 07:00:00.759827,0,none
TXN-005872,CUST-00002,4942837,MERCH-0028,Abuja,2026-08-20 11:36:00.771790,0,none
TXN-BURST-TXN-003514-2,CUST-00031,1726968,MERCH-0077,Kano,2026-09-25 14:35:30.244827,1,velocity_burst
TXN-001284,CUST-00367,1355445,MERCH-0074,Benin City,2026-08-07 13:44:00.926758,0,none
TXN-BURST-TXN-005310-0,CUST-00473,3728460,MERCH-0068,Port Harcourt,2026-07-17 17:25:30.713629,1,velocity_burst
TXN-002449,CUST-00118,850510,MERCH-0065,Enugu,2026-08-27 10:32:00.889730,0,none
TXN-004257,CUST-00348,113551765,MERCH-0002,Abuja,2026-09-10 16:28:00.683380,1,amount_anomaly
TXN-001837,CUST-00312,3908012,MERCH-0050,Lagos,2026-07-30 06:19:00.011797,0,none
TXN-009944,CUST-00249,4901210,MERCH-0053,Lagos,2026-10-01 08:55:00.824555,0,none
TXN-001020,CUST-00261,2189049,MERCH-0048,Enugu,2026-07-16 18:44:00.978733,0,none
TXN-009194,CUST-00224,1753968,MERCH-0025,Enugu,2026-09-14 11:00:00.730767,0,none
TXN-005067,CUST-00428,1993521,MERCH-0100,Ibadan,2026-07-27 16:25:00.421562,0,none
TXN-001327,CUST-00199,3779432,MERCH-0031,Kano,2026-09-13 11:09:00.268625,0,none
TXN-008152,CUST-00329,4124880,MERCH-0090,Ibadan,2026-07-12 12:31:00.373292,0,none
TXN-000476,CUST-00185,4008336,MERCH-0100,Kaduna,2026-08-08 17:58:00.549507,0,none
TXN-002811,CUST-00103,3331225,MERCH-0050,Benin City,2026-07-31 15:17:00.872061,0,none
TXN-008945,CUST-00368,1966944,MERCH-0028,Enugu,2026-08-12 16:39:00.834155,0,none
TXN-001652,CUST-00460,4342511,MERCH-0066,Kano,2026-09-25 08:28:00.160224,0,none
TXN-009959,CUST-00282,2005118,MERCH-0058,Abuja,2026-10-02 11:55:00.562370,0,none
TXN-001170,CUST-00430,2885749,MERCH-0087,Lagos,2026-09-27 18:22:00.285910,0,none
TXN-002529,CUST-00358,916157,MERCH-0090,Enugu,2026-08-11 17:34:00.108910,0,none
TXN-001207,CUST-00262,850622,MERCH-0006,Ibadan,2026-09-10 12:23:00.990054,0,none
TXN-006257,CUST-00081,2241026,MERCH-0038,Kano,2026-07-26 08:20:00.151109,0,none
TXN-009076,CUST-00476,1610109,MERCH-0032,Lagos,2026-07-11 13:23:00.232437,0,none
TXN-005470,CUST-00101,2056873,MERCH-0018,Enugu,2026-09-22 11:06:00.581129,0,none
TXN-BURST-TXN-001952-0,CUST-00258,2797248,MERCH-0045,Kano,2026-07-13 19:36:30.207999,1,velocity_burst
TXN-007853,CUST-00196,5407211,MERCH-0034,Kaduna,2026-08-12 22:50:00.935543,0,none
TXN-000432,CUST-00134,4251294,MERCH-0065,Benin City,2026-08-03 01:23:00.280443,1,off_hours
TXN-008253,CUST-00197,2037465,MERCH-0063,Kaduna,2026-08-12 15:01:00.420876,0,none
TXN-007872,CUST-00329,4671795,MERCH-0016,Ibadan,2026-09-15 14:03:00.094159,0,none
TXN-000868,CUST-00301,887115,MERCH-0011,Benin City,2026-09-30 09:15:00.387424,0,none
TXN-002975,CUST-00290,4352179,MERCH-0032,Kano,2026-09-09 12:36:00.111855,0,none
TXN-005237,CUST-00498,4941357,MERCH-0065,Kano,2026-09-03 12:32:00.655788,0,none
TXN-005094,CUST-00275,4490289,MERCH-0005,Enugu,2026-09-08 17:35:00.358532,0,none
TXN-005434,CUST-00442,2733357,MERCH-0023,Port Harcourt,2026-07-21 09:22:00.308916,0,none
TXN-000542,CUST-00165,1808288,MERCH-0085,Port Harcourt,2026-09-21 08:37:00.754523,0,none
TXN-005196,CUST-00368,4111734,MERCH-0020,Enugu,2026-09-17 14:59:00.136918,0,none
TXN-001133,CUST-00283,2558398,MERCH-0024,Kaduna,2026-08-17 19:39:00.009983,0,none
TXN-BURST-TXN-004521-1,CUST-00184,4484037,MERCH-0083,Abuja,2026-09-30 18:15:00.025986,1,velocity_burst
TXN-004502,CUST-00057,4665783,MERCH-0058,Benin City,2026-08-30 13:50:00.235861,1,velocity_burst
TXN-006355,CUST-00162,1189671,MERCH-0023,Kano,2026-07-17 11:56:00.872957,0,none
TXN-009670,CUST-00434,2698706,MERCH-0003,Ibadan,2026-07-22 08:11:00.326977,0,none
TXN-003391,CUST-00451,1292668,MERCH-0036,Kano,2026-09-16 11:59:00.825448,0,none
TXN-003889,CUST-00224,1767086,MERCH-0054,Enugu,2026-09-03 09:41:00.217894,0,none
TXN-002963,CUST-00153,3702296,MERCH-0076,Kaduna,2026-08-19 10:26:00.373939,0,none
TXN-004156,CUST-00210,122298408,MERCH-0031,Benin City,2026-09-01 18:01:00.582141,1,amount_anomaly
TXN-003260,CUST-00011,72635264,MERCH-0051,Abuja,2026-08-27 19:15:00.231189,1,amount_anomaly
TXN-006303,CUST-00206,3557983,MERCH-0011,Kano,2026-09-13 18:03:00.780051,0,none
TXN-006035,CUST-00086,3083150,MERCH-0031,Abuja,2026-09-06 12:55:00.063471,0,none
TXN-008350,CUST-00015,889180,MERCH-0059,Lagos,2026-09-25 15:31:00.823267,0,none
TXN-007838,CUST-00387,1904190,MERCH-0038,Ibadan,2026-08-17 16:15:00.555453,0,none
TXN-BURST-TXN-008375-1,CUST-00149,1738286,MERCH-0069,Port Harcourt,2026-08-28 06:06:00.270014,1,velocity_burst
TXN-002584,CUST-00369,2333487,MERCH-0008,Lagos,2026-09-20 12:27:00.667007,0,none
TXN-002814,CUST-00113,1554996,MERCH-0033,Kano,2026-08-19 17:41:00.039371,0,none
TXN-003960,CUST-00153,2586896,MERCH-0032,Kaduna,2026-09-22 06:28:00.213367,0,none
TXN-002948,CUST-00323,2725010,MERCH-0012,Kaduna,2026-09-02 15:15:00.949444,1,velocity_burst
TXN-006644,CUST-00281,1587837,MERCH-0030,Kano,2026-07-22 14:00:00.213853,0,none
TXN-006842,CUST-00253,3651345,MERCH-0085,Kano,2026-07-09 11:52:00.438465,0,none
TXN-008599,CUST-00473,3115391,MERCH-0068,Port Harcourt,2026-08-10 17:16:00.007123,0,none
TXN-003587,CUST-00491,3507126,MERCH-0063,Abuja,2026-07-11 11:22:00.241478,0,none
TXN-008388,CUST-00362,1856509,MERCH-0092,Lagos,2026-09-30 13:10:00.653461,0,none
TXN-002564,CUST-00099,4700227,MERCH-0016,Lagos,2026-08-03 14:43:00.196453,0,none
TXN-005037,CUST-00297,4362615,MERCH-0011,Enugu,2026-10-05 21:04:00.766329,0,none
TXN-001081,CUST-00434,1809342,MERCH-0047,Ibadan,2026-08-19 19:43:00.021274,0,none
TXN-005892,CUST-00252,4294099,MERCH-0059,Lagos,2026-07-16 17:59:00.729393,0,none
TXN-004967,CUST-00361,3370171,MERCH-0012,Ibadan,2026-07-09 09:32:00.346719,0,none
TXN-002024,CUST-00439,2127433,MERCH-0038,Ibadan,2026-10-02 15:09:00.357285,0,none
TXN-009314,CUST-00105,1452789,MERCH-0059,Lagos,2026-07-16 11:59:00.627236,0,none
TXN-007910,CUST-00448,4881056,MERCH-0034,Kaduna,2026-08-20 10:28:00.772853,0,none
TXN-009032,CUST-00314,565639,MERCH-0059,Port Harcourt,2026-08-27 09:23:00.880910,0,none
TXN-007322,CUST-00372,764958,MERCH-0036,Kano,2026-08-19 18:53:00.391952,0,none
TXN-000227,CUST-00108,983182,MERCH-0056,Lagos,2026-08-23 15:20:00.339078,0,none
TXN-001014,CUST-00257,7939631,MERCH-0072,Kano,2026-10-04 14:25:00.230248,0,none
TXN-001930,CUST-00228,4117101,MERCH-0039,Port Harcourt,2026-07-08 14:54:00.718186,0,none
TXN-005252,CUST-00470,2464160,MERCH-0095,Benin City,2026-10-02 19:04:00.637911,0,none
TXN-002180,CUST-00092,3465800,MERCH-0057,Lagos,2026-07-11 11:12:00.366423,0,none
TXN-000698,CUST-00250,2405729,MERCH-0085,Kano,2026-08-02 15:32:00.348160,0,none
TXN-001125,CUST-00066,18738500,MERCH-0100,Lagos,2026-09-26 16:16:00.179986,1,amount_anomaly
TXN-007379,CUST-00321,3205311,MERCH-0035,Benin City,2026-09-17 11:27:00.954435,0,none
TXN-008517,CUST-00372,1084835,MERCH-0008,Kano,2026-08-19 14:53:00.208743,0,none
TXN-005111,CUST-00059,718764,MERCH-0020,Benin City,2026-09-08 18:37:00.965938,0,none
TXN-007903,CUST-00481,5292376,MERCH-0007,Lagos,2026-09-27 10:43:00.150654,0,none
TXN-001779,CUST-00363,2982950,MERCH-0023,Enugu,2026-07-12 20:06:00.335490,1,velocity_burst
TXN-008288,CUST-00498,3764983,MERCH-0051,Kano,2026-09-12 17:15:00.409001,0,none
TXN-002635,CUST-00086,1451221,MERCH-0011,Abuja,2026-09-19 10:04:00.426451,0,none
TXN-007545,CUST-00118,2058729,MERCH-0047,Enugu,2026-08-12 17:55:00.020765,0,none
TXN-007605,CUST-00055,1420184,MERCH-0029,Enugu,2026-07-17 15:26:00.588459,0,none
TXN-003490,CUST-00034,1613371,MERCH-0034,Abuja,2026-07-14 15:35:00.101349,0,none
TXN-001038,CUST-00486,4340980,MERCH-0039,Kano,2026-09-02 17:36:00.016351,0,none
TXN-008489,CUST-00372,744232,MERCH-0008,Kano,2026-07-26 09:07:00.970110,0,none
TXN-002650,CUST-00288,5325256,MERCH-0072,Lagos,2026-09-23 09:01:00.527833,0,none
TXN-002980,CUST-00286,154845064,MERCH-0058,Kaduna,2026-07-07 10:25:00.137783,1,amount_anomaly
TXN-002548,CUST-00135,1792774,MERCH-0052,Abuja,2026-07-25 09:48:00.534226,0,none
TXN-005133,CUST-00254,3672574,MERCH-0058,Lagos,2026-09-28 08:37:00.769742,0,none
TXN-002160,CUST-00061,2687743,MERCH-0050,Enugu,2026-09-06 13:23:00.542817,0,none
TXN-006446,CUST-00197,1612318,MERCH-0026,Kaduna,2026-07-29 20:40:00.803942,0,none
TXN-003968,CUST-00237,1357050,MERCH-0070,Port Harcourt,2026-08-31 12:53:00.732563,0,none
TXN-001429,CUST-00301,462845,MERCH-0019,Benin City,2026-09-17 14:25:00.960730,0,none
TXN-008724,CUST-00452,4780461,MERCH-0057,Ibadan,2026-09-01 13:06:00.544646,0,none
TXN-002521,CUST-00170,2161173,MERCH-0089,Kano,2026-09-25 10:30:00.289214,0,none
TXN-008034,CUST-00198,1447820,MERCH-0092,Kaduna,2026-08-21 12:30:00.308923,0,none
TXN-009885,CUST-00366,811299,MERCH-0057,Port Harcourt,2026-07-30 08:27:00.064188,0,none
TXN-BURST-TXN-005786-1,CUST-00013,4043120,MERCH-0012,Enugu,2026-08-24 10:02:00.267955,1,velocity_burst
TXN-000449,CUST-00480,64474647,MERCH-0100,Enugu,2026-08-27 21:43:00.375890,1,amount_anomaly
TXN-008794,CUST-00166,520350,MERCH-0043,Kano,2026-08-18 17:47:00.394876,0,none
TXN-005996,CUST-00154,5779657,MERCH-0096,Enugu,2026-08-17 04:06:00.807873,1,off_hours
TXN-008340,CUST-00417,601489,MERCH-0088,Abuja,2026-09-22 17:32:00.929726,0,none
TXN-003728,CUST-00288,1253696,MERCH-0072,Lagos,2026-08-18 11:00:00.384804,0,none
TXN-007354,CUST-00271,755244,MERCH-0082,Kano,2026-07-13 17:27:00.902454,0,none
TXN-006280,CUST-00051,4661271,MERCH-0095,Enugu,2026-07-10 18:13:00.965397,0,none
TXN-009267,CUST-00138,1441616,MERCH-0016,Benin City,2026-09-01 12:47:00.867465,0,none
TXN-007296,CUST-00411,2643753,MERCH-0082,Ibadan,2026-09-20 20:12:00.590111,0,none
TXN-006252,CUST-00167,2775861,MERCH-0024,Abuja,2026-09-17 17:03:00.800589,0,none
TXN-005927,CUST-00430,3197453,MERCH-0081,Lagos,2026-09-29 19:31:00.175093,0,none
TXN-002461,CUST-00073,2599365,MERCH-0036,Enugu,2026-08-02 09:58:00.503815,0,none
TXN-000023,CUST-00165,1928781,MERCH-0084,Port Harcourt,2026-10-05 08:11:00.091442,0,none
TXN-002067,CUST-00274,1130412,MERCH-0035,Ibadan,2026-08-07 18:22:00.923115,0,none
TXN-001654,CUST-00117,4719887,MERCH-0042,Lagos,2026-09-02 11:09:00.727653,0,none
TXN-001377,CUST-00146,5292911,MERCH-0045,Kaduna,2026-07-10 19:18:00.067739,0,none
TXN-001725,CUST-00371,4523505,MERCH-0073,Benin City,2026-08-24 17:35:00.028365,0,none
TXN-003755,CUST-00104,4334641,MERCH-0020,Ibadan,2026-07-13 11:19:00.786053,0,none
TXN-004184,CUST-00411,2583122,MERCH-0004,Ibadan,2026-07-27 14:16:00.745493,0,none
TXN-004083,CUST-00069,2623556,MERCH-0092,Lagos,2026-09-10 13:46:00.630515,0,none
TXN-006580,CUST-00051,3019861,MERCH-0022,Enugu,2026-07-12 16:29:00.539125,0,none
TXN-004559,CUST-00435,2393433,MERCH-0014,Lagos,2026-07-24 08:47:00.055141,0,none
TXN-003538,CUST-00336,3260714,MERCH-0007,Port Harcourt,2026-07-16 20:37:00.740791,0,none
TXN-007004,CUST-00371,4473528,MERCH-0050,Benin City,2026-08-05 19:59:00.237811,0,none
TXN-009811,CUST-00117,2518622,MERCH-0017,Lagos,2026-08-20 17:03:00.800550,0,none
TXN-000647,CUST-00087,4440924,MERCH-0091,Kaduna,2026-08-17 17:00:00.166726,0,none
TXN-006382,CUST-00049,2908983,MERCH-0017,Port Harcourt,2026-07-20 13:14:00.202218,0,none
TXN-007528,CUST-00412,5257129,MERCH-0045,Kaduna,2026-09-20 20:29:00.258827,0,none
TXN-BURST-TXN-001246-1,CUST-00167,2872323,MERCH-0040,Abuja,2026-07-18 13:38:00.327309,1,velocity_burst
TXN-007166,CUST-00493,3460578,MERCH-0062,Ibadan,2026-09-13 10:38:00.095579,0,none
TXN-008295,CUST-00498,5036452,MERCH-0051,Kano,2026-09-11 22:55:00.857348,1,velocity_burst
TXN-007698,CUST-00455,3675011,MERCH-0043,Ibadan,2026-08-16 13:38:00.091482,0,none
TXN-009745,CUST-00133,1697410,MERCH-0009,Kaduna,2026-07-31 18:53:00.866958,0,none
TXN-004876,CUST-00057,4968833,MERCH-0058,Benin City,2026-07-07 15:24:00.934159,0,none
TXN-008907,CUST-00233,515741,MERCH-0092,Ibadan,2026-09-03 19:08:00.458888,0,none
TXN-005342,CUST-00080,1438891,MERCH-0002,Port Harcourt,2026-08-13 19:58:00.757959,0,none
TXN-007032,CUST-00347,4217137,MERCH-0093,Kano,2026-07-08 15:55:00.576127,0,none
TXN-002161,CUST-00298,1798914,MERCH-0097,Abuja,2026-08-17 14:45:00.077603,0,none
TXN-000686,CUST-00494,4382939,MERCH-0011,Kaduna,2026-08-12 18:25:00.894478,0,none
TXN-002462,CUST-00326,69397920,MERCH-0084,Lagos,2026-08-27 17:50:00.587847,1,amount_anomaly
TXN-007129,CUST-00017,1079220,MERCH-0077,Ibadan,2026-09-05 17:53:00.831620,0,none
TXN-006268,CUST-00437,1893602,MERCH-0085,Kano,2026-09-14 16:42:00.800581,0,none
TXN-004942,CUST-00250,5079316,MERCH-0085,Kano,2026-09-07 11:47:00.047465,0,none
TXN-005947,CUST-00300,4958732,MERCH-0065,Ibadan,2026-08-31 14:31:00.978732,0,none
TXN-004584,CUST-00028,3954699,MERCH-0034,Enugu,2026-07-25 11:50:00.850410,0,none
TXN-005785,CUST-00123,587965,MERCH-0018,Kano,2026-09-24 13:18:00.457256,0,none
TXN-007570,CUST-00182,1264537,MERCH-0061,Benin City,2026-09-30 11:31:00.990515,0,none
TXN-000522,CUST-00372,536392,MERCH-0008,Kano,2026-07-11 12:48:00.276093,0,none
TXN-003984,CUST-00109,3668586,MERCH-0006,Abuja,2026-09-11 17:22:00.624795,0,none
TXN-009905,CUST-00238,1930946,MERCH-0094,Kaduna,2026-07-19 08:51:00.123405,0,none
TXN-000781,CUST-00323,3682029,MERCH-0094,Kaduna,2026-08-06 18:05:00.810334,0,none
TXN-008531,CUST-00388,1662233,MERCH-0049,Port Harcourt,2026-07-28 15:49:00.304326,0,none
TXN-005608,CUST-00353,2892759,MERCH-0048,Benin City,2026-10-02 16:26:00.826093,0,none
TXN-005979,CUST-00058,2372832,MERCH-0043,Ibadan,2026-07-22 17:07:00.418788,0,none
TXN-003748,CUST-00038,1549502,MERCH-0001,Lagos,2026-09-27 15:31:00.702456,0,none
TXN-002197,CUST-00244,3439166,MERCH-0077,Benin City,2026-08-20 19:14:00.256115,0,none
TXN-BURST-TXN-006297-2,CUST-00281,1267071,MERCH-0013,Kano,2026-08-15 14:25:30.921469,1,velocity_burst
TXN-004286,CUST-00052,2605890,MERCH-0040,Abuja,2026-08-08 16:03:00.473624,0,none
TXN-006980,CUST-00366,1175357,MERCH-0012,Port Harcourt,2026-07-29 18:51:00.185551,0,none
TXN-001828,CUST-00068,1952651,MERCH-0096,Port Harcourt,2026-09-01 20:53:00.470808,0,none
TXN-BURST-TXN-000654-0,CUST-00003,1564906,MERCH-0036,Lagos,2026-08-20 10:41:30.658473,1,velocity_burst
TXN-002377,CUST-00073,2689378,MERCH-0036,Enugu,2026-08-24 10:50:00.499129,0,none
TXN-003840,CUST-00395,1909787,MERCH-0024,Enugu,2026-07-28 09:29:00.245304,0,none
TXN-001247,CUST-00080,728420,MERCH-0002,Port Harcourt,2026-07-13 12:09:00.079462,0,none
TXN-007505,CUST-00351,3185219,MERCH-0009,Abuja,2026-07-30 17:06:00.360633,0,none
TXN-006512,CUST-00466,1552779,MERCH-0033,Lagos,2026-07-09 08:01:00.141685,1,velocity_burst
TXN-005440,CUST-00015,1610774,MERCH-0015,Lagos,2026-08-12 16:51:00.757151,0,none
TXN-009765,CUST-00258,5241012,MERCH-0045,Kano,2026-09-04 20:28:00.302795,0,none
TXN-005511,CUST-00216,4849409,MERCH-0072,Benin City,2026-09-03 09:22:00.894331,0,none
TXN-005331,CUST-00025,1084929,MERCH-0069,Abuja,2026-09-21 18:40:00.582048,0,none
TXN-004532,CUST-00378,4419418,MERCH-0003,Kano,2026-09-26 11:14:00.581169,0,none
TXN-000366,CUST-00211,1710026,MERCH-0013,Kaduna,2026-08-22 10:39:00.804115,0,none
TXN-BURST-TXN-009547-1,CUST-00216,5382974,MERCH-0007,Benin City,2026-08-28 17:08:00.243526,1,velocity_burst
TXN-000148,CUST-00258,3016029,MERCH-0086,Kano,2026-07-28 17:45:00.948853,0,none
TXN-001669,CUST-00426,2434287,MERCH-0092,Benin City,2026-08-22 16:48:00.873457,0,none
TXN-009166,CUST-00008,4286138,MERCH-0090,Port Harcourt,2026-08-16 16:07:00.042162,0,none
TXN-007651,CUST-00269,5119802,MERCH-0024,Kaduna,2026-07-21 18:57:00.331332,0,none
TXN-007789,CUST-00171,1144045,MERCH-0037,Kaduna,2026-09-15 11:03:00.157643,0,none
TXN-003457,CUST-00242,329780,MERCH-0052,Port Harcourt,2026-07-10 20:39:00.252019,0,none
TXN-003272,CUST-00496,2648762,MERCH-0070,Lagos,2026-07-10 23:38:00.561467,1,off_hours
TXN-004941,CUST-00499,2758375,MERCH-0023,Lagos,2026-09-04 10:51:00.384801,0,none
TXN-006231,CUST-00006,4391157,MERCH-0025,Abuja,2026-09-03 06:36:00.805360,0,none
TXN-009229,CUST-00271,723106,MERCH-0086,Kano,2026-09-11 18:12:00.249761,0,none
TXN-008419,CUST-00217,1476203,MERCH-0079,Port Harcourt,2026-08-06 10:20:00.958491,0,none
TXN-003927,CUST-00272,5995130,MERCH-0071,Kaduna,2026-09-05 11:35:00.303150,0,none
TXN-008856,CUST-00394,2221873,MERCH-0034,Kaduna,2026-07-11 16:42:00.821293,0,none
TXN-008081,CUST-00209,4421916,MERCH-0078,Kaduna,2026-08-21 19:22:00.382513,0,none
TXN-000079,CUST-00372,647385,MERCH-0100,Kano,2026-08-24 14:49:00.303788,0,none
TXN-007089,CUST-00183,2079647,MERCH-0085,Enugu,2026-08-31 15:04:00.843428,0,none
TXN-002248,CUST-00181,2884654,MERCH-0024,Kano,2026-08-25 09:52:00.167726,0,none
TXN-008563,CUST-00108,1383721,MERCH-0013,Lagos,2026-09-30 14:04:00.864311,0,none
TXN-BURST-TXN-008537-0,CUST-00482,343422,MERCH-0050,Port Harcourt,2026-09-25 10:48:30.289800,1,velocity_burst
TXN-007452,CUST-00019,5431558,MERCH-0061,Abuja,2026-07-24 06:05:00.378020,0,none
TXN-002280,CUST-00100,4134087,MERCH-0059,Kano,2026-08-13 18:46:00.435569,0,none
TXN-008124,CUST-00077,2892930,MERCH-0068,Ibadan,2026-07-25 17:25:00.704419,0,none
TXN-003898,CUST-00078,6298600,MERCH-0030,Benin City,2026-09-22 10:50:00.093540,0,none
TXN-007178,CUST-00381,3738634,MERCH-0049,Kaduna,2026-07-16 08:00:00.588927,0,none
TXN-009794,CUST-00469,1006535,MERCH-0029,Benin City,2026-08-15 10:57:00.927704,0,none
TXN-003632,CUST-00019,5248367,MERCH-0071,Abuja,2026-08-27 19:25:00.230100,0,none
TXN-008937,CUST-00386,1431762,MERCH-0098,Kaduna,2026-07-21 19:46:00.972644,0,none
TXN-006273,CUST-00415,414135,MERCH-0036,Kano,2026-07-17 14:29:00.451631,0,none
TXN-000393,CUST-00374,1236803,MERCH-0050,Ibadan,2026-08-04 15:27:00.139818,0,none
TXN-003192,CUST-00048,4163399,MERCH-0080,Ibadan,2026-08-25 11:25:00.348806,0,none
TXN-000017,CUST-00378,2208323,MERCH-0003,Kano,2026-09-20 11:05:00.984823,0,none
TXN-004201,CUST-00076,2991051,MERCH-0038,Kaduna,2026-07-22 09:56:00.726318,0,none
TXN-002673,CUST-00411,3058211,MERCH-0082,Ibadan,2026-07-15 16:14:00.471148,0,none
TXN-006165,CUST-00010,2545090,MERCH-0041,Ibadan,2026-07-31 14:31:00.484811,0,none
TXN-003494,CUST-00096,4912120,MERCH-0097,Lagos,2026-08-10 10:47:00.719143,0,none
TXN-007395,CUST-00272,4238116,MERCH-0068,Kaduna,2026-07-18 11:28:00.800096,0,none
TXN-004840,CUST-00337,3572259,MERCH-0002,Kaduna,2026-09-01 19:18:00.062339,0,none
TXN-000594,CUST-00122,1244346,MERCH-0015,Lagos,2026-10-01 16:00:00.396080,0,none
TXN-009650,CUST-00334,1409641,MERCH-0032,Kano,2026-09-18 16:26:00.087045,0,none
TXN-005828,CUST-00047,2758385,MERCH-0091,Abuja,2026-08-12 15:04:00.953266,0,none
TXN-007962,CUST-00066,1226711,MERCH-0026,Lagos,2026-08-28 10:32:00.683768,0,none
TXN-005888,CUST-00498,4117486,MERCH-0065,Kano,2026-09-17 19:32:00.666200,0,none
TXN-002356,CUST-00310,1908249,MERCH-0055,Abuja,2026-10-04 10:30:00.889443,0,none
TXN-006037,CUST-00056,2640381,MERCH-0060,Kano,2026-09-04 18:51:00.152035,0,none
TXN-004799,CUST-00002,3787098,MERCH-0030,Abuja,2026-08-17 09:13:00.454377,0,none
TXN-BURST-TXN-003769-2,CUST-00452,2619229,MERCH-0059,Ibadan,2026-08-09 18:45:30.517067,1,velocity_burst
TXN-004593,CUST-00244,5512495,MERCH-0028,Benin City,2026-07-24 16:40:00.467458,0,none
TXN-000164,CUST-00047,1479971,MERCH-0067,Abuja,2026-07-19 11:11:00.384871,0,none
TXN-009595,CUST-00187,1661545,MERCH-0007,Enugu,2026-08-17 17:25:00.834187,0,none
TXN-009774,CUST-00163,2471073,MERCH-0048,Lagos,2026-08-02 15:58:00.357750,1,velocity_burst
TXN-BURST-TXN-003316-2,CUST-00451,1434915,MERCH-0065,Kano,2026-07-14 11:17:30.213567,1,velocity_burst
TXN-007381,CUST-00186,3872203,MERCH-0006,Lagos,2026-08-09 09:38:00.676789,0,none
TXN-006357,CUST-00283,2170801,MERCH-0056,Kaduna,2026-07-19 08:14:00.780787,0,none
TXN-005543,CUST-00172,6288651,MERCH-0057,Ibadan,2026-09-21 20:37:00.881951,0,none
TXN-006008,CUST-00359,2958097,MERCH-0100,Benin City,2026-07-14 10:33:00.372528,0,none
TXN-007994,CUST-00189,1634187,MERCH-0024,Port Harcourt,2026-08-06 11:45:00.051239,0,none
TXN-007639,CUST-00018,3472023,MERCH-0011,Abuja,2026-08-23 19:54:00.018263,0,none
TXN-006794,CUST-00347,1897942,MERCH-0087,Kano,2026-07-19 01:26:00.914406,1,off_hours
TXN-007759,CUST-00472,622330,MERCH-0007,Port Harcourt,2026-08-18 10:26:00.508902,0,none
TXN-004838,CUST-00263,4910215,MERCH-0016,Ibadan,2026-08-27 15:09:00.390101,0,none
TXN-002294,CUST-00115,2567446,MERCH-0007,Enugu,2026-07-18 15:40:00.879630,0,none
TXN-006549,CUST-00222,4267152,MERCH-0040,Port Harcourt,2026-08-14 16:36:00.989777,0,none
TXN-007899,CUST-00488,2942007,MERCH-0021,Benin City,2026-07-13 02:30:00.339319,1,off_hours
TXN-004482,CUST-00436,4842668,MERCH-0071,Abuja,2026-08-06 21:10:00.734642,0,none
TXN-003717,CUST-00009,1290936,MERCH-0035,Abuja,2026-08-03 14:09:00.151186,0,none
TXN-006141,CUST-00201,3558827,MERCH-0074,Port Harcourt,2026-09-01 10:08:00.683579,0,none
TXN-001550,CUST-00427,4461207,MERCH-0036,Abuja,2026-09-26 15:25:00.930419,0,none
TXN-002045,CUST-00185,5731782,MERCH-0092,Kaduna,2026-08-07 09:20:00.463676,0,none
TXN-000768,CUST-00079,5915068,MERCH-0095,Abuja,2026-09-21 12:19:00.342772,0,none
TXN-005694,CUST-00343,1438847,MERCH-0095,Ibadan,2026-08-29 02:10:00.628093,1,off_hours
TXN-007871,CUST-00163,2141522,MERCH-0048,Lagos,2026-08-20 11:46:00.257303,0,none
TXN-007858,CUST-00015,1698895,MERCH-0001,Lagos,2026-07-16 10:31:00.725676,0,none
TXN-003303,CUST-00461,1238460,MERCH-0098,Kano,2026-07-25 15:43:00.490849,0,none
TXN-004518,CUST-00138,1401115,MERCH-0086,Benin City,2026-07-07 16:49:00.289297,0,none
TXN-009406,CUST-00361,3489849,MERCH-0088,Ibadan,2026-09-24 08:49:00.363444,0,none
TXN-003293,CUST-00195,2943266,MERCH-0024,Benin City,2026-09-24 09:48:00.453451,0,none
TXN-001404,CUST-00400,983007,MERCH-0012,Enugu,2026-09-06 13:42:00.541420,0,none
TXN-001383,CUST-00109,4458357,MERCH-0042,Abuja,2026-07-25 08:12:00.330961,0,none
TXN-006929,CUST-00250,4999671,MERCH-0018,Kano,2026-07-21 17:21:00.676926,0,none
TXN-005672,CUST-00134,4653193,MERCH-0078,Benin City,2026-09-28 14:06:00.026345,0,none
TXN-001639,CUST-00372,828492,MERCH-0008,Kano,2026-08-20 20:46:00.189636,0,none
TXN-006908,CUST-00498,2092890,MERCH-0047,Kano,2026-09-22 14:11:00.870189,0,none
TXN-006407,CUST-00111,3057095,MERCH-0019,Kano,2026-09-12 13:44:00.824061,0,none
TXN-001180,CUST-00005,3762345,MERCH-0078,Abuja,2026-08-04 12:31:00.443687,0,none
TXN-005449,CUST-00354,1309277,MERCH-0053,Kaduna,2026-08-05 17:41:00.867314,0,none
TXN-005079,CUST-00079,4238369,MERCH-0093,Abuja,2026-08-20 14:59:00.802649,0,none
TXN-005176,CUST-00140,4544023,MERCH-0072,Kano,2026-09-02 04:46:00.907105,1,off_hours
TXN-000690,CUST-00224,1839880,MERCH-0054,Enugu,2026-09-26 17:54:00.385302,0,none
TXN-009174,CUST-00207,1911602,MERCH-0070,Port Harcourt,2026-09-22 18:28:00.842598,0,none
TXN-006526,CUST-00366,1347074,MERCH-0017,Port Harcourt,2026-07-13 13:25:00.812213,0,none
TXN-BURST-TXN-004224-0,CUST-00456,5844309,MERCH-0029,Kaduna,2026-08-18 13:55:30.255576,1,velocity_burst
TXN-006489,CUST-00268,3230873,MERCH-0098,Ibadan,2026-09-30 17:14:00.584986,0,none
TXN-007155,CUST-00113,927471,MERCH-0026,Kano,2026-07-26 14:36:00.038153,0,none
TXN-008726,CUST-00265,5006180,MERCH-0013,Kaduna,2026-08-14 11:32:00.732417,0,none
TXN-006611,CUST-00407,1774825,MERCH-0078,Ibadan,2026-08-31 14:54:00.223014,0,none
TXN-008879,CUST-00190,1961043,MERCH-0022,Abuja,2026-09-25 19:57:00.816536,0,none
TXN-004350,CUST-00413,1123262,MERCH-0028,Port Harcourt,2026-08-19 16:34:00.473584,0,none
TXN-001885,CUST-00186,2076590,MERCH-0066,Lagos,2026-09-03 08:41:00.451256,0,none
TXN-008953,CUST-00426,2719782,MERCH-0100,Benin City,2026-07-21 20:29:00.520074,0,none
TXN-002495,CUST-00356,5336862,MERCH-0036,Enugu,2026-08-26 18:32:00.639246,0,none
TXN-005948,CUST-00439,3374858,MERCH-0038,Ibadan,2026-08-15 16:40:00.093211,0,none
TXN-003037,CUST-00252,3297184,MERCH-0032,Lagos,2026-09-20 12:48:00.307244,0,none
TXN-005778,CUST-00212,5052514,MERCH-0093,Enugu,2026-09-20 13:15:00.232582,0,none
TXN-000846,CUST-00169,5017446,MERCH-0044,Abuja,2026-07-31 11:40:00.759507,0,none
TXN-007968,CUST-00449,1316422,MERCH-0032,Ibadan,2026-09-09 14:42:00.436287,0,none
TXN-008789,CUST-00246,1498237,MERCH-0092,Kano,2026-08-28 18:52:00.412679,0,none
TXN-007341,CUST-00243,1448407,MERCH-0018,Port Harcourt,2026-08-22 20:03:00.970049,0,none
TXN-009335,CUST-00118,2176511,MERCH-0035,Enugu,2026-08-13 11:08:00.922777,0,none
TXN-008591,CUST-00031,1424557,MERCH-0006,Kano,2026-09-25 15:51:00.957438,0,none
TXN-007138,CUST-00337,5351353,MERCH-0047,Kaduna,2026-08-22 14:44:00.985639,0,none
TXN-002965,CUST-00192,4245949,MERCH-0078,Benin City,2026-09-20 17:23:00.554144,0,none
TXN-002530,CUST-00055,3057578,MERCH-0055,Enugu,2026-09-17 14:02:00.228735,0,none
TXN-005773,CUST-00276,6232743,MERCH-0082,Enugu,2026-07-23 12:23:00.536696,0,none
TXN-001049,CUST-00220,3423017,MERCH-0018,Benin City,2026-09-09 15:52:00.400002,0,none
TXN-007046,CUST-00290,4289495,MERCH-0033,Kano,2026-08-04 11:58:00.222586,0,none
TXN-001961,CUST-00057,5010436,MERCH-0058,Benin City,2026-10-04 13:29:00.103148,0,none
TXN-002531,CUST-00143,617784,MERCH-0096,Enugu,2026-08-07 08:05:00.778277,0,none
TXN-004918,CUST-00384,1161360,MERCH-0034,Kano,2026-09-26 15:32:00.195405,0,none
TXN-005902,CUST-00409,1204933,MERCH-0068,Kano,2026-08-25 19:15:00.294260,0,none
TXN-008287,CUST-00376,1801562,MERCH-0008,Kaduna,2026-09-01 09:50:00.500028,0,none
TXN-004260,CUST-00067,1286785,MERCH-0073,Lagos,2026-08-03 08:59:00.299778,0,none
TXN-005657,CUST-00297,7806988,MERCH-0090,Enugu,2026-08-29 21:38:00.726052,0,none
TXN-006098,CUST-00107,4633353,MERCH-0092,Abuja,2026-07-15 17:24:00.550296,0,none
TXN-005908,CUST-00374,3102300,MERCH-0023,Ibadan,2026-09-18 17:00:00.734954,0,none
TXN-007374,CUST-00486,1785754,MERCH-0039,Kano,2026-07-19 16:31:00.584109,0,none
TXN-002979,CUST-00287,1499891,MERCH-0050,Enugu,2026-09-07 17:01:00.147141,0,none
TXN-009183,CUST-00393,2505463,MERCH-0038,Kaduna,2026-08-26 10:22:00.457845,0,none
TXN-009636,CUST-00139,658422,MERCH-0074,Enugu,2026-09-29 09:57:00.361138,0,none
TXN-006722,CUST-00074,3687464,MERCH-0046,Kaduna,2026-10-04 10:27:00.378989,0,none
TXN-007843,CUST-00263,6951120,MERCH-0095,Ibadan,2026-07-17 16:38:00.870023,0,none
TXN-008265,CUST-00256,5134577,MERCH-0039,Kano,2026-07-30 14:57:00.291485,0,none
TXN-009083,CUST-00474,5462494,MERCH-0052,Kano,2026-07-15 09:08:00.256667,0,none
TXN-003139,CUST-00418,1166474,MERCH-0036,Kaduna,2026-10-05 10:12:00.610790,0,none
TXN-008326,CUST-00229,3273561,MERCH-0036,Ibadan,2026-08-07 17:06:00.932696,0,none
TXN-BURST-TXN-008295-0,CUST-00498,5036452,MERCH-0051,Kano,2026-09-11 22:55:30.857348,1,velocity_burst
TXN-001827,CUST-00458,3511107,MERCH-0025,Kano,2026-08-28 19:54:00.144523,0,none
TXN-005549,CUST-00480,1659898,MERCH-0056,Enugu,2026-08-10 08:09:00.115130,0,none
TXN-000561,CUST-00412,3662806,MERCH-0021,Kaduna,2026-08-14 10:26:00.827369,0,none
TXN-009126,CUST-00217,1754299,MERCH-0080,Port Harcourt,2026-09-06 11:12:00.190023,0,none
TXN-008436,CUST-00038,1836200,MERCH-0043,Lagos,2026-08-26 11:19:00.907473,0,none
TXN-005436,CUST-00314,726164,MERCH-0059,Port Harcourt,2026-08-29 15:59:00.985149,0,none
TXN-004438,CUST-00315,6464253,MERCH-0035,Kaduna,2026-10-01 07:07:00.057051,0,none
TXN-001443,CUST-00011,2056231,MERCH-0084,Abuja,2026-07-26 17:18:00.644548,0,none
TXN-008454,CUST-00258,2034847,MERCH-0083,Kano,2026-09-15 11:22:00.045360,0,none
TXN-004407,CUST-00310,2142419,MERCH-0054,Abuja,2026-09-28 15:11:00.282923,0,none
TXN-009876,CUST-00084,2157993,MERCH-0077,Ibadan,2026-08-27 20:06:00.247649,0,none
TXN-001690,CUST-00061,5020860,MERCH-0001,Enugu,2026-07-12 15:37:00.006626,0,none
TXN-BURST-TXN-005743-2,CUST-00040,527008,MERCH-0019,Kano,2026-10-02 18:07:30.584061,1,velocity_burst
TXN-009321,CUST-00199,4750488,MERCH-0026,Kano,2026-08-15 11:06:00.123394,0,none
TXN-005963,CUST-00176,3604912,MERCH-0092,Benin City,2026-07-31 18:06:00.646365,0,none
TXN-002497,CUST-00469,1579467,MERCH-0100,Benin City,2026-09-17 18:25:00.941547,0,none
TXN-008499,CUST-00090,2507044,MERCH-0070,Abuja,2026-07-22 14:54:00.630817,0,none
TXN-000341,CUST-00154,3852187,MERCH-0029,Enugu,2026-07-08 21:05:00.925634,0,none
TXN-002409,CUST-00193,541918,MERCH-0050,Kano,2026-07-23 11:16:00.028157,0,none
TXN-009500,CUST-00497,1091199,MERCH-0076,Kaduna,2026-08-18 18:47:00.900224,0,none
TXN-005783,CUST-00301,622291,MERCH-0094,Benin City,2026-08-09 13:56:00.984977,0,none
TXN-004577,CUST-00121,4045087,MERCH-0048,Kaduna,2026-07-15 13:19:00.678075,0,none
TXN-003726,CUST-00004,2754061,MERCH-0014,Kano,2026-09-11 18:20:00.264074,0,none
TXN-002786,CUST-00349,2101852,MERCH-0092,Kaduna,2026-07-26 18:50:00.392480,0,none
TXN-001013,CUST-00241,681808,MERCH-0058,Ibadan,2026-09-29 08:55:00.495185,0,none
TXN-005281,CUST-00359,3332696,MERCH-0018,Benin City,2026-10-04 15:55:00.363137,0,none
TXN-004896,CUST-00264,3288186,MERCH-0042,Kaduna,2026-08-25 11:36:00.601675,0,none
TXN-007122,CUST-00022,2555703,MERCH-0005,Ibadan,2026-08-31 06:42:00.941973,0,none
TXN-006550,CUST-00455,3877325,MERCH-0043,Ibadan,2026-08-09 17:39:00.170091,0,none
TXN-004038,CUST-00162,1255444,MERCH-0092,Kano,2026-08-28 14:11:00.102780,0,none
TXN-000149,CUST-00333,2026091,MERCH-0028,Kaduna,2026-07-24 14:08:00.821275,0,none
TXN-000286,CUST-00233,1024586,MERCH-0099,Ibadan,2026-07-21 21:36:00.580943,0,none
TXN-BURST-TXN-000109-0,CUST-00305,3116284,MERCH-0085,Enugu,2026-09-12 12:39:30.586306,1,velocity_burst
TXN-008873,CUST-00269,5528810,MERCH-0018,Kaduna,2026-07-26 09:29:00.874876,0,none
TXN-006771,CUST-00004,2548339,MERCH-0098,Kano,2026-09-25 00:17:00.512111,1,off_hours
TXN-004444,CUST-00051,2365033,MERCH-0095,Enugu,2026-10-04 11:11:00.062813,0,none
TXN-007447,CUST-00412,4220516,MERCH-0096,Kaduna,2026-09-17 13:48:00.374044,0,none
TXN-000237,CUST-00160,880875,MERCH-0079,Lagos,2026-09-25 20:34:00.380888,0,none
TXN-009932,CUST-00209,2968746,MERCH-0041,Kaduna,2026-09-10 20:29:00.068557,0,none
TXN-007124,CUST-00476,1177603,MERCH-0032,Lagos,2026-08-29 15:23:00.228155,0,none
TXN-008658,CUST-00026,2017417,MERCH-0071,Kaduna,2026-09-09 13:50:00.464326,0,none
TXN-003084,CUST-00492,2306176,MERCH-0032,Port Harcourt,2026-07-30 11:21:00.140204,0,none
TXN-000633,CUST-00092,2697465,MERCH-0084,Lagos,2026-08-15 17:08:00.085786,0,none
TXN-006814,CUST-00456,3809229,MERCH-0085,Kaduna,2026-08-29 10:35:00.950295,0,none
TXN-002494,CUST-00330,872343,MERCH-0014,Enugu,2026-08-14 11:53:00.499631,0,none
TXN-002666,CUST-00191,5498734,MERCH-0052,Benin City,2026-07-19 13:16:00.439322,0,none
TXN-008799,CUST-00011,2190936,MERCH-0064,Abuja,2026-09-03 15:24:00.582899,0,none
TXN-008727,CUST-00328,4062360,MERCH-0013,Enugu,2026-10-04 19:34:00.162385,0,none
TXN-008776,CUST-00421,6727431,MERCH-0039,Ibadan,2026-08-31 15:48:00.538940,0,none
TXN-004212,CUST-00444,1426469,MERCH-0048,Kano,2026-09-17 14:30:00.092793,0,none
TXN-003875,CUST-00139,439095,MERCH-0046,Enugu,2026-07-19 21:23:00.790623,0,none
TXN-002818,CUST-00055,3268653,MERCH-0100,Enugu,2026-07-20 11:16:00.875612,0,none
TXN-009045,CUST-00130,2393448,MERCH-0096,Kano,2026-08-20 13:34:00.264582,0,none
TXN-BURST-TXN-004099-0,CUST-00315,5527634,MERCH-0070,Kaduna,2026-07-17 13:30:30.809595,1,velocity_burst
TXN-007427,CUST-00009,1021823,MERCH-0035,Abuja,2026-09-06 15:38:00.650867,0,none
TXN-009298,CUST-00096,5343728,MERCH-0097,Lagos,2026-09-09 16:06:00.746816,0,none
TXN-008779,CUST-00031,1068903,MERCH-0006,Kano,2026-07-27 15:26:00.393924,0,none
TXN-009532,CUST-00464,1940340,MERCH-0042,Benin City,2026-09-22 07:36:00.002021,0,none
TXN-001736,CUST-00361,3778016,MERCH-0012,Ibadan,2026-08-24 20:56:00.636828,0,none
TXN-007398,CUST-00426,6000088,MERCH-0024,Benin City,2026-09-05 20:43:00.594241,0,none
TXN-004256,CUST-00482,968131,MERCH-0058,Port Harcourt,2026-07-20 11:47:00.943006,0,none
TXN-008588,CUST-00253,4145571,MERCH-0085,Kano,2026-09-02 16:08:00.480020,0,none
TXN-002476,CUST-00192,5531354,MERCH-0057,Benin City,2026-09-09 18:35:00.925471,0,none
TXN-BURST-TXN-009547-2,CUST-00216,5382974,MERCH-0007,Benin City,2026-08-28 17:08:30.243526,1,velocity_burst
TXN-003714,CUST-00245,3093485,MERCH-0015,Abuja,2026-07-14 14:28:00.799802,0,none
TXN-009305,CUST-00356,5252290,MERCH-0006,Enugu,2026-09-03 12:07:00.310407,0,none
TXN-001805,CUST-00476,1543592,MERCH-0079,Lagos,2026-07-09 15:55:00.377909,0,none
TXN-000708,CUST-00410,1541379,MERCH-0059,Ibadan,2026-08-17 15:13:00.317771,0,none
TXN-009524,CUST-00185,7011896,MERCH-0100,Kaduna,2026-08-05 11:16:00.678723,0,none
TXN-005190,CUST-00210,4238498,MERCH-0041,Benin City,2026-08-07 13:46:00.589760,0,none
TXN-005473,CUST-00019,3736845,MERCH-0017,Abuja,2026-07-14 18:42:00.065440,0,none
TXN-000073,CUST-00286,3089767,MERCH-0056,Kaduna,2026-08-30 18:29:00.330200,0,none
TXN-007844,CUST-00450,3508808,MERCH-0061,Benin City,2026-08-25 11:16:00.268519,0,none
TXN-005102,CUST-00418,817683,MERCH-0084,Kaduna,2026-09-27 17:06:00.597950,0,none
TXN-006765,CUST-00227,6318757,MERCH-0088,Kano,2026-08-19 16:08:00.976191,0,none
TXN-001126,CUST-00064,1313513,MERCH-0042,Enugu,2026-07-12 13:23:00.573335,0,none
TXN-001242,CUST-00091,2013150,MERCH-0030,Lagos,2026-09-07 08:34:00.906592,0,none
TXN-008553,CUST-00217,1302454,MERCH-0036,Port Harcourt,2026-07-14 13:31:00.749943,0,none
TXN-002350,CUST-00299,1452499,MERCH-0067,Enugu,2026-09-10 16:55:00.427516,0,none
TXN-006603,CUST-00464,2167578,MERCH-0015,Benin City,2026-09-23 14:41:00.713490,0,none
TXN-006781,CUST-00310,1895690,MERCH-0054,Abuja,2026-09-05 17:50:00.547379,0,none
TXN-004359,CUST-00427,4459331,MERCH-0058,Abuja,2026-07-20 14:16:00.879659,0,none
TXN-001344,CUST-00239,990317,MERCH-0023,Kano,2026-08-19 18:34:00.120966,0,none
TXN-BURST-TXN-009774-0,CUST-00163,2471073,MERCH-0048,Lagos,2026-08-02 15:58:30.357750,1,velocity_burst
TXN-008993,CUST-00153,4304455,MERCH-0056,Kaduna,2026-07-24 19:47:00.288906,0,none
TXN-009921,CUST-00401,3632822,MERCH-0067,Enugu,2026-08-30 03:42:00.077067,1,off_hours
TXN-006653,CUST-00101,2263652,MERCH-0065,Enugu,2026-09-12 10:21:00.009262,0,none
TXN-001101,CUST-00336,2410683,MERCH-0007,Port Harcourt,2026-09-28 17:18:00.246192,0,none
TXN-007328,CUST-00096,5913255,MERCH-0067,Lagos,2026-09-26 12:26:00.653115,0,none
TXN-007623,CUST-00307,1036991,MERCH-0015,Abuja,2026-07-31 14:30:00.869619,0,none
TXN-000988,CUST-00064,1612241,MERCH-0049,Enugu,2026-08-30 12:47:00.906335,0,none
TXN-002853,CUST-00432,2114841,MERCH-0059,Port Harcourt,2026-07-31 09:04:00.719157,0,none
TXN-000631,CUST-00259,3988169,MERCH-0024,Enugu,2026-07-22 18:23:00.343472,0,none
TXN-001250,CUST-00252,3420953,MERCH-0045,Lagos,2026-09-22 11:41:00.111460,0,none
TXN-003180,CUST-00355,572092,MERCH-0027,Benin City,2026-10-02 18:32:00.614290,0,none
TXN-000483,CUST-00175,4825819,MERCH-0004,Kano,2026-07-30 08:32:00.757827,0,none
TXN-003041,CUST-00174,3852588,MERCH-0067,Kaduna,2026-07-08 17:50:00.361763,0,none
TXN-005011,CUST-00183,3076880,MERCH-0045,Enugu,2026-09-30 15:43:00.134944,0,none
TXN-009042,CUST-00164,2428203,MERCH-0083,Enugu,2026-07-19 11:00:00.955664,0,none
TXN-007001,CUST-00382,1330255,MERCH-0024,Port Harcourt,2026-08-06 18:35:00.034730,0,none
TXN-003274,CUST-00365,766399,MERCH-0083,Ibadan,2026-08-25 09:56:00.291366,0,none
TXN-007228,CUST-00314,930097,MERCH-0099,Port Harcourt,2026-09-01 15:06:00.375220,0,none
TXN-003684,CUST-00100,4017742,MERCH-0019,Kano,2026-07-21 08:07:00.574716,0,none
TXN-006675,CUST-00290,2278892,MERCH-0010,Kano,2026-07-21 19:43:00.440277,0,none
TXN-006808,CUST-00470,2748026,MERCH-0095,Benin City,2026-09-30 17:57:00.916176,0,none
TXN-BURST-TXN-002277-0,CUST-00008,5422279,MERCH-0086,Port Harcourt,2026-08-19 10:22:30.648085,1,velocity_burst
TXN-001317,CUST-00201,3366788,MERCH-0041,Port Harcourt,2026-08-03 19:06:00.717350,0,none
TXN-003226,CUST-00031,1574449,MERCH-0052,Kano,2026-09-04 10:39:00.538192,0,none
TXN-001073,CUST-00355,518864,MERCH-0095,Benin City,2026-08-31 18:21:00.658856,0,none
TXN-004816,CUST-00434,3108863,MERCH-0092,Ibadan,2026-07-28 19:16:00.538841,0,none
TXN-008761,CUST-00218,2173109,MERCH-0044,Abuja,2026-07-31 18:20:00.783425,0,none
TXN-005753,CUST-00426,3475481,MERCH-0024,Benin City,2026-08-03 01:07:00.142916,1,off_hours
TXN-BURST-TXN-004642-2,CUST-00231,2048891,MERCH-0035,Kaduna,2026-09-19 14:59:30.765823,1,velocity_burst
TXN-004617,CUST-00137,768936,MERCH-0096,Kaduna,2026-07-11 06:15:00.550809,0,none
TXN-003098,CUST-00307,885142,MERCH-0015,Abuja,2026-08-23 12:03:00.461630,0,none
TXN-006870,CUST-00439,1893878,MERCH-0006,Ibadan,2026-08-09 19:24:00.330534,0,none
TXN-001301,CUST-00425,4846840,MERCH-0018,Enugu,2026-07-31 19:14:00.393447,0,none
TXN-007286,CUST-00384,2155459,MERCH-0034,Kano,2026-07-14 14:16:00.452349,0,none
TXN-006285,CUST-00306,5412963,MERCH-0001,Ibadan,2026-09-01 20:37:00.223588,0,none
TXN-005496,CUST-00441,3169794,MERCH-0030,Abuja,2026-08-06 14:30:00.932862,0,none
TXN-005292,CUST-00168,3404747,MERCH-0038,Ibadan,2026-08-30 17:59:00.296390,0,none
TXN-001799,CUST-00278,3918244,MERCH-0070,Ibadan,2026-08-13 10:06:00.404615,0,none
TXN-005204,CUST-00411,2062765,MERCH-0004,Ibadan,2026-08-11 14:00:00.856099,0,none
TXN-008228,CUST-00086,2701184,MERCH-0001,Abuja,2026-09-24 14:43:00.441254,0,none
TXN-005048,CUST-00070,1182748,MERCH-0073,Ibadan,2026-10-05 12:02:00.151343,0,none
TXN-006442,CUST-00215,2250650,MERCH-0056,Kaduna,2026-07-16 12:08:00.504107,0,none
TXN-008106,CUST-00128,2184005,MERCH-0077,Ibadan,2026-07-26 13:10:00.697814,0,none
TXN-002360,CUST-00359,4978320,MERCH-0026,Benin City,2026-08-09 19:48:00.349658,0,none
TXN-009717,CUST-00066,1376892,MERCH-0009,Lagos,2026-09-09 15:16:00.860212,0,none
TXN-003655,CUST-00289,1540591,MERCH-0019,Kano,2026-08-20 13:59:00.179040,0,none
TXN-007053,CUST-00112,5100131,MERCH-0086,Ibadan,2026-08-12 08:42:00.117404,0,none
TXN-001287,CUST-00435,4757796,MERCH-0077,Lagos,2026-09-23 12:29:00.515487,0,none
TXN-009455,CUST-00165,567075,MERCH-0040,Port Harcourt,2026-08-19 16:49:00.931764,0,none
TXN-004446,CUST-00206,3847448,MERCH-0011,Kano,2026-08-25 16:54:00.931267,0,none
TXN-002138,CUST-00403,3158700,MERCH-0050,Abuja,2026-08-02 20:26:00.345368,0,none
TXN-006788,CUST-00344,1576043,MERCH-0034,Kano,2026-07-12 13:47:00.868218,0,none
TXN-BURST-TXN-002894-2,CUST-00124,2132490,MERCH-0054,Kaduna,2026-08-16 19:55:30.365420,1,velocity_burst
TXN-008817,CUST-00356,5649292,MERCH-0053,Enugu,2026-08-23 06:42:00.310662,0,none
TXN-009293,CUST-00364,2038089,MERCH-0008,Ibadan,2026-09-13 15:49:00.883658,0,none
TXN-006895,CUST-00378,1782406,MERCH-0003,Kano,2026-07-13 13:14:00.301842,0,none
TXN-008881,CUST-00182,432850,MERCH-0061,Benin City,2026-08-26 20:06:00.379138,0,none
TXN-008565,CUST-00103,4651316,MERCH-0031,Benin City,2026-09-13 00:34:00.365225,1,off_hours
TXN-007152,CUST-00349,3368057,MERCH-0092,Kaduna,2026-09-17 17:02:00.702198,0,none
TXN-000964,CUST-00092,1519522,MERCH-0067,Lagos,2026-08-20 10:57:00.511166,0,none
TXN-006013,CUST-00405,10000,MERCH-0061,Lagos,2026-07-18 18:50:00.754341,0,none
TXN-004883,CUST-00024,2025900,MERCH-0053,Abuja,2026-08-14 11:45:00.662547,0,none
TXN-000141,CUST-00430,4329325,MERCH-0001,Lagos,2026-09-26 16:26:00.965705,0,none
TXN-009360,CUST-00003,1223360,MERCH-0076,Lagos,2026-09-27 17:01:00.515349,0,none
TXN-006937,CUST-00297,4341887,MERCH-0011,Enugu,2026-08-12 15:37:00.083318,0,none
TXN-006543,CUST-00129,1888092,MERCH-0017,Kano,2026-08-04 08:24:00.891455,0,none
TXN-005244,CUST-00332,1079893,MERCH-0084,Kano,2026-08-25 16:06:00.915657,0,none
TXN-004432,CUST-00127,547569,MERCH-0009,Ibadan,2026-07-19 20:10:00.567569,0,none
TXN-000407,CUST-00152,2306065,MERCH-0080,Enugu,2026-09-12 12:50:00.463199,0,none
TXN-008213,CUST-00468,4591300,MERCH-0088,Ibadan,2026-09-11 16:27:00.302298,0,none
TXN-008677,CUST-00038,1661117,MERCH-0099,Lagos,2026-09-04 16:34:00.098569,0,none
TXN-008940,CUST-00163,2483927,MERCH-0021,Lagos,2026-08-10 15:05:00.368496,0,none
TXN-008235,CUST-00088,3389184,MERCH-0055,Abuja,2026-07-17 15:43:00.660288,0,none
TXN-004400,CUST-00296,3564305,MERCH-0049,Kano,2026-09-25 20:07:00.967832,0,none
TXN-005253,CUST-00146,3696580,MERCH-0015,Kaduna,2026-08-18 12:28:00.485965,0,none
TXN-000012,CUST-00241,557473,MERCH-0058,Ibadan,2026-09-12 19:59:00.007701,0,none
TXN-004761,CUST-00487,1988949,MERCH-0077,Kano,2026-07-17 11:27:00.216232,0,none
TXN-001178,CUST-00236,616416,MERCH-0005,Kano,2026-09-02 13:22:00.931067,0,none
TXN-002864,CUST-00203,1695275,MERCH-0020,Lagos,2026-08-20 18:45:00.013268,1,geo_anomaly
TXN-006472,CUST-00075,1998435,MERCH-0067,Benin City,2026-08-20 15:32:00.386437,0,none
TXN-006229,CUST-00086,893178,MERCH-0071,Abuja,2026-09-09 14:46:00.134734,0,none
TXN-002990,CUST-00137,901240,MERCH-0056,Kaduna,2026-08-10 18:35:00.062266,0,none
TXN-007118,CUST-00434,2790224,MERCH-0047,Ibadan,2026-07-10 07:31:00.189610,0,none
TXN-007011,CUST-00120,4194035,MERCH-0016,Enugu,2026-10-03 07:00:00.301271,0,none
TXN-008867,CUST-00095,4723874,MERCH-0099,Abuja,2026-07-25 09:26:00.477523,0,none
TXN-001441,CUST-00141,3542496,MERCH-0083,Ibadan,2026-07-23 19:20:00.194756,0,none
TXN-BURST-TXN-002714-0,CUST-00453,1402712,MERCH-0064,Kaduna,2026-09-14 12:32:30.152874,1,velocity_burst
TXN-002876,CUST-00388,875599,MERCH-0049,Port Harcourt,2026-07-30 07:44:00.472744,0,none
TXN-009427,CUST-00030,3305841,MERCH-0008,Lagos,2026-08-08 10:31:00.476997,0,none
TXN-009243,CUST-00017,2730573,MERCH-0003,Ibadan,2026-08-23 17:56:00.532020,0,none
TXN-007233,CUST-00106,4199746,MERCH-0080,Kano,2026-09-30 11:38:00.836198,0,none
TXN-003727,CUST-00118,2873561,MERCH-0062,Enugu,2026-09-25 08:41:00.487407,0,none
TXN-002773,CUST-00296,3424476,MERCH-0049,Kano,2026-08-09 07:17:00.232414,0,none
TXN-000455,CUST-00373,6798433,MERCH-0085,Kaduna,2026-09-23 20:28:00.164891,0,none
TXN-008190,CUST-00063,2144947,MERCH-0076,Enugu,2026-10-01 18:47:00.843225,0,none
TXN-001368,CUST-00112,3778341,MERCH-0002,Ibadan,2026-09-07 14:44:00.072504,0,none
TXN-003713,CUST-00363,4941982,MERCH-0052,Enugu,2026-09-10 18:25:00.853471,0,none
TXN-BURST-TXN-004822-1,CUST-00405,3175714,MERCH-0096,Lagos,2026-09-29 12:39:00.039639,1,velocity_burst
TXN-001389,CUST-00008,6555199,MERCH-0090,Port Harcourt,2026-08-17 19:38:00.327823,0,none
TXN-001001,CUST-00089,579481,MERCH-0096,Kano,2026-09-01 09:32:00.406118,0,none
TXN-007762,CUST-00453,833249,MERCH-0064,Kaduna,2026-07-14 12:40:00.032274,0,none
TXN-003554,CUST-00031,1157917,MERCH-0077,Kano,2026-08-09 17:36:00.037230,0,none
TXN-004115,CUST-00295,792154,MERCH-0053,Kano,2026-08-13 13:44:00.625700,0,none
TXN-001668,CUST-00161,4224289,MERCH-0042,Enugu,2026-08-30 13:24:00.174123,0,none
TXN-003174,CUST-00488,2364303,MERCH-0024,Benin City,2026-07-25 11:09:00.543839,0,none
TXN-009734,CUST-00497,1541014,MERCH-0094,Kaduna,2026-08-25 13:26:00.548898,0,none
TXN-000489,CUST-00354,1370711,MERCH-0004,Kaduna,2026-09-24 12:45:00.719741,0,none
TXN-003231,CUST-00146,3515591,MERCH-0066,Kaduna,2026-09-23 13:30:00.116685,0,none
TXN-003829,CUST-00113,1231527,MERCH-0089,Kano,2026-08-30 10:46:00.666362,0,none
TXN-008965,CUST-00324,3108191,MERCH-0044,Enugu,2026-08-27 11:17:00.236142,0,none
TXN-005209,CUST-00475,3690721,MERCH-0047,Abuja,2026-09-18 11:37:00.437094,0,none
TXN-007849,CUST-00195,4047224,MERCH-0015,Benin City,2026-08-13 23:29:00.827387,1,off_hours
TXN-005705,CUST-00014,1187589,MERCH-0060,Lagos,2026-08-11 16:17:00.415095,0,none
TXN-009989,CUST-00454,5829732,MERCH-0082,Abuja,2026-07-24 10:39:00.806537,0,none
TXN-008134,CUST-00337,4582487,MERCH-0010,Kaduna,2026-09-18 13:41:00.768121,0,none
TXN-000704,CUST-00241,524857,MERCH-0035,Ibadan,2026-08-25 15:14:00.259548,0,none
TXN-005106,CUST-00212,725252,MERCH-0025,Enugu,2026-09-12 18:18:00.959156,0,none
TXN-009216,CUST-00444,2570173,MERCH-0044,Kano,2026-08-07 20:56:00.786167,0,none
TXN-003292,CUST-00425,5432401,MERCH-0020,Enugu,2026-07-30 21:12:00.653692,0,none
TXN-008126,CUST-00322,4289978,MERCH-0048,Enugu,2026-09-07 13:58:00.178426,0,none
TXN-009980,CUST-00276,4192446,MERCH-0008,Enugu,2026-09-29 21:14:00.103806,0,none
TXN-009815,CUST-00188,4672402,MERCH-0057,Abuja,2026-08-22 20:04:00.941645,0,none
TXN-004910,CUST-00320,1295357,MERCH-0019,Abuja,2026-10-02 18:01:00.854357,0,none
TXN-004441,CUST-00143,1462709,MERCH-0068,Enugu,2026-09-12 09:38:00.557546,0,none
TXN-000987,CUST-00361,5225184,MERCH-0039,Ibadan,2026-08-27 20:57:00.088875,0,none
TXN-009570,CUST-00257,3520938,MERCH-0072,Kano,2026-08-25 13:15:00.248298,0,none
TXN-009390,CUST-00340,4549005,MERCH-0090,Lagos,2026-09-17 13:55:00.133531,0,none
TXN-007706,CUST-00367,1444287,MERCH-0022,Benin City,2026-09-22 10:09:00.065332,0,none
TXN-006258,CUST-00120,4315447,MERCH-0016,Enugu,2026-09-13 07:31:00.950698,0,none
TXN-006090,CUST-00247,4186049,MERCH-0073,Abuja,2026-08-18 18:00:00.094428,0,none
TXN-005239,CUST-00481,4422095,MERCH-0010,Lagos,2026-08-20 08:26:00.017823,0,none
TXN-001199,CUST-00127,570889,MERCH-0009,Ibadan,2026-10-02 17:50:00.931079,0,none
TXN-009398,CUST-00123,1067722,MERCH-0031,Kano,2026-08-04 07:06:00.762591,0,none
TXN-007520,CUST-00068,2578000,MERCH-0100,Port Harcourt,2026-08-26 07:45:00.306385,0,none
TXN-006813,CUST-00324,2626181,MERCH-0071,Enugu,2026-08-06 14:56:00.437849,0,none
TXN-008321,CUST-00274,1355308,MERCH-0011,Ibadan,2026-07-19 12:19:00.942559,0,none
TXN-007176,CUST-00368,7127518,MERCH-0046,Enugu,2026-09-02 16:09:00.281689,0,none
TXN-004471,CUST-00272,5395644,MERCH-0053,Kaduna,2026-08-29 18:20:00.868438,0,none
TXN-000892,CUST-00316,439466,MERCH-0014,Benin City,2026-09-03 22:34:00.990888,0,none
TXN-001970,CUST-00297,5572865,MERCH-0011,Enugu,2026-09-29 11:46:00.173671,0,none
TXN-005758,CUST-00390,3442383,MERCH-0025,Enugu,2026-09-25 14:41:00.538229,0,none
TXN-006528,CUST-00024,1066968,MERCH-0053,Abuja,2026-09-10 02:07:00.682522,1,off_hours
TXN-006295,CUST-00488,3138510,MERCH-0029,Benin City,2026-09-24 10:41:00.425933,0,none
TXN-007596,CUST-00260,3514594,MERCH-0008,Kaduna,2026-08-06 08:06:00.214545,0,none
TXN-003250,CUST-00288,3238307,MERCH-0093,Lagos,2026-09-08 14:12:00.761130,0,none
TXN-006571,CUST-00133,1117909,MERCH-0080,Kaduna,2026-09-03 09:58:00.134036,0,none
TXN-006639,CUST-00452,3529329,MERCH-0074,Ibadan,2026-08-04 15:52:00.977248,0,none
TXN-007352,CUST-00467,3176671,MERCH-0058,Lagos,2026-09-02 12:26:00.132874,0,none
TXN-009503,CUST-00125,1593384,MERCH-0013,Enugu,2026-10-03 12:51:00.007321,0,none
TXN-007474,CUST-00438,5033446,MERCH-0014,Kano,2026-09-18 14:39:00.046221,0,none
TXN-009538,CUST-00331,2763347,MERCH-0018,Abuja,2026-07-30 14:01:00.103468,0,none
TXN-008987,CUST-00377,777022,MERCH-0043,Ibadan,2026-08-29 16:59:00.827236,0,none
TXN-001240,CUST-00460,2979310,MERCH-0062,Kano,2026-08-13 16:03:00.854710,0,none
TXN-002290,CUST-00198,1215488,MERCH-0039,Kaduna,2026-09-29 18:39:00.107787,0,none
TXN-002741,CUST-00083,4511375,MERCH-0088,Abuja,2026-07-21 14:06:00.098467,0,none
TXN-008468,CUST-00424,4546366,MERCH-0065,Abuja,2026-09-26 19:47:00.119147,0,none
TXN-004586,CUST-00276,1756300,MERCH-0008,Enugu,2026-10-02 15:30:00.782830,0,none
TXN-001230,CUST-00293,5147702,MERCH-0038,Ibadan,2026-08-03 17:44:00.935969,0,none
TXN-006981,CUST-00481,3667012,MERCH-0007,Ibadan,2026-09-19 08:36:00.401312,1,geo_anomaly
TXN-005179,CUST-00016,6263899,MERCH-0039,Port Harcourt,2026-09-28 13:20:00.442033,0,none
TXN-004294,CUST-00384,1357194,MERCH-0034,Kano,2026-08-09 18:48:00.139821,0,none
TXN-001059,CUST-00120,2720542,MERCH-0016,Enugu,2026-07-15 08:22:00.794509,0,none
TXN-006263,CUST-00448,3375078,MERCH-0084,Kaduna,2026-08-30 16:22:00.023489,0,none
TXN-000282,CUST-00041,2338707,MERCH-0031,Ibadan,2026-08-20 20:39:00.232617,0,none
TXN-000969,CUST-00466,984046,MERCH-0019,Lagos,2026-08-10 07:00:00.660318,0,none
TXN-003954,CUST-00201,695755,MERCH-0010,Port Harcourt,2026-10-04 14:44:00.249754,0,none
TXN-001940,CUST-00112,4037400,MERCH-0002,Ibadan,2026-09-29 09:36:00.829143,0,none
TXN-009336,CUST-00381,3061068,MERCH-0046,Kaduna,2026-07-07 09:27:00.960614,0,none
TXN-001275,CUST-00002,6201752,MERCH-0065,Abuja,2026-07-25 08:20:00.293309,0,none
TXN-000620,CUST-00439,2050638,MERCH-0053,Ibadan,2026-09-03 19:13:00.327835,0,none
TXN-008810,CUST-00225,4623444,MERCH-0100,Kano,2026-08-25 09:47:00.319879,0,none
TXN-001743,CUST-00373,5349916,MERCH-0021,Kaduna,2026-07-16 12:28:00.003412,0,none
TXN-001391,CUST-00221,1940434,MERCH-0065,Benin City,2026-07-19 18:41:00.585974,0,none
TXN-002204,CUST-00182,1594478,MERCH-0065,Benin City,2026-07-14 00:17:00.447278,1,off_hours
TXN-003569,CUST-00114,3599405,MERCH-0074,Enugu,2026-08-27 06:47:00.023507,0,none
TXN-006117,CUST-00237,1719169,MERCH-0064,Port Harcourt,2026-07-22 10:10:00.845731,0,none
TXN-BURST-TXN-009304-2,CUST-00254,2869346,MERCH-0058,Lagos,2026-07-12 17:00:30.962654,1,velocity_burst
TXN-006053,CUST-00461,1824267,MERCH-0042,Kano,2026-07-21 12:58:00.857527,0,none
TXN-003179,CUST-00258,2495439,MERCH-0083,Kano,2026-08-10 20:13:00.434681,0,none
TXN-003193,CUST-00025,679953,MERCH-0032,Abuja,2026-09-07 12:10:00.177236,0,none
TXN-006100,CUST-00207,3409723,MERCH-0081,Port Harcourt,2026-09-06 17:55:00.922347,1,velocity_burst
TXN-007030,CUST-00412,4895660,MERCH-0096,Kaduna,2026-08-16 07:14:00.972503,0,none
TXN-000576,CUST-00091,4847382,MERCH-0004,Lagos,2026-08-07 19:31:00.006743,0,none
TXN-006657,CUST-00189,1061761,MERCH-0042,Port Harcourt,2026-07-16 17:12:00.380883,0,none
TXN-007116,CUST-00006,2442133,MERCH-0047,Abuja,2026-07-07 10:38:00.839932,0,none
TXN-009122,CUST-00454,4420814,MERCH-0078,Abuja,2026-08-12 12:36:00.270853,0,none
TXN-006277,CUST-00041,3739443,MERCH-0020,Ibadan,2026-08-20 17:06:00.909992,0,none
TXN-009461,CUST-00403,3098713,MERCH-0063,Abuja,2026-07-11 20:31:00.993912,0,none
TXN-005898,CUST-00144,3238773,MERCH-0042,Enugu,2026-08-30 18:17:00.204090,0,none
TXN-005725,CUST-00442,1450645,MERCH-0038,Port Harcourt,2026-09-04 17:51:00.504038,0,none
TXN-000270,CUST-00214,2886020,MERCH-0037,Kaduna,2026-08-01 16:55:00.210888,0,none
TXN-000630,CUST-00384,1226184,MERCH-0034,Kano,2026-09-16 08:16:00.055397,0,none
TXN-003082,CUST-00350,2088177,MERCH-0074,Enugu,2026-09-04 19:36:00.832434,0,none
TXN-003467,CUST-00161,5029041,MERCH-0061,Enugu,2026-08-18 17:18:00.511655,0,none
TXN-006431,CUST-00168,2436975,MERCH-0038,Ibadan,2026-08-21 12:35:00.076146,0,none
TXN-009648,CUST-00462,2840788,MERCH-0053,Ibadan,2026-09-29 12:27:00.619652,0,none
TXN-007063,CUST-00107,4855079,MERCH-0063,Abuja,2026-09-28 14:19:00.325848,0,none
TXN-BURST-TXN-001779-1,CUST-00363,2982950,MERCH-0023,Enugu,2026-07-12 20:07:00.335490,1,velocity_burst
TXN-005544,CUST-00277,4365173,MERCH-0068,Kaduna,2026-10-04 22:52:00.650640,0,none
TXN-004357,CUST-00395,2061128,MERCH-0034,Enugu,2026-08-09 10:57:00.435323,0,none
TXN-002114,CUST-00446,1484964,MERCH-0062,Kano,2026-07-15 14:13:00.220875,0,none
TXN-008220,CUST-00366,553345,MERCH-0083,Port Harcourt,2026-09-21 08:53:00.744435,0,none
TXN-003217,CUST-00014,1409923,MERCH-0009,Lagos,2026-07-09 07:09:00.239182,0,none
TXN-003815,CUST-00283,2971682,MERCH-0049,Kaduna,2026-08-31 13:45:00.412602,0,none
TXN-008322,CUST-00106,2237022,MERCH-0084,Kano,2026-08-15 07:52:00.414357,0,none
TXN-008901,CUST-00224,1631818,MERCH-0003,Enugu,2026-08-17 15:15:00.836498,0,none
TXN-002279,CUST-00079,6675449,MERCH-0062,Abuja,2026-08-11 09:40:00.985723,0,none
TXN-004600,CUST-00265,8183015,MERCH-0013,Kaduna,2026-08-04 18:37:00.434008,0,none
TXN-000014,CUST-00409,933045,MERCH-0068,Kano,2026-07-14 17:14:00.811213,0,none
TXN-009559,CUST-00357,865724,MERCH-0051,Kaduna,2026-08-09 11:07:00.132302,0,none
TXN-001526,CUST-00205,2222648,MERCH-0012,Port Harcourt,2026-09-08 22:16:00.410794,0,none
TXN-002366,CUST-00387,1916067,MERCH-0038,Ibadan,2026-09-25 10:03:00.632870,0,none
TXN-004649,CUST-00431,1513053,MERCH-0014,Ibadan,2026-07-14 20:19:00.284513,0,none
TXN-000375,CUST-00223,4464984,MERCH-0068,Lagos,2026-08-21 15:02:00.004249,0,none
TXN-008828,CUST-00017,1833399,MERCH-0001,Ibadan,2026-07-31 15:14:00.221765,0,none
TXN-006478,CUST-00075,3566715,MERCH-0025,Benin City,2026-08-31 17:17:00.527761,0,none
TXN-000526,CUST-00251,2249318,MERCH-0029,Benin City,2026-08-28 14:40:00.450430,0,none
TXN-006896,CUST-00252,3184399,MERCH-0069,Lagos,2026-07-27 11:02:00.030157,0,none
TXN-003592,CUST-00282,3343435,MERCH-0051,Abuja,2026-07-14 21:37:00.870217,0,none
TXN-007905,CUST-00403,3591066,MERCH-0084,Abuja,2026-07-28 03:26:00.778423,1,off_hours
TXN-002959,CUST-00391,1145552,MERCH-0074,Port Harcourt,2026-07-24 11:33:00.772893,0,none
TXN-000530,CUST-00390,1534444,MERCH-0027,Enugu,2026-09-19 16:48:00.448482,0,none
TXN-003715,CUST-00386,3627799,MERCH-0062,Kaduna,2026-09-14 19:09:00.044145,0,none
TXN-004733,CUST-00329,6615785,MERCH-0044,Ibadan,2026-09-24 09:39:00.502361,0,none
TXN-001395,CUST-00224,1837590,MERCH-0015,Enugu,2026-09-08 15:07:00.743357,0,none
TXN-005632,CUST-00194,3103029,MERCH-0068,Kaduna,2026-07-31 18:09:00.059567,0,none
TXN-006564,CUST-00299,1138632,MERCH-0072,Enugu,2026-07-12 03:46:00.450693,1,off_hours
TXN-004704,CUST-00176,1988507,MERCH-0013,Benin City,2026-08-30 11:12:00.130356,0,none
TXN-001713,CUST-00222,3910769,MERCH-0015,Port Harcourt,2026-10-01 10:46:00.875700,0,none
TXN-BURST-TXN-002948-0,CUST-00323,2725010,MERCH-0012,Kaduna,2026-09-02 15:15:30.949444,1,velocity_burst
TXN-000956,CUST-00382,1598581,MERCH-0078,Port Harcourt,2026-07-17 10:25:00.272040,0,none
TXN-006676,CUST-00317,3223755,MERCH-0012,Ibadan,2026-08-12 07:05:00.972342,0,none
TXN-003454,CUST-00082,3166563,MERCH-0033,Lagos,2026-07-08 18:29:00.780555,0,none
TXN-008596,CUST-00330,1834282,MERCH-0012,Enugu,2026-10-03 13:48:00.928411,0,none
TXN-002072,CUST-00428,2441165,MERCH-0017,Ibadan,2026-08-25 10:28:00.606940,0,none
TXN-BURST-TXN-002277-2,CUST-00008,5422279,MERCH-0086,Port Harcourt,2026-08-19 10:23:30.648085,1,velocity_burst
TXN-000159,CUST-00126,2459709,MERCH-0025,Benin City,2026-08-31 18:33:00.875129,0,none
TXN-007006,CUST-00067,2361774,MERCH-0015,Lagos,2026-08-21 15:22:00.723363,0,none
TXN-000353,CUST-00055,3320687,MERCH-0029,Enugu,2026-08-23 10:04:00.941509,0,none
TXN-006079,CUST-00058,1601291,MERCH-0031,Ibadan,2026-09-12 18:45:00.681016,0,none
TXN-006237,CUST-00146,4635901,MERCH-0045,Kaduna,2026-09-17 18:31:00.448566,0,none
TXN-002921,CUST-00150,4916925,MERCH-0051,Ibadan,2026-09-28 15:12:00.825812,0,none
TXN-008504,CUST-00102,3678443,MERCH-0062,Lagos,2026-09-08 19:06:00.646713,0,none
TXN-004645,CUST-00127,16299816,MERCH-0073,Ibadan,2026-09-13 18:38:00.316879,1,amount_anomaly
TXN-000662,CUST-00222,4263886,MERCH-0054,Port Harcourt,2026-08-29 20:43:00.450820,0,none
TXN-007058,CUST-00146,1886366,MERCH-0045,Kaduna,2026-09-26 13:36:00.540492,0,none
TXN-003666,CUST-00063,248790,MERCH-0011,Enugu,2026-09-29 13:03:00.044564,0,none
TXN-007980,CUST-00143,1410391,MERCH-0028,Enugu,2026-07-24 10:56:00.408373,0,none
TXN-000307,CUST-00313,5961822,MERCH-0004,Kaduna,2026-09-04 13:17:00.655305,0,none
TXN-004791,CUST-00316,1010503,MERCH-0014,Benin City,2026-09-17 17:17:00.462935,0,none
TXN-002357,CUST-00148,538282,MERCH-0099,Lagos,2026-08-31 14:11:00.590494,0,none
TXN-001928,CUST-00169,3752865,MERCH-0099,Abuja,2026-07-15 16:30:00.629277,0,none
TXN-009668,CUST-00300,3880964,MERCH-0076,Ibadan,2026-09-03 20:18:00.021415,0,none
TXN-003428,CUST-00286,3383218,MERCH-0024,Kaduna,2026-10-05 10:09:00.114980,0,none
TXN-003639,CUST-00285,184650914,MERCH-0012,Kano,2026-09-20 09:43:00.062005,1,amount_anomaly
TXN-001267,CUST-00367,1626670,MERCH-0022,Benin City,2026-09-22 09:14:00.499358,0,none
TXN-001561,CUST-00200,903611,MERCH-0012,Kaduna,2026-07-21 18:57:00.645631,0,none
TXN-007180,CUST-00308,7465967,MERCH-0015,Kaduna,2026-07-17 22:04:00.213706,0,none
TXN-004110,CUST-00005,2470519,MERCH-0006,Abuja,2026-08-06 08:31:00.704369,0,none
TXN-007868,CUST-00377,407889,MERCH-0043,Ibadan,2026-07-22 16:50:00.711346,0,none
TXN-004905,CUST-00277,3101665,MERCH-0068,Kaduna,2026-07-14 22:24:00.421651,0,none
TXN-007295,CUST-00093,2818258,MERCH-0042,Port Harcourt,2026-08-18 11:02:00.948536,0,none
TXN-000515,CUST-00439,4116644,MERCH-0021,Ibadan,2026-09-13 15:11:00.645572,0,none
TXN-000895,CUST-00251,1541993,MERCH-0029,Benin City,2026-07-23 09:10:00.273864,0,none
TXN-008602,CUST-00228,5480835,MERCH-0029,Port Harcourt,2026-09-29 19:19:00.090479,0,none
TXN-000022,CUST-00359,6076858,MERCH-0100,Benin City,2026-08-30 15:12:00.131428,0,none
TXN-000900,CUST-00019,5957530,MERCH-0085,Abuja,2026-07-13 13:57:00.722776,0,none
TXN-000208,CUST-00267,717850,MERCH-0054,Kano,2026-09-27 17:46:00.377957,0,none
TXN-000459,CUST-00107,2299008,MERCH-0070,Abuja,2026-09-06 15:04:00.001640,0,none
TXN-002431,CUST-00358,1618058,MERCH-0051,Enugu,2026-09-29 19:14:00.745645,0,none
TXN-008443,CUST-00251,1894597,MERCH-0094,Benin City,2026-07-30 08:47:00.918364,0,none
TXN-003390,CUST-00379,1816450,MERCH-0048,Kano,2026-09-27 13:54:00.572429,0,none
TXN-003912,CUST-00073,3253714,MERCH-0032,Enugu,2026-07-20 14:51:00.187077,0,none
TXN-005384,CUST-00313,4678781,MERCH-0098,Kaduna,2026-08-23 17:54:00.663777,0,none
TXN-000553,CUST-00251,2039177,MERCH-0094,Benin City,2026-08-07 22:32:00.096569,0,none
TXN-003145,CUST-00266,2801779,MERCH-0006,Kaduna,2026-10-02 19:11:00.820015,0,none
TXN-006918,CUST-00354,1449713,MERCH-0001,Kaduna,2026-07-22 17:47:00.222888,0,none
TXN-002057,CUST-00232,2875697,MERCH-0032,Port Harcourt,2026-09-28 16:04:00.428609,0,none
TXN-001926,CUST-00364,1243335,MERCH-0008,Ibadan,2026-07-26 00:04:00.778535,1,off_hours
TXN-000635,CUST-00073,2704707,MERCH-0036,Enugu,2026-07-08 15:55:00.962901,0,none
TXN-006083,CUST-00350,2925753,MERCH-0093,Enugu,2026-09-29 14:23:00.359341,0,none
TXN-008509,CUST-00190,2370788,MERCH-0078,Abuja,2026-07-25 15:50:00.757475,0,none
TXN-009604,CUST-00484,1013936,MERCH-0038,Lagos,2026-08-14 19:59:00.454118,0,none
TXN-BURST-TXN-000707-0,CUST-00151,624091,MERCH-0091,Enugu,2026-09-15 14:50:30.115163,1,velocity_burst
TXN-008620,CUST-00241,602420,MERCH-0097,Ibadan,2026-08-24 14:12:00.415033,0,none
TXN-000106,CUST-00137,716641,MERCH-0013,Kaduna,2026-07-22 11:43:00.523319,0,none
TXN-003042,CUST-00360,2697123,MERCH-0069,Abuja,2026-09-23 14:46:00.895864,0,none
TXN-001710,CUST-00145,1249008,MERCH-0057,Abuja,2026-07-18 13:46:00.922758,0,none
TXN-000090,CUST-00423,118331322,MERCH-0060,Ibadan,2026-10-02 18:36:00.664688,1,amount_anomaly
TXN-007015,CUST-00120,4105263,MERCH-0034,Enugu,2026-09-10 12:34:00.552423,0,none
TXN-003175,CUST-00015,1740553,MERCH-0015,Lagos,2026-09-11 12:50:00.082233,0,none
TXN-000918,CUST-00335,2101367,MERCH-0089,Abuja,2026-08-29 22:09:00.263158,0,none
TXN-007834,CUST-00213,4561235,MERCH-0012,Kano,2026-09-23 11:07:00.667900,0,none
TXN-006733,CUST-00309,2279236,MERCH-0018,Kaduna,2026-09-29 03:33:00.723475,1,off_hours
TXN-001950,CUST-00335,1605359,MERCH-0100,Abuja,2026-07-22 16:26:00.259488,0,none
TXN-006369,CUST-00235,1771862,MERCH-0093,Benin City,2026-07-18 18:03:00.241477,0,none
TXN-000002,CUST-00146,3685191,MERCH-0045,Kaduna,2026-09-01 19:08:00.756672,0,none
TXN-008033,CUST-00418,793454,MERCH-0020,Kaduna,2026-09-07 19:27:00.346400,0,none
TXN-006048,CUST-00228,3194390,MERCH-0099,Port Harcourt,2026-09-02 15:19:00.934145,0,none
TXN-002721,CUST-00271,814706,MERCH-0086,Kano,2026-08-13 13:27:00.515337,0,none
TXN-008784,CUST-00376,3895131,MERCH-0030,Kaduna,2026-10-04 00:42:00.457705,1,off_hours
TXN-BURST-TXN-003886-0,CUST-00147,1936173,MERCH-0068,Enugu,2026-08-10 09:20:30.044553,1,velocity_burst
TXN-003118,CUST-00362,2510517,MERCH-0032,Lagos,2026-07-21 16:21:00.130745,0,none
TXN-009807,CUST-00428,982128,MERCH-0079,Ibadan,2026-08-19 16:08:00.073347,0,none
TXN-003763,CUST-00153,2257750,MERCH-0056,Kaduna,2026-08-24 08:26:00.068517,0,none
TXN-000214,CUST-00362,2621925,MERCH-0032,Lagos,2026-08-08 19:02:00.461393,0,none
TXN-000779,CUST-00461,1109546,MERCH-0098,Kano,2026-09-17 14:41:00.082711,0,none
TXN-003497,CUST-00017,835353,MERCH-0042,Ibadan,2026-08-05 13:43:00.428566,0,none
TXN-009137,CUST-00402,3308963,MERCH-0014,Abuja,2026-08-10 07:09:00.089217,0,none
TXN-002044,CUST-00035,2428443,MERCH-0085,Kano,2026-10-01 15:54:00.327507,0,none
TXN-005421,CUST-00020,1877895,MERCH-0089,Kano,2026-10-02 19:15:00.591855,0,none
TXN-006155,CUST-00462,3737741,MERCH-0053,Ibadan,2026-08-25 17:25:00.630207,0,none
TXN-008358,CUST-00283,940063,MERCH-0049,Kaduna,2026-07-16 14:39:00.797437,0,none
TXN-009021,CUST-00433,3657528,MERCH-0022,Enugu,2026-07-18 14:05:00.422858,1,geo_anomaly
TXN-008466,CUST-00463,3848102,MERCH-0038,Port Harcourt,2026-10-02 14:35:00.055928,1,velocity_burst
TXN-004168,CUST-00028,5657814,MERCH-0022,Enugu,2026-09-28 12:48:00.279025,0,none
TXN-003789,CUST-00479,1268516,MERCH-0001,Abuja,2026-07-11 07:57:00.835443,0,none
TXN-008587,CUST-00029,2008905,MERCH-0008,Kaduna,2026-09-22 22:28:00.632491,0,none
TXN-000584,CUST-00200,535030,MERCH-0009,Kaduna,2026-07-16 19:47:00.851221,0,none
TXN-BURST-TXN-007360-2,CUST-00378,2394520,MERCH-0003,Kano,2026-07-12 10:32:30.060205,1,velocity_burst
TXN-BURST-TXN-009651-1,CUST-00378,3606796,MERCH-0019,Kano,2026-07-13 08:56:00.502407,1,velocity_burst
TXN-000117,CUST-00319,4861637,MERCH-0035,Benin City,2026-09-02 18:01:00.361992,1,velocity_burst
TXN-006645,CUST-00227,6374487,MERCH-0088,Kano,2026-07-17 14:26:00.301022,0,none
TXN-009361,CUST-00043,4178175,MERCH-0045,Abuja,2026-09-21 18:35:00.252989,0,none
TXN-BURST-TXN-008537-2,CUST-00482,343422,MERCH-0050,Port Harcourt,2026-09-25 10:49:30.289800,1,velocity_burst
TXN-009285,CUST-00390,1031806,MERCH-0025,Enugu,2026-09-16 09:07:00.898741,0,none
TXN-008713,CUST-00254,2156260,MERCH-0077,Lagos,2026-08-10 12:07:00.272183,0,none
TXN-001764,CUST-00220,6550303,MERCH-0078,Benin City,2026-08-31 13:26:00.824914,0,none
TXN-001876,CUST-00079,6001737,MERCH-0036,Abuja,2026-09-29 07:30:00.264107,0,none
TXN-003225,CUST-00004,4381425,MERCH-0044,Kano,2026-09-03 08:15:00.454036,0,none
TXN-000527,CUST-00483,3441645,MERCH-0016,Enugu,2026-09-20 08:31:00.892510,0,none
TXN-007726,CUST-00107,1809406,MERCH-0070,Abuja,2026-09-18 12:31:00.208686,0,none
TXN-002947,CUST-00267,194143,MERCH-0075,Kano,2026-08-11 21:23:00.290719,0,none
TXN-004474,CUST-00137,1484835,MERCH-0013,Kaduna,2026-09-19 13:08:00.269150,0,none
TXN-005656,CUST-00441,6470012,MERCH-0083,Abuja,2026-07-15 12:17:00.975538,0,none
TXN-006060,CUST-00430,3992469,MERCH-0087,Lagos,2026-08-02 16:11:00.417679,0,none
TXN-000960,CUST-00242,725581,MERCH-0060,Port Harcourt,2026-09-18 10:10:00.933976,0,none
TXN-006343,CUST-00410,3181722,MERCH-0059,Ibadan,2026-07-17 10:34:00.057144,0,none
TXN-003634,CUST-00291,1337848,MERCH-0043,Kaduna,2026-08-16 00:00:00.919471,1,off_hours
TXN-001051,CUST-00313,4967966,MERCH-0004,Kaduna,2026-09-05 21:06:00.590392,0,none
TXN-008783,CUST-00249,4732158,MERCH-0053,Lagos,2026-07-29 10:11:00.592352,0,none
TXN-008712,CUST-00387,1322694,MERCH-0003,Ibadan,2026-07-18 17:54:00.810101,0,none
TXN-003381,CUST-00374,3113293,MERCH-0050,Ibadan,2026-07-31 18:16:00.740014,0,none
TXN-003677,CUST-00144,3970513,MERCH-0042,Enugu,2026-08-02 13:17:00.002343,0,none
TXN-005777,CUST-00444,1528010,MERCH-0012,Kano,2026-09-07 10:43:00.066658,0,none
TXN-009373,CUST-00410,2517721,MERCH-0059,Ibadan,2026-07-14 16:52:00.509722,0,none
TXN-006574,CUST-00401,2020999,MERCH-0067,Enugu,2026-08-25 14:23:00.817123,0,none
TXN-005180,CUST-00496,1391641,MERCH-0034,Lagos,2026-09-08 12:10:00.809071,0,none
TXN-001608,CUST-00401,3168538,MERCH-0090,Enugu,2026-09-30 08:59:00.785536,0,none
TXN-003611,CUST-00477,4556168,MERCH-0070,Abuja,2026-07-20 14:45:00.347127,1,geo_anomaly
TXN-BURST-TXN-003067-0,CUST-00400,1580127,MERCH-0050,Enugu,2026-09-20 16:39:30.507455,1,velocity_burst
TXN-006636,CUST-00216,5320759,MERCH-0047,Benin City,2026-08-10 16:03:00.449725,0,none
TXN-BURST-TXN-009938-0,CUST-00235,3499228,MERCH-0095,Benin City,2026-09-13 17:08:30.007205,1,velocity_burst
TXN-000792,CUST-00315,3959581,MERCH-0100,Kaduna,2026-09-02 11:01:00.108398,0,none
TXN-003057,CUST-00018,5101065,MERCH-0031,Abuja,2026-07-16 18:53:00.364823,0,none
TXN-001981,CUST-00312,3239121,MERCH-0050,Lagos,2026-08-17 06:54:00.423491,0,none
TXN-003599,CUST-00050,3519036,MERCH-0027,Kano,2026-07-08 21:30:00.919928,0,none
TXN-000934,CUST-00120,5804947,MERCH-0069,Enugu,2026-09-22 08:29:00.895063,0,none
TXN-007425,CUST-00230,4371503,MERCH-0045,Enugu,2026-10-03 11:30:00.248744,0,none
TXN-005627,CUST-00350,1568562,MERCH-0010,Enugu,2026-09-22 19:14:00.259798,0,none
TXN-001683,CUST-00161,5375170,MERCH-0074,Enugu,2026-08-10 19:31:00.205436,0,none
TXN-004180,CUST-00019,2876727,MERCH-0085,Abuja,2026-09-17 09:06:00.523590,0,none
TXN-006447,CUST-00322,5195472,MERCH-0066,Enugu,2026-08-16 08:12:00.935760,0,none
TXN-004117,CUST-00089,539471,MERCH-0073,Kano,2026-09-11 15:32:00.948112,0,none
TXN-000989,CUST-00220,4559001,MERCH-0078,Benin City,2026-08-17 12:23:00.253404,0,none
TXN-002897,CUST-00025,1553481,MERCH-0025,Abuja,2026-08-22 17:07:00.249177,0,none
TXN-003779,CUST-00158,2729576,MERCH-0057,Benin City,2026-08-27 16:07:00.142290,0,none
TXN-005659,CUST-00345,1793391,MERCH-0055,Benin City,2026-09-01 13:33:00.906050,0,none
TXN-003094,CUST-00165,2436036,MERCH-0051,Port Harcourt,2026-09-13 15:49:00.209474,0,none
TXN-003156,CUST-00094,595633,MERCH-0085,Abuja,2026-07-22 10:36:00.072766,0,none
TXN-001824,CUST-00242,535898,MERCH-0052,Port Harcourt,2026-09-20 15:11:00.270638,0,none
TXN-009971,CUST-00482,1166870,MERCH-0050,Port Harcourt,2026-08-25 11:04:00.893671,0,none
TXN-001099,CUST-00281,1013379,MERCH-0030,Kano,2026-09-21 10:54:00.508091,0,none
TXN-002845,CUST-00342,3667629,MERCH-0056,Benin City,2026-07-23 13:47:00.321743,0,none
TXN-003343,CUST-00433,3595980,MERCH-0025,Benin City,2026-09-29 10:44:00.192120,0,none
TXN-000039,CUST-00121,2951333,MERCH-0048,Kaduna,2026-07-11 20:17:00.615222,0,none
TXN-006541,CUST-00281,1248315,MERCH-0056,Kano,2026-09-26 17:26:00.790537,0,none
TXN-009685,CUST-00142,486787,MERCH-0098,Port Harcourt,2026-09-27 13:39:00.418183,0,none
TXN-008708,CUST-00269,6393115,MERCH-0046,Kaduna,2026-07-16 12:14:00.315513,0,none
TXN-003357,CUST-00008,5579226,MERCH-0086,Port Harcourt,2026-08-03 14:55:00.087935,0,none
TXN-007814,CUST-00117,3674405,MERCH-0038,Lagos,2026-10-01 14:54:00.051594,0,none
TXN-008221,CUST-00105,1785203,MERCH-0013,Lagos,2026-09-16 10:23:00.576747,0,none
TXN-009561,CUST-00154,3888426,MERCH-0044,Enugu,2026-09-08 08:06:00.022581,0,none
TXN-002429,CUST-00445,1433096,MERCH-0084,Kano,2026-08-23 19:35:00.706594,0,none
TXN-005044,CUST-00210,3873102,MERCH-0041,Benin City,2026-09-15 09:06:00.898290,0,none
TXN-005347,CUST-00044,1642402,MERCH-0099,Ibadan,2026-08-27 13:22:00.245019,0,none
TXN-004812,CUST-00389,3339721,MERCH-0056,Abuja,2026-07-12 18:10:00.174463,0,none
TXN-008477,CUST-00258,4677253,MERCH-0086,Kano,2026-09-08 20:01:00.694082,0,none
TXN-000687,CUST-00412,4028456,MERCH-0071,Kaduna,2026-07-20 10:07:00.531572,0,none
TXN-004800,CUST-00345,1105718,MERCH-0043,Benin City,2026-09-23 10:49:00.703297,0,none
TXN-007438,CUST-00356,1513209,MERCH-0030,Enugu,2026-07-14 10:06:00.006402,0,none
TXN-002354,CUST-00026,1459932,MERCH-0060,Kaduna,2026-08-26 15:20:00.367407,0,none
TXN-006354,CUST-00410,1891668,MERCH-0047,Ibadan,2026-09-04 08:46:00.263382,0,none
TXN-004570,CUST-00418,527997,MERCH-0034,Kaduna,2026-09-29 15:07:00.733824,0,none
TXN-008214,CUST-00317,3322141,MERCH-0045,Ibadan,2026-07-20 09:29:00.512022,0,none
TXN-002753,CUST-00207,2371941,MERCH-0038,Port Harcourt,2026-08-08 17:49:00.514435,0,none
TXN-008074,CUST-00439,3343807,MERCH-0053,Ibadan,2026-08-13 10:12:00.728759,0,none
TXN-001041,CUST-00447,1305394,MERCH-0017,Kaduna,2026-08-22 11:55:00.890044,0,none
TXN-007492,CUST-00257,6568133,MERCH-0008,Kano,2026-08-21 07:59:00.903951,0,none
TXN-001266,CUST-00472,588338,MERCH-0081,Port Harcourt,2026-09-28 18:56:00.433649,0,none
TXN-009599,CUST-00155,888368,MERCH-0025,Kano,2026-08-20 11:52:00.501389,0,none
TXN-007060,CUST-00050,2831268,MERCH-0027,Kano,2026-07-19 10:02:00.523276,0,none
TXN-000278,CUST-00280,1151845,MERCH-0070,Enugu,2026-07-07 13:02:00.527766,0,none
TXN-005085,CUST-00296,4617571,MERCH-0077,Kano,2026-07-23 18:34:00.163781,0,none
TXN-002383,CUST-00425,6743729,MERCH-0020,Enugu,2026-07-17 11:31:00.091418,0,none
TXN-000572,CUST-00099,3125868,MERCH-0060,Lagos,2026-09-04 09:51:00.354501,0,none
TXN-001436,CUST-00112,4850702,MERCH-0086,Ibadan,2026-07-27 16:17:00.567243,0,none
TXN-005353,CUST-00217,872674,MERCH-0088,Port Harcourt,2026-10-05 14:15:00.716480,0,none
TXN-005446,CUST-00398,3404079,MERCH-0087,Ibadan,2026-08-03 10:29:00.773818,0,none
TXN-001008,CUST-00489,2539180,MERCH-0038,Port Harcourt,2026-09-19 06:48:00.238568,0,none
TXN-004544,CUST-00429,4198909,MERCH-0094,Enugu,2026-10-05 15:01:00.997957,0,none
TXN-009136,CUST-00078,4020041,MERCH-0016,Benin City,2026-08-15 03:31:00.414402,1,off_hours
TXN-002065,CUST-00451,1030937,MERCH-0036,Kano,2026-09-20 11:13:00.522510,0,none
TXN-001137,CUST-00482,952385,MERCH-0053,Port Harcourt,2026-07-26 14:40:00.811929,0,none
TXN-005344,CUST-00331,4333394,MERCH-0100,Abuja,2026-08-24 15:44:00.480644,0,none
TXN-000295,CUST-00090,4285823,MERCH-0057,Abuja,2026-09-21 10:51:00.385626,0,none
TXN-008781,CUST-00442,2978884,MERCH-0006,Port Harcourt,2026-08-15 13:49:00.050179,0,none
TXN-002404,CUST-00115,3263412,MERCH-0100,Enugu,2026-07-15 16:22:00.297763,0,none
TXN-003999,CUST-00065,6423916,MERCH-0011,Ibadan,2026-09-02 17:27:00.246699,0,none
TXN-003742,CUST-00500,3511691,MERCH-0009,Kaduna,2026-09-16 16:00:00.051511,0,none
TXN-BURST-TXN-005025-0,CUST-00008,3386291,MERCH-0035,Port Harcourt,2026-10-03 15:41:30.549284,1,velocity_burst
TXN-002720,CUST-00141,5665950,MERCH-0078,Ibadan,2026-07-09 16:56:00.577721,0,none
TXN-009533,CUST-00461,1397635,MERCH-0077,Kano,2026-07-17 20:10:00.767995,0,none
TXN-005151,CUST-00458,4507583,MERCH-0016,Kano,2026-07-23 10:31:00.405894,0,none
TXN-002809,CUST-00008,2144805,MERCH-0046,Port Harcourt,2026-07-14 17:29:00.291960,0,none
TXN-000557,CUST-00148,550957,MERCH-0033,Lagos,2026-09-27 19:14:00.687274,0,none
TXN-009250,CUST-00415,607969,MERCH-0055,Kano,2026-07-17 09:07:00.326699,0,none
TXN-004796,CUST-00065,4803606,MERCH-0033,Ibadan,2026-07-20 08:58:00.259089,0,none
TXN-002470,CUST-00246,691067,MERCH-0088,Kano,2026-09-09 20:17:00.364531,0,none
TXN-003739,CUST-00370,1536786,MERCH-0003,Kano,2026-08-11 21:35:00.739475,0,none
TXN-004287,CUST-00030,3229636,MERCH-0066,Lagos,2026-09-09 09:06:00.422349,0,none
TXN-002605,CUST-00479,785175,MERCH-0001,Abuja,2026-07-11 21:45:00.524734,0,none
TXN-000363,CUST-00004,4270176,MERCH-0044,Kano,2026-09-12 14:44:00.562144,0,none
TXN-006925,CUST-00412,3897296,MERCH-0012,Kaduna,2026-08-20 19:01:00.568256,0,none
TXN-001705,CUST-00225,4083619,MERCH-0061,Kano,2026-08-17 16:48:00.907043,0,none
TXN-002140,CUST-00494,3713948,MERCH-0023,Kaduna,2026-08-07 10:57:00.807577,0,none
TXN-003240,CUST-00076,3214660,MERCH-0052,Kaduna,2026-09-22 09:55:00.460717,0,none
TXN-002384,CUST-00311,1747673,MERCH-0080,Kaduna,2026-08-29 17:27:00.117054,0,none
TXN-007315,CUST-00447,2317051,MERCH-0017,Kaduna,2026-09-03 17:41:00.801826,0,none
TXN-004312,CUST-00239,649449,MERCH-0052,Kano,2026-08-08 16:02:00.712822,0,none
TXN-001313,CUST-00476,1802619,MERCH-0083,Lagos,2026-07-14 17:50:00.465728,0,none
TXN-003931,CUST-00274,1987323,MERCH-0011,Ibadan,2026-08-16 22:27:00.560083,0,none
TXN-006184,CUST-00187,6221652,MERCH-0025,Enugu,2026-07-12 09:36:00.721839,0,none
TXN-001592,CUST-00193,606895,MERCH-0050,Kano,2026-08-21 16:05:00.107063,0,none
TXN-009724,CUST-00480,1317985,MERCH-0056,Enugu,2026-09-26 18:11:00.912038,0,none
TXN-002163,CUST-00404,561705,MERCH-0089,Kaduna,2026-08-10 07:25:00.135593,0,none
TXN-002397,CUST-00462,3310596,MERCH-0090,Ibadan,2026-08-02 12:45:00.851133,0,none
TXN-000318,CUST-00193,908179,MERCH-0020,Kano,2026-09-27 19:11:00.532362,0,none
TXN-005234,CUST-00124,3315269,MERCH-0084,Kaduna,2026-09-03 12:57:00.885812,0,none
TXN-005069,CUST-00034,1052160,MERCH-0009,Abuja,2026-07-15 12:23:00.539870,0,none
TXN-004037,CUST-00244,4312978,MERCH-0088,Benin City,2026-08-07 16:11:00.376456,0,none
TXN-003021,CUST-00041,2574282,MERCH-0053,Ibadan,2026-08-26 09:48:00.222368,0,none
TXN-008229,CUST-00014,1995787,MERCH-0068,Lagos,2026-07-09 14:32:00.245127,0,none
TXN-005296,CUST-00012,2805517,MERCH-0034,Kaduna,2026-09-10 17:49:00.174191,0,none
TXN-003973,CUST-00328,2146359,MERCH-0012,Enugu,2026-07-19 12:10:00.666902,0,none
TXN-005371,CUST-00407,1095276,MERCH-0035,Ibadan,2026-09-02 09:56:00.124098,0,none
TXN-004134,CUST-00434,542846,MERCH-0065,Ibadan,2026-07-13 10:57:00.306651,0,none
TXN-000975,CUST-00062,2386805,MERCH-0004,Enugu,2026-09-02 11:00:00.541006,0,none
TXN-007292,CUST-00176,1511223,MERCH-0013,Benin City,2026-07-12 12:33:00.587343,0,none
TXN-000955,CUST-00260,2690548,MERCH-0018,Kaduna,2026-08-12 13:21:00.164850,0,none
TXN-009643,CUST-00450,1083065,MERCH-0007,Benin City,2026-09-06 16:09:00.990408,0,none
TXN-005017,CUST-00247,5904495,MERCH-0073,Abuja,2026-09-04 12:36:00.474325,0,none
TXN-BURST-TXN-001931-1,CUST-00381,1992391,MERCH-0029,Kaduna,2026-09-04 19:17:00.829703,1,velocity_burst
TXN-007491,CUST-00264,1071378,MERCH-0049,Kaduna,2026-09-04 18:20:00.592107,1,velocity_burst
TXN-001641,CUST-00284,1888398,MERCH-0049,Abuja,2026-09-20 11:54:00.731318,0,none
TXN-001291,CUST-00014,1271058,MERCH-0055,Lagos,2026-07-10 18:06:00.052701,0,none
TXN-001381,CUST-00384,1253558,MERCH-0034,Kano,2026-07-24 18:28:00.173241,0,none
TXN-001934,CUST-00272,4929597,MERCH-0002,Kaduna,2026-09-25 10:18:00.225804,0,none
TXN-004676,CUST-00375,2534794,MERCH-0076,Kano,2026-07-14 14:54:00.418648,0,none
TXN-000893,CUST-00151,700466,MERCH-0074,Enugu,2026-07-30 13:55:00.179464,0,none
TXN-007288,CUST-00007,581525,MERCH-0030,Abuja,2026-08-20 07:55:00.774583,0,none
TXN-004877,CUST-00313,3907619,MERCH-0004,Kaduna,2026-09-14 09:29:00.409993,0,none
TXN-007907,CUST-00384,1711116,MERCH-0027,Kano,2026-08-07 21:29:00.553629,0,none
TXN-008195,CUST-00449,4603977,MERCH-0090,Ibadan,2026-09-16 11:24:00.434614,0,none
TXN-009716,CUST-00184,2312595,MERCH-0070,Abuja,2026-10-01 11:06:00.574095,0,none
TXN-002467,CUST-00348,2272816,MERCH-0032,Abuja,2026-07-08 17:26:00.657170,0,none
TXN-007658,CUST-00048,4649276,MERCH-0039,Ibadan,2026-07-11 13:53:00.897906,0,none
TXN-001914,CUST-00416,4673618,MERCH-0039,Benin City,2026-09-02 14:32:00.825458,0,none
TXN-002737,CUST-00280,1113053,MERCH-0087,Enugu,2026-09-21 09:21:00.744828,0,none
TXN-000727,CUST-00394,2304546,MERCH-0012,Kaduna,2026-09-21 13:18:00.328754,0,none
TXN-007215,CUST-00280,1429992,MERCH-0043,Enugu,2026-10-03 19:52:00.074009,0,none
TXN-008246,CUST-00479,1402380,MERCH-0086,Abuja,2026-07-07 14:20:00.636554,0,none
TXN-001797,CUST-00421,6323584,MERCH-0038,Ibadan,2026-07-18 13:23:00.355651,0,none
TXN-003846,CUST-00165,1503881,MERCH-0051,Port Harcourt,2026-08-20 12:26:00.714180,0,none
TXN-006403,CUST-00388,1917219,MERCH-0021,Port Harcourt,2026-09-14 12:40:00.183253,0,none
TXN-000937,CUST-00215,2572027,MERCH-0056,Kaduna,2026-08-30 12:55:00.032603,0,none
TXN-002266,CUST-00275,6215181,MERCH-0098,Enugu,2026-07-15 12:47:00.993557,0,none
TXN-000825,CUST-00005,3726416,MERCH-0006,Abuja,2026-08-12 16:58:00.314026,0,none
TXN-007275,CUST-00205,1003519,MERCH-0022,Port Harcourt,2026-08-16 15:23:00.221292,0,none
TXN-001390,CUST-00163,2802732,MERCH-0021,Lagos,2026-07-31 11:36:00.836236,0,none
TXN-003565,CUST-00006,4359035,MERCH-0074,Abuja,2026-09-15 16:16:00.018703,0,none
TXN-005430,CUST-00416,3054928,MERCH-0039,Benin City,2026-07-13 10:08:00.438590,0,none
TXN-007828,CUST-00252,3411623,MERCH-0059,Lagos,2026-08-01 20:00:00.229298,0,none
TXN-005691,CUST-00376,3169697,MERCH-0012,Kaduna,2026-09-19 08:57:00.456090,0,none
TXN-007879,CUST-00015,1919497,MERCH-0044,Lagos,2026-09-06 17:45:00.091319,0,none
TXN-001869,CUST-00263,5096699,MERCH-0016,Ibadan,2026-07-26 18:33:00.797765,0,none
TXN-008203,CUST-00063,688451,MERCH-0076,Enugu,2026-09-10 11:02:00.238821,0,none
TXN-007487,CUST-00331,3733155,MERCH-0018,Abuja,2026-07-15 10:11:00.182409,0,none
TXN-000807,CUST-00001,1156609,MERCH-0014,Abuja,2026-09-21 17:16:00.595566,0,none
TXN-004806,CUST-00286,3268302,MERCH-0056,Kaduna,2026-07-26 08:15:00.264136,0,none
TXN-009482,CUST-00324,1140924,MERCH-0044,Enugu,2026-08-04 19:17:00.106933,0,none
TXN-007512,CUST-00289,1329713,MERCH-0009,Kano,2026-07-20 14:57:00.470236,0,none
TXN-008057,CUST-00233,849741,MERCH-0013,Ibadan,2026-07-16 08:59:00.640374,0,none
TXN-004495,CUST-00237,1284789,MERCH-0064,Port Harcourt,2026-07-18 12:25:00.037454,0,none
TXN-002633,CUST-00239,1049882,MERCH-0025,Kano,2026-08-04 20:38:00.356199,0,none
TXN-009223,CUST-00125,2233260,MERCH-0031,Enugu,2026-09-02 09:12:00.594158,0,none
TXN-008897,CUST-00181,1082970,MERCH-0046,Kano,2026-08-11 18:11:00.105534,0,none
TXN-008624,CUST-00344,1600392,MERCH-0034,Kano,2026-09-08 18:10:00.515507,0,none
TXN-007833,CUST-00485,3152812,MERCH-0061,Abuja,2026-07-31 18:35:00.542954,0,none
TXN-004389,CUST-00120,4220132,MERCH-0034,Enugu,2026-08-28 19:37:00.999106,0,none
TXN-000146,CUST-00314,455623,MERCH-0022,Port Harcourt,2026-07-31 17:14:00.050116,0,none
TXN-006468,CUST-00183,2315245,MERCH-0085,Enugu,2026-09-06 09:44:00.600728,0,none
TXN-002034,CUST-00083,3819171,MERCH-0007,Abuja,2026-07-19 16:46:00.155438,0,none
TXN-009456,CUST-00041,3348407,MERCH-0023,Ibadan,2026-08-24 17:28:00.234223,0,none
TXN-001166,CUST-00008,2522123,MERCH-0090,Port Harcourt,2026-09-10 11:58:00.536467,0,none
TXN-002051,CUST-00017,2833912,MERCH-0001,Ibadan,2026-07-28 16:31:00.055171,0,none
TXN-003761,CUST-00072,1179779,MERCH-0062,Kaduna,2026-07-29 13:19:00.547790,0,none
TXN-004436,CUST-00083,6008436,MERCH-0073,Abuja,2026-09-14 09:28:00.712690,0,none
TXN-003431,CUST-00355,388634,MERCH-0068,Benin City,2026-09-10 09:02:00.714892,0,none
TXN-008191,CUST-00098,1465289,MERCH-0091,Kaduna,2026-07-17 10:41:00.229398,0,none
TXN-009070,CUST-00371,3852527,MERCH-0035,Benin City,2026-09-17 16:04:00.151432,0,none
TXN-007070,CUST-00180,1589365,MERCH-0092,Benin City,2026-09-19 21:52:00.344373,1,geo_anomaly
TXN-004362,CUST-00428,2186925,MERCH-0056,Ibadan,2026-08-03 13:21:00.477777,0,none
TXN-001772,CUST-00043,5654671,MERCH-0059,Abuja,2026-08-18 18:39:00.552151,0,none
TXN-003512,CUST-00132,6962571,MERCH-0063,Port Harcourt,2026-07-25 18:56:00.704209,0,none
TXN-000272,CUST-00454,89338831,MERCH-0078,Abuja,2026-07-17 15:08:00.318893,1,amount_anomaly
TXN-008437,CUST-00447,2708933,MERCH-0017,Kaduna,2026-08-28 16:31:00.970759,0,none
TXN-002033,CUST-00317,1226088,MERCH-0045,Ibadan,2026-08-15 08:15:00.636929,0,none
TXN-009006,CUST-00105,1497218,MERCH-0068,Lagos,2026-09-04 22:55:00.218121,0,none
TXN-BURST-TXN-000551-1,CUST-00357,1136483,MERCH-0051,Kaduna,2026-09-05 16:37:00.476930,1,velocity_burst
TXN-003811,CUST-00136,824103,MERCH-0086,Enugu,2026-08-03 12:14:00.954275,0,none
TXN-004347,CUST-00144,2832114,MERCH-0040,Enugu,2026-07-31 09:22:00.003973,0,none
TXN-000546,CUST-00339,900118,MERCH-0034,Abuja,2026-08-09 13:15:00.168450,0,none
TXN-003242,CUST-00101,2461564,MERCH-0018,Enugu,2026-07-29 16:28:00.039144,0,none
TXN-008931,CUST-00194,3902290,MERCH-0018,Kaduna,2026-08-06 19:49:00.966386,0,none
TXN-008503,CUST-00427,4794766,MERCH-0001,Abuja,2026-09-29 18:44:00.018631,0,none
TXN-BURST-TXN-007890-0,CUST-00413,953230,MERCH-0028,Port Harcourt,2026-09-30 12:31:30.501219,1,velocity_burst
TXN-007565,CUST-00057,4696871,MERCH-0034,Benin City,2026-09-28 19:10:00.522295,0,none
TXN-000921,CUST-00417,271824,MERCH-0078,Abuja,2026-07-20 13:27:00.021332,0,none
TXN-009447,CUST-00165,2277179,MERCH-0045,Port Harcourt,2026-07-24 10:36:00.663313,0,none
TXN-006641,CUST-00454,4326666,MERCH-0001,Abuja,2026-07-30 13:58:00.920013,0,none
TXN-007695,CUST-00224,1285064,MERCH-0057,Enugu,2026-07-27 13:25:00.944948,0,none
TXN-008231,CUST-00473,2063055,MERCH-0029,Port Harcourt,2026-09-13 16:47:00.684809,0,none
TXN-007127,CUST-00055,4101029,MERCH-0100,Enugu,2026-07-20 13:50:00.202072,0,none
TXN-004279,CUST-00411,2639021,MERCH-0088,Ibadan,2026-08-16 14:16:00.067656,0,none
TXN-002984,CUST-00340,3810824,MERCH-0090,Lagos,2026-08-15 20:15:00.913805,0,none
TXN-000131,CUST-00199,5035226,MERCH-0026,Kano,2026-08-10 18:17:00.759562,0,none
TXN-007981,CUST-00432,2624723,MERCH-0094,Port Harcourt,2026-08-07 16:42:00.876960,0,none
TXN-002668,CUST-00168,2604542,MERCH-0020,Ibadan,2026-07-20 19:43:00.107367,0,none
TXN-007139,CUST-00310,3157827,MERCH-0024,Abuja,2026-07-27 08:56:00.316617,0,none
TXN-003224,CUST-00082,2746065,MERCH-0015,Lagos,2026-07-19 19:41:00.273047,0,none
TXN-007694,CUST-00260,2733697,MERCH-0053,Kaduna,2026-07-24 18:19:00.617103,0,none
TXN-005393,CUST-00125,1572333,MERCH-0047,Enugu,2026-08-10 13:50:00.388648,0,none
TXN-000615,CUST-00317,2367808,MERCH-0045,Ibadan,2026-08-15 17:10:00.569767,0,none
TXN-BURST-TXN-006893-2,CUST-00356,4725184,MERCH-0053,Enugu,2026-09-20 14:20:30.256117,1,velocity_burst
TXN-001467,CUST-00240,5212020,MERCH-0086,Enugu,2026-09-05 13:13:00.246925,0,none
TXN-004498,CUST-00145,671626,MERCH-0087,Abuja,2026-10-05 18:33:00.694464,0,none
TXN-003043,CUST-00326,912056,MERCH-0001,Lagos,2026-09-25 14:30:00.209690,0,none
TXN-002420,CUST-00429,4297720,MERCH-0001,Enugu,2026-09-08 19:18:00.461865,0,none
TXN-005086,CUST-00076,2732253,MERCH-0038,Kaduna,2026-08-03 18:30:00.999732,0,none
TXN-003295,CUST-00081,1814448,MERCH-0014,Kano,2026-08-25 15:17:00.948152,0,none
TXN-006738,CUST-00337,5606144,MERCH-0068,Kaduna,2026-07-16 11:39:00.559641,0,none
TXN-001501,CUST-00252,2742977,MERCH-0030,Lagos,2026-07-16 19:31:00.975790,0,none
TXN-009019,CUST-00100,3604693,MERCH-0035,Kano,2026-10-01 10:04:00.670746,0,none
TXN-001522,CUST-00146,3859300,MERCH-0066,Kaduna,2026-07-20 10:45:00.505085,0,none
TXN-009446,CUST-00076,3090309,MERCH-0038,Kaduna,2026-08-12 21:58:00.411423,0,none
TXN-004233,CUST-00498,4800185,MERCH-0051,Kano,2026-07-27 15:29:00.732482,0,none
TXN-007687,CUST-00293,2910029,MERCH-0082,Ibadan,2026-07-22 09:18:00.103787,0,none
TXN-008821,CUST-00395,1518501,MERCH-0034,Enugu,2026-08-04 14:28:00.640006,0,none
TXN-004431,CUST-00387,1923457,MERCH-0038,Ibadan,2026-09-27 13:54:00.553022,0,none
TXN-000391,CUST-00439,1104902,MERCH-0053,Ibadan,2026-09-07 19:30:00.795365,0,none
TXN-BURST-TXN-005310-2,CUST-00473,3728460,MERCH-0068,Port Harcourt,2026-07-17 17:26:30.713629,1,velocity_burst
TXN-007125,CUST-00268,2661294,MERCH-0098,Ibadan,2026-08-01 17:16:00.749079,0,none
TXN-005914,CUST-00112,5766025,MERCH-0002,Ibadan,2026-09-17 11:23:00.529541,0,none
TXN-008593,CUST-00258,2181699,MERCH-0045,Kano,2026-07-26 20:53:00.377619,0,none
TXN-004807,CUST-00194,3900118,MERCH-0018,Kaduna,2026-09-04 10:39:00.932162,0,none
TXN-009279,CUST-00298,2451289,MERCH-0079,Abuja,2026-09-26 09:19:00.200055,0,none
TXN-008239,CUST-00144,4099956,MERCH-0093,Enugu,2026-07-27 09:28:00.144028,0,none
TXN-008045,CUST-00270,2863247,MERCH-0007,Lagos,2026-08-07 06:24:00.405091,0,none
TXN-BURST-TXN-003366-1,CUST-00474,5664286,MERCH-0054,Kano,2026-10-02 06:45:00.054516,1,velocity_burst
TXN-003994,CUST-00156,1740541,MERCH-0020,Ibadan,2026-09-08 09:38:00.403046,0,none
TXN-009895,CUST-00292,3599840,MERCH-0077,Enugu,2026-07-16 20:38:00.060983,0,none
TXN-006610,CUST-00411,3226235,MERCH-0031,Ibadan,2026-07-10 12:59:00.159240,0,none
TXN-005320,CUST-00277,4016540,MERCH-0030,Kaduna,2026-10-01 14:31:00.457292,0,none
TXN-BURST-TXN-004642-0,CUST-00231,2048891,MERCH-0035,Kaduna,2026-09-19 14:58:30.765823,1,velocity_burst
TXN-007120,CUST-00493,3854800,MERCH-0094,Ibadan,2026-10-03 11:52:00.597655,0,none
TXN-002422,CUST-00368,3935208,MERCH-0046,Enugu,2026-09-23 21:04:00.557645,0,none
TXN-005605,CUST-00073,2188606,MERCH-0058,Enugu,2026-07-10 09:38:00.628316,0,none
TXN-001751,CUST-00111,1512943,MERCH-0049,Kano,2026-08-15 07:54:00.812928,0,none
TXN-009343,CUST-00386,4646526,MERCH-0074,Kaduna,2026-08-06 08:27:00.292795,0,none
TXN-BURST-TXN-001643-1,CUST-00294,2914538,MERCH-0073,Ibadan,2026-07-28 11:25:00.200247,1,velocity_burst
TXN-000339,CUST-00236,817954,MERCH-0038,Kano,2026-07-16 11:35:00.837806,0,none
TXN-008408,CUST-00183,4565204,MERCH-0031,Enugu,2026-08-03 12:21:00.178304,0,none
TXN-001342,CUST-00082,2786666,MERCH-0062,Lagos,2026-08-07 15:54:00.906385,0,none
TXN-009888,CUST-00252,1781453,MERCH-0069,Port Harcourt,2026-09-16 16:32:00.443868,1,geo_anomaly
TXN-007983,CUST-00458,3884280,MERCH-0051,Kano,2026-08-24 14:00:00.759579,0,none
TXN-003641,CUST-00317,4021982,MERCH-0016,Ibadan,2026-08-07 10:40:00.178881,0,none
TXN-000330,CUST-00335,1252846,MERCH-0004,Abuja,2026-08-03 10:59:00.603334,0,none
TXN-009149,CUST-00448,6092165,MERCH-0006,Kaduna,2026-07-31 18:19:00.683248,0,none
TXN-003005,CUST-00233,792895,MERCH-0099,Ibadan,2026-07-30 12:55:00.952853,0,none
TXN-006961,CUST-00439,2419831,MERCH-0006,Ibadan,2026-07-22 17:23:00.706698,0,none
TXN-004091,CUST-00112,3794338,MERCH-0087,Ibadan,2026-07-30 14:36:00.714775,0,none
TXN-002323,CUST-00144,3060440,MERCH-0048,Enugu,2026-07-17 19:09:00.386472,0,none
TXN-006668,CUST-00297,6177066,MERCH-0090,Enugu,2026-08-20 21:28:00.300217,0,none
TXN-007010,CUST-00385,2325320,MERCH-0057,Abuja,2026-07-30 09:02:00.123758,0,none
TXN-004198,CUST-00141,5179387,MERCH-0004,Ibadan,2026-08-04 12:09:00.427447,0,none
TXN-003550,CUST-00315,2305145,MERCH-0035,Kaduna,2026-08-17 13:41:00.081254,0,none
TXN-008364,CUST-00160,46906944,MERCH-0079,Lagos,2026-08-04 12:58:00.604339,1,amount_anomaly
TXN-004204,CUST-00366,1175730,MERCH-0012,Port Harcourt,2026-09-16 13:15:00.610550,0,none
TXN-009647,CUST-00041,2487787,MERCH-0020,Ibadan,2026-08-20 14:04:00.153700,0,none
TXN-009261,CUST-00079,2687079,MERCH-0062,Abuja,2026-09-11 09:36:00.218274,0,none
TXN-006186,CUST-00015,1489254,MERCH-0038,Lagos,2026-08-05 15:04:00.344315,0,none
TXN-001640,CUST-00476,1051066,MERCH-0083,Lagos,2026-08-16 20:06:00.202329,0,none
TXN-009131,CUST-00416,7477962,MERCH-0075,Benin City,2026-09-14 18:56:00.497012,0,none
TXN-000061,CUST-00481,6172495,MERCH-0010,Lagos,2026-08-06 09:31:00.463706,0,none
TXN-001241,CUST-00321,3156463,MERCH-0081,Benin City,2026-08-31 20:17:00.085387,0,none
TXN-005761,CUST-00101,1839553,MERCH-0018,Enugu,2026-10-04 21:53:00.144720,0,none
TXN-005137,CUST-00046,790569,MERCH-0078,Port Harcourt,2026-08-04 03:54:00.069973,1,off_hours
TXN-002344,CUST-00251,1800761,MERCH-0094,Benin City,2026-07-12 15:05:00.407706,0,none
TXN-002121,CUST-00494,3690297,MERCH-0083,Kaduna,2026-07-16 09:07:00.286431,0,none
TXN-001525,CUST-00478,3201470,MERCH-0066,Benin City,2026-09-23 16:27:00.211861,0,none
TXN-007618,CUST-00285,3064313,MERCH-0001,Kano,2026-09-28 16:13:00.444828,0,none
TXN-000154,CUST-00167,2486166,MERCH-0040,Abuja,2026-08-28 13:27:00.332700,0,none
TXN-000482,CUST-00191,4821197,MERCH-0052,Benin City,2026-08-13 13:26:00.157140,0,none
TXN-006123,CUST-00303,4070711,MERCH-0091,Abuja,2026-07-24 20:55:00.039103,0,none
TXN-007675,CUST-00174,2754537,MERCH-0067,Kaduna,2026-08-25 15:27:00.383634,0,none
TXN-007102,CUST-00339,905787,MERCH-0028,Abuja,2026-09-27 10:06:00.507254,0,none
TXN-001763,CUST-00104,6476865,MERCH-0064,Ibadan,2026-09-27 12:18:00.436363,0,none
TXN-008943,CUST-00228,3536377,MERCH-0072,Port Harcourt,2026-07-29 15:48:00.891671,0,none
TXN-007716,CUST-00241,504791,MERCH-0035,Ibadan,2026-09-14 08:34:00.880200,0,none
TXN-009409,CUST-00007,1601205,MERCH-0049,Abuja,2026-09-12 14:33:00.000098,0,none
TXN-007480,CUST-00006,4591330,MERCH-0080,Abuja,2026-07-11 18:50:00.762601,0,none
TXN-006213,CUST-00245,3862879,MERCH-0073,Abuja,2026-09-05 15:24:00.267733,0,none
TXN-004854,CUST-00475,3326690,MERCH-0068,Abuja,2026-08-26 12:20:00.043997,0,none
TXN-002712,CUST-00095,1149067,MERCH-0099,Abuja,2026-08-09 20:10:00.530716,0,none
TXN-006767,CUST-00399,1240826,MERCH-0006,Kano,2026-10-04 15:01:00.616853,0,none
TXN-004151,CUST-00026,1393556,MERCH-0057,Kaduna,2026-08-30 16:44:00.081698,0,none
TXN-001334,CUST-00227,5289390,MERCH-0083,Kano,2026-07-31 12:07:00.973859,0,none
TXN-008379,CUST-00434,3017745,MERCH-0065,Ibadan,2026-08-31 10:50:00.343012,0,none
TXN-009726,CUST-00102,3132756,MERCH-0058,Lagos,2026-07-11 20:02:00.583471,0,none
TXN-BURST-TXN-001445-2,CUST-00459,899588,MERCH-0059,Benin City,2026-09-21 09:05:30.448697,1,velocity_burst
TXN-009450,CUST-00082,2346142,MERCH-0015,Lagos,2026-07-17 20:02:00.121728,0,none
TXN-003851,CUST-00163,1444729,MERCH-0048,Lagos,2026-09-14 21:44:00.438682,0,none
TXN-008341,CUST-00449,3319683,MERCH-0090,Ibadan,2026-07-12 20:04:00.151430,0,none
TXN-004125,CUST-00390,1619959,MERCH-0090,Enugu,2026-07-25 09:35:00.950759,0,none
TXN-009289,CUST-00062,1603754,MERCH-0004,Enugu,2026-07-21 16:58:00.893554,0,none
TXN-004789,CUST-00024,1704927,MERCH-0053,Abuja,2026-07-27 18:06:00.185774,0,none
TXN-002867,CUST-00453,1651392,MERCH-0016,Kaduna,2026-07-28 14:33:00.977934,0,none
TXN-001387,CUST-00146,4003749,MERCH-0015,Kaduna,2026-09-21 15:43:00.995082,0,none
TXN-005942,CUST-00154,4934565,MERCH-0100,Enugu,2026-07-08 06:04:00.459680,0,none
TXN-003068,CUST-00197,2748046,MERCH-0016,Kaduna,2026-07-23 19:36:00.321162,0,none
TXN-009386,CUST-00225,3783161,MERCH-0094,Kano,2026-08-24 10:57:00.507165,0,none
TXN-003630,CUST-00293,4767764,MERCH-0082,Ibadan,2026-07-08 14:23:00.732700,0,none
TXN-009797,CUST-00308,3644265,MERCH-0046,Kaduna,2026-09-29 13:53:00.131269,0,none
TXN-009769,CUST-00286,4193122,MERCH-0012,Kaduna,2026-08-17 17:34:00.704102,0,none
TXN-003029,CUST-00142,726955,MERCH-0073,Port Harcourt,2026-09-18 10:43:00.638951,0,none
TXN-002970,CUST-00307,1326219,MERCH-0034,Abuja,2026-09-01 19:40:00.895155,0,none
TXN-008647,CUST-00214,2959436,MERCH-0084,Kaduna,2026-07-23 17:24:00.598361,0,none
TXN-006137,CUST-00195,4993499,MERCH-0015,Benin City,2026-07-16 14:36:00.682501,0,none
TXN-008802,CUST-00181,3328819,MERCH-0031,Kano,2026-07-16 16:49:00.625177,0,none
TXN-004264,CUST-00031,1423160,MERCH-0073,Kano,2026-07-21 15:00:00.854977,0,none
TXN-000646,CUST-00105,784971,MERCH-0068,Lagos,2026-08-30 12:53:00.015460,0,none
TXN-BURST-TXN-000109-2,CUST-00305,3116284,MERCH-0085,Enugu,2026-09-12 12:40:30.586306,1,velocity_burst
TXN-002075,CUST-00395,1225163,MERCH-0024,Enugu,2026-07-21 10:32:00.778902,0,none
TXN-000342,CUST-00454,1544677,MERCH-0082,Abuja,2026-07-16 16:47:00.444497,0,none
TXN-008042,CUST-00040,986472,MERCH-0047,Kano,2026-07-26 00:35:00.759820,1,off_hours
TXN-001623,CUST-00228,3813192,MERCH-0037,Port Harcourt,2026-07-27 11:55:00.257382,0,none
TXN-007142,CUST-00016,1911825,MERCH-0039,Port Harcourt,2026-09-11 12:05:00.192680,0,none
TXN-005797,CUST-00469,928961,MERCH-0080,Benin City,2026-08-13 10:29:00.523782,0,none
TXN-007185,CUST-00191,4454587,MERCH-0010,Benin City,2026-08-02 19:39:00.772790,0,none
TXN-008233,CUST-00164,3872335,MERCH-0050,Ibadan,2026-08-12 14:48:00.339782,1,geo_anomaly
TXN-005476,CUST-00061,4491179,MERCH-0097,Enugu,2026-09-04 18:01:00.846604,0,none
TXN-009586,CUST-00151,468908,MERCH-0074,Enugu,2026-09-22 16:24:00.119109,0,none
TXN-000075,CUST-00054,4728439,MERCH-0064,Abuja,2026-08-11 17:21:00.822577,0,none
TXN-BURST-TXN-006643-0,CUST-00237,1507698,MERCH-0065,Port Harcourt,2026-07-13 12:30:30.748841,1,velocity_burst
TXN-008634,CUST-00444,1834410,MERCH-0012,Kano,2026-08-30 10:22:00.636127,0,none
TXN-009563,CUST-00307,1616795,MERCH-0059,Abuja,2026-07-10 19:22:00.358358,0,none
TXN-002052,CUST-00145,797880,MERCH-0057,Abuja,2026-09-15 12:40:00.843701,0,none
TXN-002542,CUST-00441,7048651,MERCH-0033,Abuja,2026-08-14 10:12:00.013789,0,none
TXN-001302,CUST-00217,1552807,MERCH-0071,Port Harcourt,2026-09-12 13:05:00.646887,0,none
TXN-005878,CUST-00413,498735,MERCH-0100,Port Harcourt,2026-08-31 17:29:00.565393,0,none
TXN-007369,CUST-00222,5569040,MERCH-0054,Port Harcourt,2026-07-30 17:43:00.637485,0,none
TXN-001305,CUST-00095,4269630,MERCH-0066,Abuja,2026-07-25 09:52:00.457935,0,none
TXN-008429,CUST-00192,3090323,MERCH-0078,Benin City,2026-09-03 16:42:00.782102,0,none
TXN-009422,CUST-00468,1929202,MERCH-0007,Ibadan,2026-09-27 18:20:00.327807,0,none
TXN-002600,CUST-00106,4121717,MERCH-0080,Kano,2026-09-15 09:45:00.790018,0,none
TXN-002574,CUST-00037,2420372,MERCH-0034,Port Harcourt,2026-07-18 11:24:00.429540,0,none
TXN-003187,CUST-00077,2721262,MERCH-0043,Ibadan,2026-08-17 19:47:00.460540,0,none
TXN-002769,CUST-00209,7324950,MERCH-0019,Kaduna,2026-07-09 11:45:00.807014,0,none
TXN-004832,CUST-00359,3849438,MERCH-0026,Benin City,2026-07-20 10:43:00.723439,0,none
TXN-004224,CUST-00456,5844309,MERCH-0029,Kaduna,2026-08-18 13:55:00.255576,1,velocity_burst
TXN-BURST-TXN-009342-1,CUST-00167,4855424,MERCH-0047,Abuja,2026-09-28 13:07:00.920551,1,velocity_burst
TXN-002107,CUST-00499,1527987,MERCH-0073,Lagos,2026-09-08 19:56:00.974566,0,none
TXN-002680,CUST-00121,3636984,MERCH-0087,Kaduna,2026-07-22 22:31:00.901513,0,none
TXN-001388,CUST-00124,5191498,MERCH-0096,Kaduna,2026-09-14 16:02:00.252946,0,none
TXN-009256,CUST-00004,2839160,MERCH-0098,Kano,2026-08-02 18:59:00.783606,0,none
TXN-BURST-TXN-000306-2,CUST-00050,3456574,MERCH-0027,Kano,2026-08-28 19:23:30.598811,1,velocity_burst
TXN-007084,CUST-00425,6716553,MERCH-0026,Enugu,2026-07-28 14:17:00.233799,0,none
TXN-001280,CUST-00309,2492433,MERCH-0040,Kaduna,2026-09-12 18:21:00.350386,0,none
TXN-000805,CUST-00493,5320136,MERCH-0087,Ibadan,2026-08-08 15:53:00.016613,0,none
TXN-001556,CUST-00359,2582940,MERCH-0100,Benin City,2026-09-17 11:30:00.977723,0,none
TXN-009922,CUST-00497,1076927,MERCH-0038,Kaduna,2026-07-08 00:40:00.985529,1,off_hours
TXN-004567,CUST-00391,3894815,MERCH-0074,Port Harcourt,2026-08-24 08:30:00.096314,0,none
TXN-BURST-TXN-000640-0,CUST-00437,1861079,MERCH-0078,Kano,2026-08-22 16:51:30.578591,1,velocity_burst
TXN-004842,CUST-00103,3890973,MERCH-0074,Benin City,2026-08-27 18:41:00.991400,0,none
TXN-003595,CUST-00265,5437852,MERCH-0064,Lagos,2026-08-06 11:30:00.518627,1,geo_anomaly
TXN-006036,CUST-00082,3440597,MERCH-0033,Lagos,2026-08-04 10:59:00.425697,0,none
TXN-006853,CUST-00373,5351574,MERCH-0085,Kaduna,2026-08-26 10:14:00.789639,0,none
TXN-008706,CUST-00247,4484723,MERCH-0008,Abuja,2026-07-08 15:22:00.182021,0,none
TXN-004178,CUST-00013,2571806,MERCH-0064,Enugu,2026-08-08 12:22:00.462905,0,none
TXN-001309,CUST-00139,1018947,MERCH-0028,Enugu,2026-09-22 20:54:00.127345,0,none
TXN-009107,CUST-00047,3420442,MERCH-0067,Abuja,2026-08-18 17:42:00.006711,0,none
TXN-003453,CUST-00221,1534194,MERCH-0044,Benin City,2026-09-11 15:34:00.933601,1,velocity_burst
TXN-003696,CUST-00180,1061166,MERCH-0031,Kaduna,2026-08-05 10:33:00.234987,0,none
TXN-004243,CUST-00268,3978841,MERCH-0071,Ibadan,2026-07-15 12:12:00.996996,0,none
TXN-002199,CUST-00331,4850827,MERCH-0100,Abuja,2026-10-04 15:17:00.239855,0,none
TXN-008967,CUST-00440,1796395,MERCH-0012,Kaduna,2026-09-07 15:22:00.906054,0,none
TXN-004426,CUST-00437,2373963,MERCH-0085,Kano,2026-07-08 07:39:00.075366,0,none
TXN-006151,CUST-00441,6084774,MERCH-0083,Abuja,2026-08-19 17:28:00.262261,0,none
TXN-000944,CUST-00148,575200,MERCH-0033,Lagos,2026-08-23 12:44:00.073282,0,none
TXN-000823,CUST-00199,4332522,MERCH-0031,Kano,2026-07-24 10:07:00.154480,0,none
TXN-005006,CUST-00452,4661561,MERCH-0057,Ibadan,2026-09-06 11:55:00.782964,0,none
TXN-006613,CUST-00032,3835669,MERCH-0041,Abuja,2026-09-17 10:33:00.442931,0,none
TXN-008357,CUST-00223,4344798,MERCH-0062,Lagos,2026-08-23 13:49:00.210716,0,none
TXN-005620,CUST-00096,2415696,MERCH-0080,Lagos,2026-08-29 17:14:00.747406,0,none
TXN-004548,CUST-00203,1944266,MERCH-0067,Kano,2026-08-18 19:28:00.569302,0,none
TXN-002539,CUST-00006,2762414,MERCH-0081,Abuja,2026-07-29 09:33:00.019355,0,none
TXN-005208,CUST-00074,5370049,MERCH-0028,Kaduna,2026-09-03 14:05:00.392292,0,none
TXN-009856,CUST-00403,3332278,MERCH-0078,Abuja,2026-09-13 18:13:00.027678,0,none
TXN-009337,CUST-00472,381701,MERCH-0077,Port Harcourt,2026-09-21 16:51:00.456415,0,none
TXN-003055,CUST-00320,1323238,MERCH-0019,Abuja,2026-08-06 09:10:00.820743,0,none
TXN-003676,CUST-00108,1030981,MERCH-0056,Lagos,2026-08-21 20:42:00.391573,0,none
TXN-007777,CUST-00079,4206634,MERCH-0095,Abuja,2026-07-24 15:05:00.099669,0,none
TXN-007219,CUST-00200,443889,MERCH-0048,Kaduna,2026-07-29 13:49:00.559618,0,none
TXN-006723,CUST-00229,6337734,MERCH-0016,Ibadan,2026-07-12 16:33:00.307420,0,none
TXN-003301,CUST-00133,1235556,MERCH-0080,Kaduna,2026-09-18 12:07:00.366044,0,none
TXN-003311,CUST-00228,6312502,MERCH-0072,Port Harcourt,2026-07-15 13:09:00.427263,0,none
TXN-007222,CUST-00482,1018712,MERCH-0053,Port Harcourt,2026-09-27 14:50:00.326465,0,none
TXN-008520,CUST-00291,1884242,MERCH-0051,Kaduna,2026-09-10 13:45:00.615155,0,none
TXN-005955,CUST-00451,1361712,MERCH-0007,Kano,2026-09-17 20:56:00.443706,0,none
TXN-000833,CUST-00350,2028908,MERCH-0074,Enugu,2026-08-23 10:47:00.323327,0,none
TXN-003463,CUST-00435,4941770,MERCH-0084,Lagos,2026-09-01 21:55:00.143204,0,none
TXN-007644,CUST-00162,718117,MERCH-0065,Kano,2026-09-14 09:25:00.035759,0,none
TXN-000055,CUST-00376,3163599,MERCH-0008,Kaduna,2026-07-27 19:39:00.954368,0,none
TXN-003452,CUST-00396,1061496,MERCH-0086,Kaduna,2026-09-11 19:12:00.097133,0,none
TXN-006306,CUST-00271,525236,MERCH-0080,Kano,2026-10-04 20:21:00.732331,0,none
TXN-001482,CUST-00272,5430535,MERCH-0068,Kaduna,2026-08-11 13:33:00.281881,0,none
TXN-004874,CUST-00249,4237541,MERCH-0024,Lagos,2026-07-15 17:56:00.668784,0,none
TXN-008039,CUST-00294,2393996,MERCH-0076,Ibadan,2026-08-22 11:37:00.718268,0,none
TXN-003336,CUST-00116,2334558,MERCH-0018,Ibadan,2026-08-30 19:11:00.698847,0,none
TXN-006017,CUST-00496,4374469,MERCH-0071,Lagos,2026-07-30 13:39:00.238205,0,none
TXN-004927,CUST-00342,2496925,MERCH-0094,Benin City,2026-08-22 11:35:00.867601,0,none
TXN-009139,CUST-00147,1558995,MERCH-0006,Enugu,2026-07-15 19:59:00.985506,0,none
TXN-005798,CUST-00015,1397415,MERCH-0015,Lagos,2026-07-21 11:03:00.147946,0,none
TXN-BURST-TXN-004349-1,CUST-00236,934891,MERCH-0002,Kano,2026-09-20 10:24:00.176822,1,velocity_burst
TXN-005084,CUST-00384,1131682,MERCH-0027,Kano,2026-09-18 11:42:00.906239,0,none
TXN-006646,CUST-00163,2605279,MERCH-0047,Lagos,2026-10-01 16:29:00.953603,0,none
TXN-005491,CUST-00342,3763857,MERCH-0056,Benin City,2026-09-03 14:35:00.144574,0,none
TXN-000769,CUST-00192,4258031,MERCH-0087,Benin City,2026-08-01 09:50:00.012329,0,none
TXN-002066,CUST-00158,1941834,MERCH-0061,Benin City,2026-08-16 08:01:00.122903,0,none
TXN-009842,CUST-00430,4094829,MERCH-0081,Lagos,2026-08-21 18:46:00.524945,0,none
TXN-007312,CUST-00141,5947488,MERCH-0072,Ibadan,2026-09-29 17:03:00.678529,0,none
TXN-008478,CUST-00429,3220809,MERCH-0094,Enugu,2026-08-07 14:42:00.995652,0,none
TXN-004525,CUST-00033,1572236,MERCH-0002,Kano,2026-09-03 18:21:00.347950,0,none
TXN-002718,CUST-00248,4151706,MERCH-0010,Kaduna,2026-09-06 12:13:00.138657,0,none
TXN-002080,CUST-00009,1906876,MERCH-0060,Abuja,2026-09-08 16:51:00.755309,0,none
TXN-008915,CUST-00439,2473236,MERCH-0021,Ibadan,2026-08-22 16:40:00.883055,0,none
TXN-000952,CUST-00391,3424485,MERCH-0074,Port Harcourt,2026-09-26 09:23:00.044872,0,none
TXN-008059,CUST-00365,2221434,MERCH-0083,Ibadan,2026-07-23 12:25:00.302401,0,none
TXN-002483,CUST-00442,1990493,MERCH-0006,Port Harcourt,2026-07-25 17:58:00.754050,0,none
TXN-009182,CUST-00171,1432143,MERCH-0093,Kaduna,2026-09-13 13:16:00.644391,0,none
TXN-001760,CUST-00406,553059,MERCH-0088,Benin City,2026-07-29 11:53:00.568938,0,none
TXN-004423,CUST-00294,4336175,MERCH-0015,Abuja,2026-07-10 11:22:00.002835,1,geo_anomaly
TXN-006705,CUST-00211,1097402,MERCH-0007,Kaduna,2026-08-29 17:14:00.378364,0,none
TXN-005183,CUST-00359,5417830,MERCH-0018,Benin City,2026-09-27 16:02:00.458617,0,none
TXN-008534,CUST-00210,3589076,MERCH-0066,Benin City,2026-09-22 17:31:00.845015,0,none
TXN-003702,CUST-00316,512255,MERCH-0014,Benin City,2026-09-08 17:38:00.510564,0,none
TXN-004244,CUST-00463,3446930,MERCH-0080,Port Harcourt,2026-09-17 19:47:00.943827,0,none
TXN-000689,CUST-00440,3001900,MERCH-0002,Kaduna,2026-07-16 19:15:00.618136,0,none
TXN-003433,CUST-00324,1174889,MERCH-0074,Enugu,2026-07-16 16:45:00.734659,0,none
TXN-004945,CUST-00349,4073669,MERCH-0005,Kaduna,2026-08-22 14:08:00.526193,0,none
TXN-000967,CUST-00158,1953294,MERCH-0061,Benin City,2026-09-15 19:24:00.614438,0,none
TXN-009826,CUST-00093,1001151,MERCH-0061,Port Harcourt,2026-09-10 15:42:00.495034,0,none
TXN-002714,CUST-00453,1402712,MERCH-0064,Kaduna,2026-09-14 12:32:00.152874,1,velocity_burst
TXN-004758,CUST-00033,2939518,MERCH-0059,Kano,2026-08-06 17:23:00.097346,0,none
TXN-BURST-TXN-002907-1,CUST-00159,3425599,MERCH-0060,Port Harcourt,2026-09-09 10:53:00.266969,1,velocity_burst
TXN-006321,CUST-00015,1636145,MERCH-0056,Lagos,2026-07-22 15:10:00.206206,0,none
TXN-005976,CUST-00211,1373083,MERCH-0013,Kaduna,2026-09-09 10:46:00.933295,0,none
TXN-003573,CUST-00125,4620956,MERCH-0057,Enugu,2026-08-25 07:24:00.736795,0,none
TXN-005300,CUST-00404,551844,MERCH-0080,Kaduna,2026-09-30 11:57:00.894406,0,none
TXN-001991,CUST-00468,3648325,MERCH-0007,Ibadan,2026-09-19 13:23:00.908747,0,none
TXN-001206,CUST-00173,4629158,MERCH-0018,Port Harcourt,2026-07-21 17:03:00.674711,0,none
TXN-004972,CUST-00193,1058140,MERCH-0005,Kano,2026-08-20 08:35:00.958662,0,none
TXN-BURST-TXN-001779-0,CUST-00363,2982950,MERCH-0023,Enugu,2026-07-12 20:06:30.335490,1,velocity_burst
TXN-006784,CUST-00404,968535,MERCH-0089,Kaduna,2026-07-27 13:40:00.748803,0,none
TXN-003601,CUST-00283,2550346,MERCH-0024,Kaduna,2026-09-25 18:59:00.711339,0,none
TXN-006491,CUST-00471,3407137,MERCH-0034,Abuja,2026-09-11 06:30:00.704871,0,none
TXN-008610,CUST-00254,2897632,MERCH-0077,Lagos,2026-07-14 17:23:00.698824,0,none
TXN-BURST-TXN-009470-2,CUST-00212,4258177,MERCH-0041,Enugu,2026-10-01 12:17:30.472302,1,velocity_burst
TXN-008071,CUST-00290,3900563,MERCH-0062,Kano,2026-09-08 09:52:00.850903,0,none
TXN-008578,CUST-00419,929402,MERCH-0038,Ibadan,2026-07-21 18:13:00.648378,0,none
TXN-007974,CUST-00162,607495,MERCH-0083,Kano,2026-07-11 13:39:00.668324,0,none
TXN-001626,CUST-00462,3745670,MERCH-0078,Ibadan,2026-09-23 20:39:00.187664,0,none
TXN-000537,CUST-00221,2451574,MERCH-0091,Benin City,2026-09-14 21:07:00.992817,0,none
TXN-008767,CUST-00426,6770634,MERCH-0041,Benin City,2026-09-27 12:54:00.669903,0,none
TXN-007971,CUST-00402,6073253,MERCH-0100,Abuja,2026-08-17 13:28:00.475867,0,none
TXN-004213,CUST-00133,1042730,MERCH-0019,Kaduna,2026-09-06 20:38:00.263081,0,none
TXN-006457,CUST-00320,772335,MERCH-0017,Abuja,2026-09-22 11:20:00.189631,0,none
TXN-003508,CUST-00019,4047785,MERCH-0061,Abuja,2026-07-21 16:02:00.041316,0,none
TXN-008394,CUST-00267,500496,MERCH-0093,Kano,2026-07-30 18:24:00.773913,0,none
TXN-007113,CUST-00417,547014,MERCH-0014,Abuja,2026-09-26 19:26:00.079353,0,none
TXN-002709,CUST-00096,4936062,MERCH-0097,Lagos,2026-08-21 14:28:00.475317,0,none
TXN-005032,CUST-00281,1414156,MERCH-0013,Kano,2026-07-23 18:29:00.074026,0,none
TXN-006515,CUST-00404,783938,MERCH-0019,Kaduna,2026-09-13 12:46:00.306228,0,none
TXN-004663,CUST-00044,1702115,MERCH-0083,Ibadan,2026-08-22 06:28:00.081702,0,none
TXN-004022,CUST-00027,724329,MERCH-0022,Abuja,2026-08-03 10:23:00.101286,0,none
TXN-001855,CUST-00381,3275234,MERCH-0086,Kaduna,2026-08-26 15:13:00.397838,0,none
TXN-009764,CUST-00088,3286033,MERCH-0029,Abuja,2026-09-23 14:20:00.812742,0,none
TXN-002873,CUST-00142,944970,MERCH-0098,Port Harcourt,2026-09-01 19:00:00.463723,0,none
TXN-003031,CUST-00274,2382141,MERCH-0011,Ibadan,2026-09-26 21:50:00.362905,0,none
TXN-001646,CUST-00395,2965730,MERCH-0057,Enugu,2026-08-19 12:21:00.969958,0,none
TXN-003418,CUST-00157,764363,MERCH-0058,Abuja,2026-10-02 16:37:00.185684,0,none
TXN-003477,CUST-00427,5204584,MERCH-0036,Abuja,2026-07-26 10:00:00.411855,0,none
TXN-009896,CUST-00010,3698181,MERCH-0041,Ibadan,2026-08-14 12:51:00.488007,0,none
TXN-001793,CUST-00360,2121525,MERCH-0069,Abuja,2026-08-16 13:21:00.576610,0,none
TXN-003798,CUST-00115,4623971,MERCH-0100,Enugu,2026-08-15 06:09:00.773856,0,none
TXN-003369,CUST-00245,4332569,MERCH-0065,Abuja,2026-10-03 11:48:00.840626,0,none
TXN-007197,CUST-00482,637644,MERCH-0052,Port Harcourt,2026-07-29 11:32:00.943110,0,none
TXN-009991,CUST-00432,1714972,MERCH-0077,Port Harcourt,2026-08-22 14:54:00.686357,0,none
TXN-005110,CUST-00087,5077201,MERCH-0090,Kaduna,2026-07-22 17:01:00.021667,0,none
TXN-006025,CUST-00394,2034087,MERCH-0063,Kaduna,2026-08-26 18:03:00.223094,0,none
TXN-008796,CUST-00221,2494348,MERCH-0091,Benin City,2026-07-08 16:07:00.254084,0,none
TXN-009628,CUST-00257,6825193,MERCH-0076,Kano,2026-09-05 19:07:00.464755,0,none
TXN-000127,CUST-00473,3388961,MERCH-0068,Port Harcourt,2026-10-02 21:10:00.772796,0,none
TXN-005960,CUST-00190,3770657,MERCH-0022,Abuja,2026-09-11 15:41:00.861315,0,none
TXN-003877,CUST-00260,2404698,MERCH-0054,Kaduna,2026-10-04 10:50:00.504111,0,none
TXN-004452,CUST-00071,3334026,MERCH-0014,Enugu,2026-09-27 07:12:00.933069,0,none
TXN-007148,CUST-00355,608781,MERCH-0031,Benin City,2026-07-16 09:16:00.218889,0,none
TXN-003532,CUST-00482,1344486,MERCH-0053,Port Harcourt,2026-09-18 12:00:00.840627,0,none
TXN-000828,CUST-00496,3248439,MERCH-0034,Lagos,2026-09-19 10:17:00.642813,0,none
TXN-007791,CUST-00349,4090876,MERCH-0092,Kaduna,2026-07-10 15:48:00.147674,0,none
TXN-000985,CUST-00010,2225506,MERCH-0052,Ibadan,2026-08-05 14:40:00.961491,0,none
TXN-007784,CUST-00131,4533546,MERCH-0029,Benin City,2026-07-27 13:19:00.508987,0,none
TXN-002444,CUST-00263,4841404,MERCH-0095,Ibadan,2026-09-07 10:11:00.761765,0,none
TXN-008555,CUST-00027,738852,MERCH-0031,Abuja,2026-09-07 16:07:00.921956,0,none
TXN-000346,CUST-00174,3178919,MERCH-0067,Kaduna,2026-08-13 15:50:00.345760,0,none
TXN-000815,CUST-00126,3023121,MERCH-0016,Benin City,2026-09-21 20:38:00.734576,0,none
TXN-006167,CUST-00076,2003161,MERCH-0089,Kaduna,2026-09-14 21:00:00.506214,0,none
TXN-005780,CUST-00254,3106556,MERCH-0005,Lagos,2026-07-09 14:49:00.435333,0,none
TXN-002117,CUST-00457,3722463,MERCH-0064,Lagos,2026-09-10 15:49:00.120790,0,none
TXN-000794,CUST-00458,4354213,MERCH-0016,Kano,2026-09-27 10:24:00.098011,0,none
TXN-006899,CUST-00020,3278435,MERCH-0097,Kano,2026-07-10 10:32:00.877262,0,none
TXN-002675,CUST-00464,1738843,MERCH-0015,Benin City,2026-09-20 18:26:00.919998,0,none
TXN-000095,CUST-00006,2635915,MERCH-0081,Abuja,2026-07-18 15:33:00.823076,0,none
TXN-004226,CUST-00452,4303965,MERCH-0074,Ibadan,2026-09-17 09:51:00.891239,0,none
TXN-003757,CUST-00120,3800273,MERCH-0034,Enugu,2026-08-23 08:22:00.240340,0,none
TXN-002892,CUST-00296,3251642,MERCH-0077,Kano,2026-09-22 18:02:00.876679,0,none
TXN-002372,CUST-00246,1390813,MERCH-0027,Kano,2026-08-31 15:19:00.391212,0,none
TXN-009725,CUST-00436,4104624,MERCH-0071,Abuja,2026-08-14 14:26:00.911815,0,none
TXN-003229,CUST-00217,1341933,MERCH-0098,Port Harcourt,2026-07-14 14:28:00.934063,0,none
TXN-007864,CUST-00418,416972,MERCH-0084,Kaduna,2026-08-20 16:16:00.748734,0,none
TXN-006360,CUST-00005,2355960,MERCH-0006,Abuja,2026-08-31 20:05:00.779785,0,none
TXN-009529,CUST-00173,3512363,MERCH-0007,Port Harcourt,2026-09-10 17:24:00.804299,0,none
TXN-007327,CUST-00111,2151909,MERCH-0031,Kano,2026-09-07 16:12:00.921463,0,none
TXN-006029,CUST-00013,735988,MERCH-0012,Enugu,2026-08-23 10:42:00.938613,0,none
TXN-001866,CUST-00498,5254882,MERCH-0051,Kano,2026-08-11 22:59:00.264162,0,none
TXN-004613,CUST-00337,4153882,MERCH-0010,Kaduna,2026-09-18 09:26:00.824793,0,none
TXN-002646,CUST-00307,2071652,MERCH-0059,Abuja,2026-07-24 15:52:00.336949,0,none
TXN-002244,CUST-00255,3152202,MERCH-0028,Lagos,2026-08-07 07:33:00.364589,0,none
TXN-005374,CUST-00400,1564226,MERCH-0019,Enugu,2026-07-13 09:28:00.998505,0,none
TXN-002337,CUST-00123,817252,MERCH-0069,Kano,2026-08-19 11:02:00.182758,0,none
TXN-000951,CUST-00470,3095929,MERCH-0088,Benin City,2026-07-16 14:26:00.029206,0,none
TXN-001121,CUST-00033,1825247,MERCH-0080,Kano,2026-09-02 19:07:00.101969,0,none
TXN-002205,CUST-00015,1345519,MERCH-0038,Lagos,2026-09-25 16:13:00.139430,0,none
TXN-000420,CUST-00189,671047,MERCH-0014,Port Harcourt,2026-09-28 10:12:00.276086,0,none
TXN-000923,CUST-00231,2769720,MERCH-0035,Kaduna,2026-09-10 18:55:00.164699,0,none
TXN-008670,CUST-00041,2621876,MERCH-0053,Ibadan,2026-08-30 12:46:00.256096,0,none
TXN-005409,CUST-00456,3010218,MERCH-0029,Kaduna,2026-09-30 16:42:00.284743,0,none
TXN-005789,CUST-00163,2614536,MERCH-0037,Lagos,2026-09-09 21:13:00.424230,0,none
TXN-005743,CUST-00040,527008,MERCH-0019,Kano,2026-10-02 18:06:00.584061,1,velocity_burst
TXN-007668,CUST-00351,6034019,MERCH-0067,Abuja,2026-07-16 17:42:00.363291,0,none
TXN-005568,CUST-00165,1540802,MERCH-0040,Port Harcourt,2026-08-19 11:43:00.648843,0,none
TXN-008136,CUST-00113,1388114,MERCH-0082,Kano,2026-07-24 20:18:00.686122,0,none
TXN-001203,CUST-00206,6291208,MERCH-0011,Kano,2026-08-12 16:01:00.288741,0,none
TXN-005766,CUST-00465,4011711,MERCH-0019,Kaduna,2026-09-05 17:29:00.350619,0,none
TXN-008390,CUST-00086,2494075,MERCH-0011,Abuja,2026-08-08 11:03:00.726013,0,none
TXN-001971,CUST-00087,3140164,MERCH-0091,Kaduna,2026-08-21 11:50:00.281960,0,none
TXN-004019,CUST-00431,1751792,MERCH-0065,Ibadan,2026-08-13 09:25:00.777570,0,none
TXN-003688,CUST-00266,4029351,MERCH-0053,Kaduna,2026-09-11 07:01:00.690734,0,none
TXN-001998,CUST-00381,3235649,MERCH-0086,Kaduna,2026-09-27 09:57:00.144659,0,none
TXN-004034,CUST-00020,1282892,MERCH-0089,Kano,2026-10-03 17:32:00.303248,0,none
TXN-001249,CUST-00093,942889,MERCH-0061,Port Harcourt,2026-07-07 13:36:00.890024,0,none
TXN-002193,CUST-00362,2494273,MERCH-0032,Lagos,2026-08-31 14:23:00.582509,0,none
TXN-002713,CUST-00489,2129059,MERCH-0083,Port Harcourt,2026-08-27 08:02:00.335914,0,none
TXN-009185,CUST-00325,6409600,MERCH-0081,Kano,2026-08-19 17:18:00.448823,0,none
TXN-002191,CUST-00291,2286647,MERCH-0043,Kaduna,2026-08-02 18:56:00.964008,0,none
TXN-004671,CUST-00251,852144,MERCH-0068,Benin City,2026-07-19 22:22:00.401809,0,none
TXN-005143,CUST-00327,60508767,MERCH-0033,Port Harcourt,2026-10-04 18:24:00.552109,1,amount_anomaly
TXN-005985,CUST-00240,6096233,MERCH-0024,Enugu,2026-08-05 09:14:00.640885,0,none
TXN-006566,CUST-00436,4596742,MERCH-0071,Abuja,2026-08-08 16:25:00.887394,0,none
TXN-007805,CUST-00144,5184064,MERCH-0048,Enugu,2026-08-29 16:37:00.804366,0,none
TXN-006944,CUST-00336,2108341,MERCH-0051,Port Harcourt,2026-07-26 17:25:00.499599,0,none
TXN-002137,CUST-00387,1600916,MERCH-0038,Ibadan,2026-07-11 12:25:00.280226,0,none
TXN-001066,CUST-00229,4507407,MERCH-0072,Ibadan,2026-09-10 15:42:00.022797,0,none
TXN-000601,CUST-00449,3739477,MERCH-0013,Ibadan,2026-09-15 21:16:00.573457,0,none
TXN-004228,CUST-00472,350624,MERCH-0042,Port Harcourt,2026-08-06 18:14:00.730325,0,none
TXN-007578,CUST-00023,3037714,MERCH-0061,Ibadan,2026-09-11 14:45:00.011822,0,none
TXN-000078,CUST-00392,1318794,MERCH-0038,Kaduna,2026-08-17 12:52:00.710641,0,none
TXN-007547,CUST-00376,2385867,MERCH-0012,Kaduna,2026-08-27 20:55:00.393959,0,none
TXN-002899,CUST-00003,2090919,MERCH-0076,Lagos,2026-08-10 18:30:00.097561,0,none
TXN-004821,CUST-00384,827910,MERCH-0027,Kano,2026-09-05 21:38:00.934970,0,none
TXN-BURST-TXN-002894-1,CUST-00124,2132490,MERCH-0054,Kaduna,2026-08-16 19:55:00.365420,1,velocity_burst
TXN-006414,CUST-00103,4602378,MERCH-0090,Benin City,2026-08-19 16:58:00.376923,0,none
TXN-009065,CUST-00224,1263969,MERCH-0041,Enugu,2026-07-17 15:33:00.239901,0,none
TXN-008008,CUST-00374,2671409,MERCH-0023,Ibadan,2026-08-05 14:57:00.206003,0,none
TXN-005469,CUST-00238,3961476,MERCH-0021,Kaduna,2026-07-09 09:37:00.885801,0,none
TXN-005952,CUST-00272,6306474,MERCH-0036,Kaduna,2026-09-11 11:26:00.786731,0,none
TXN-003392,CUST-00366,1215243,MERCH-0012,Port Harcourt,2026-09-07 10:49:00.339616,0,none
TXN-005416,CUST-00489,3300287,MERCH-0071,Port Harcourt,2026-09-23 17:03:00.511545,0,none
TXN-002561,CUST-00265,4575862,MERCH-0064,Kaduna,2026-08-03 12:55:00.310598,0,none
TXN-008163,CUST-00102,1326329,MERCH-0058,Lagos,2026-10-03 16:59:00.688118,0,none
TXN-002636,CUST-00308,4892338,MERCH-0076,Kaduna,2026-07-18 21:19:00.061359,0,none
TXN-005257,CUST-00220,6550864,MERCH-0018,Benin City,2026-07-09 10:22:00.452646,0,none
TXN-003531,CUST-00013,2513256,MERCH-0064,Enugu,2026-08-14 00:52:00.729001,1,off_hours
TXN-008568,CUST-00101,3092955,MERCH-0044,Enugu,2026-08-15 19:19:00.230821,0,none
TXN-001909,CUST-00019,3224066,MERCH-0085,Abuja,2026-09-18 08:34:00.067034,0,none
TXN-000236,CUST-00304,795722,MERCH-0043,Abuja,2026-08-21 17:22:00.341949,0,none
TXN-001605,CUST-00314,1212789,MERCH-0059,Port Harcourt,2026-09-07 10:17:00.495675,0,none
TXN-007985,CUST-00021,2316902,MERCH-0029,Port Harcourt,2026-07-28 13:04:00.172664,0,none
TXN-009311,CUST-00133,1253261,MERCH-0009,Kaduna,2026-09-01 10:44:00.492854,0,none
TXN-003491,CUST-00329,3717524,MERCH-0090,Ibadan,2026-07-08 10:36:00.377951,0,none
TXN-001995,CUST-00229,3649952,MERCH-0036,Ibadan,2026-07-28 20:47:00.936875,0,none
TXN-002825,CUST-00103,2535367,MERCH-0074,Benin City,2026-07-29 10:24:00.442111,0,none
TXN-009619,CUST-00313,6379069,MERCH-0098,Kaduna,2026-09-20 09:53:00.725571,0,none
TXN-001343,CUST-00038,1405416,MERCH-0099,Lagos,2026-08-08 10:22:00.774448,0,none
TXN-008513,CUST-00082,3242254,MERCH-0062,Lagos,2026-09-19 12:32:00.042592,0,none
TXN-001620,CUST-00456,3835977,MERCH-0098,Kaduna,2026-09-27 13:08:00.201161,0,none
TXN-005288,CUST-00082,3817243,MERCH-0024,Lagos,2026-08-29 13:52:00.928760,0,none
TXN-002061,CUST-00425,4794971,MERCH-0018,Enugu,2026-09-18 14:09:00.741378,0,none
TXN-BURST-TXN-008814-0,CUST-00423,4666579,MERCH-0034,Ibadan,2026-07-26 13:51:30.128040,1,velocity_burst
TXN-002220,CUST-00385,4638657,MERCH-0007,Abuja,2026-09-08 16:16:00.815558,0,none
TXN-006039,CUST-00443,2235482,MERCH-0006,Benin City,2026-09-24 16:16:00.455908,0,none
TXN-000261,CUST-00407,1983031,MERCH-0078,Ibadan,2026-08-02 19:58:00.062626,0,none
TXN-009702,CUST-00003,1610908,MERCH-0058,Lagos,2026-07-10 15:58:00.337349,0,none
TXN-009094,CUST-00224,2473200,MERCH-0054,Enugu,2026-08-01 13:26:00.058731,0,none
TXN-003745,CUST-00038,1737952,MERCH-0099,Lagos,2026-07-25 15:57:00.227184,1,velocity_burst
TXN-002027,CUST-00391,1599374,MERCH-0051,Port Harcourt,2026-07-16 08:26:00.402865,0,none
TXN-006989,CUST-00262,1002074,MERCH-0098,Ibadan,2026-08-28 15:30:00.642165,0,none
TXN-004235,CUST-00082,908816,MERCH-0062,Lagos,2026-09-07 11:35:00.545509,0,none
TXN-001918,CUST-00099,1924943,MERCH-0083,Enugu,2026-07-30 10:19:00.226595,1,geo_anomaly
TXN-001829,CUST-00434,2947465,MERCH-0003,Ibadan,2026-09-14 12:06:00.161133,0,none
TXN-006234,CUST-00331,4108290,MERCH-0097,Abuja,2026-08-16 12:09:00.495190,0,none
TXN-009669,CUST-00353,870903,MERCH-0060,Benin City,2026-09-01 17:47:00.015826,0,none
TXN-006284,CUST-00419,1167602,MERCH-0084,Ibadan,2026-08-29 16:59:00.190536,0,none
TXN-004209,CUST-00351,1419573,MERCH-0009,Abuja,2026-09-27 17:45:00.487654,0,none
TXN-000225,CUST-00024,1848640,MERCH-0084,Abuja,2026-08-18 13:01:00.662634,0,none
TXN-008916,CUST-00250,3854812,MERCH-0018,Kano,2026-07-11 12:30:00.486009,0,none
TXN-009334,CUST-00386,1460127,MERCH-0098,Kaduna,2026-09-02 10:08:00.121702,0,none
TXN-006470,CUST-00087,4655709,MERCH-0037,Kaduna,2026-07-09 14:11:00.769559,0,none
TXN-009752,CUST-00270,4868328,MERCH-0001,Lagos,2026-10-01 09:12:00.080160,0,none
TXN-000847,CUST-00321,3302314,MERCH-0074,Benin City,2026-08-21 18:51:00.611627,0,none
TXN-004290,CUST-00414,1202151,MERCH-0099,Ibadan,2026-10-02 08:00:00.869078,0,none
TXN-005561,CUST-00329,5060684,MERCH-0090,Ibadan,2026-07-16 18:07:00.387530,0,none
TXN-002552,CUST-00487,1252642,MERCH-0027,Kano,2026-09-28 14:56:00.771754,0,none
TXN-000118,CUST-00299,1160551,MERCH-0072,Lagos,2026-08-09 06:16:00.613921,1,geo_anomaly
TXN-008838,CUST-00078,6973184,MERCH-0025,Benin City,2026-08-22 11:20:00.548045,0,none
TXN-005967,CUST-00085,2282237,MERCH-0079,Kaduna,2026-08-11 14:39:00.395124,0,none
TXN-008196,CUST-00111,3041910,MERCH-0049,Kano,2026-09-03 15:48:00.980933,0,none
TXN-008660,CUST-00414,1761005,MERCH-0100,Ibadan,2026-07-17 12:54:00.165294,0,none
TXN-007490,CUST-00346,3968060,MERCH-0073,Abuja,2026-09-04 11:13:00.905926,0,none
TXN-000006,CUST-00277,3897398,MERCH-0068,Kaduna,2026-08-26 17:38:00.308702,0,none
TXN-005343,CUST-00337,5648587,MERCH-0002,Kaduna,2026-09-22 17:35:00.285213,0,none
TXN-009112,CUST-00268,4651008,MERCH-0084,Ibadan,2026-07-21 19:23:00.472814,0,none
TXN-004325,CUST-00393,2117592,MERCH-0038,Kaduna,2026-08-18 09:44:00.401097,0,none
TXN-001064,CUST-00408,1540399,MERCH-0095,Abuja,2026-08-22 13:53:00.482784,0,none
TXN-002591,CUST-00209,4227103,MERCH-0078,Kaduna,2026-09-24 11:58:00.382328,0,none
TXN-008435,CUST-00165,2368822,MERCH-0085,Port Harcourt,2026-08-28 08:16:00.676154,0,none
TXN-009353,CUST-00166,579088,MERCH-0095,Kano,2026-08-27 12:31:00.248233,0,none
TXN-003736,CUST-00037,2169208,MERCH-0027,Port Harcourt,2026-09-10 19:49:00.865837,0,none
TXN-003518,CUST-00117,3066726,MERCH-0012,Lagos,2026-09-10 13:25:00.731098,0,none
TXN-006987,CUST-00163,1816132,MERCH-0047,Lagos,2026-10-02 14:43:00.123331,0,none
TXN-006768,CUST-00370,5174742,MERCH-0070,Kano,2026-07-14 11:00:00.489973,0,none
TXN-005623,CUST-00199,3022678,MERCH-0031,Kano,2026-07-21 16:37:00.775486,0,none
TXN-001606,CUST-00371,3305662,MERCH-0073,Benin City,2026-08-22 11:02:00.903483,0,none
TXN-001734,CUST-00340,2891215,MERCH-0052,Lagos,2026-09-11 11:11:00.749313,0,none
TXN-009678,CUST-00055,2690576,MERCH-0055,Enugu,2026-07-27 08:25:00.335598,0,none
TXN-009505,CUST-00106,3595099,MERCH-0044,Kano,2026-07-07 11:54:00.110675,0,none
TXN-003813,CUST-00259,4781238,MERCH-0069,Enugu,2026-09-20 14:50:00.444449,0,none
TXN-009973,CUST-00392,1629104,MERCH-0012,Kaduna,2026-10-05 06:34:00.215293,0,none
TXN-001762,CUST-00012,1007855,MERCH-0069,Kaduna,2026-08-20 12:29:00.320646,0,none
TXN-005402,CUST-00242,657096,MERCH-0008,Port Harcourt,2026-07-13 12:24:00.508472,0,none
TXN-002740,CUST-00150,6404016,MERCH-0006,Ibadan,2026-07-31 14:26:00.573428,0,none
TXN-002473,CUST-00448,2087726,MERCH-0041,Kaduna,2026-08-26 21:50:00.275283,0,none
TXN-006739,CUST-00130,1096215,MERCH-0096,Kano,2026-07-12 07:24:00.175338,0,none
TXN-006892,CUST-00273,657156,MERCH-0014,Port Harcourt,2026-07-10 10:16:00.359076,0,none
TXN-007944,CUST-00242,744978,MERCH-0086,Port Harcourt,2026-08-12 10:01:00.553936,0,none
TXN-004207,CUST-00297,7780299,MERCH-0069,Enugu,2026-08-05 19:48:00.703402,0,none
TXN-006372,CUST-00322,1930646,MERCH-0048,Enugu,2026-09-06 15:58:00.899822,0,none
TXN-009362,CUST-00294,119648047,MERCH-0070,Ibadan,2026-09-14 16:17:00.985271,1,amount_anomaly
TXN-000233,CUST-00314,1000067,MERCH-0037,Port Harcourt,2026-09-27 10:01:00.469066,0,none
TXN-008259,CUST-00488,2613290,MERCH-0024,Benin City,2026-07-20 21:50:00.110642,0,none
TXN-007562,CUST-00120,3350354,MERCH-0069,Enugu,2026-09-28 20:02:00.917456,0,none
TXN-006169,CUST-00188,3965512,MERCH-0064,Abuja,2026-08-17 17:31:00.805661,0,none
TXN-003597,CUST-00261,3267695,MERCH-0011,Enugu,2026-07-07 16:17:00.031204,0,none
TXN-006289,CUST-00366,499262,MERCH-0083,Port Harcourt,2026-09-17 16:42:00.229217,0,none
TXN-004633,CUST-00026,1983516,MERCH-0071,Kaduna,2026-10-03 15:11:00.452322,0,none
TXN-000126,CUST-00475,3300750,MERCH-0043,Abuja,2026-09-19 07:15:00.926521,0,none
TXN-007642,CUST-00052,3975895,MERCH-0087,Abuja,2026-08-18 18:24:00.427221,0,none
TXN-006230,CUST-00400,1478366,MERCH-0041,Enugu,2026-09-16 15:20:00.020240,0,none
TXN-001297,CUST-00370,2920652,MERCH-0081,Lagos,2026-08-19 16:07:00.442578,1,geo_anomaly
TXN-001977,CUST-00076,2344547,MERCH-0038,Kaduna,2026-09-30 18:23:00.151779,0,none
TXN-009822,CUST-00028,3729407,MERCH-0008,Enugu,2026-09-12 16:56:00.927767,0,none
TXN-009776,CUST-00111,1615305,MERCH-0049,Kano,2026-07-08 17:32:00.512628,0,none
TXN-005751,CUST-00249,3849026,MERCH-0024,Lagos,2026-07-20 12:57:00.379747,0,none
TXN-008153,CUST-00204,1495918,MERCH-0011,Port Harcourt,2026-07-20 09:59:00.183546,0,none
TXN-003087,CUST-00248,4060858,MERCH-0075,Kaduna,2026-08-21 11:36:00.970498,0,none
TXN-009610,CUST-00081,3499077,MERCH-0014,Kano,2026-09-19 08:46:00.076978,0,none
TXN-006883,CUST-00172,4856024,MERCH-0057,Ibadan,2026-09-13 14:11:00.152247,0,none
TXN-009642,CUST-00091,5056931,MERCH-0087,Lagos,2026-09-10 16:16:00.883735,0,none
TXN-007674,CUST-00150,2389589,MERCH-0006,Ibadan,2026-08-25 11:31:00.578570,0,none
TXN-003346,CUST-00427,5611199,MERCH-0036,Abuja,2026-08-20 16:48:00.661480,0,none
TXN-008173,CUST-00085,1555995,MERCH-0079,Kaduna,2026-07-13 16:36:00.265175,0,none
TXN-009760,CUST-00217,1097594,MERCH-0088,Port Harcourt,2026-08-09 18:24:00.953978,0,none
TXN-005871,CUST-00271,624452,MERCH-0086,Kano,2026-07-17 09:47:00.803313,0,none
TXN-006507,CUST-00490,1152285,MERCH-0063,Abuja,2026-09-07 19:26:00.043867,0,none
TXN-002798,CUST-00425,4455218,MERCH-0026,Enugu,2026-07-08 08:26:00.098334,0,none
TXN-000919,CUST-00444,1598089,MERCH-0044,Kano,2026-09-04 11:30:00.881806,0,none
TXN-001647,CUST-00293,3040191,MERCH-0095,Ibadan,2026-07-27 12:42:00.897938,0,none
TXN-005123,CUST-00272,1957864,MERCH-0036,Kaduna,2026-09-07 12:59:00.634740,0,none
TXN-005127,CUST-00395,2272898,MERCH-0006,Enugu,2026-10-02 12:35:00.118818,0,none
TXN-004622,CUST-00257,6143623,MERCH-0036,Kano,2026-07-25 18:34:00.930444,0,none
TXN-006810,CUST-00292,4175226,MERCH-0018,Enugu,2026-08-08 14:01:00.810225,0,none
TXN-000365,CUST-00355,648101,MERCH-0014,Benin City,2026-08-28 16:28:00.664975,0,none
TXN-002126,CUST-00349,2163023,MERCH-0071,Kaduna,2026-09-02 09:12:00.279740,0,none
TXN-008151,CUST-00470,1622238,MERCH-0066,Benin City,2026-07-18 10:29:00.494516,0,none
TXN-008718,CUST-00249,4629597,MERCH-0061,Lagos,2026-07-14 08:01:00.548954,0,none
TXN-000056,CUST-00123,927588,MERCH-0031,Kano,2026-09-08 17:04:00.873681,0,none
TXN-000639,CUST-00224,2094606,MERCH-0003,Enugu,2026-07-18 09:35:00.738899,0,none
TXN-000303,CUST-00350,2160029,MERCH-0041,Enugu,2026-07-27 16:55:00.822999,0,none
TXN-005812,CUST-00329,6503045,MERCH-0016,Ibadan,2026-08-14 10:17:00.168679,0,none
TXN-001277,CUST-00418,1407532,MERCH-0092,Kaduna,2026-09-20 10:05:00.644677,0,none
TXN-004433,CUST-00304,667112,MERCH-0022,Abuja,2026-09-15 13:36:00.115729,0,none
TXN-003645,CUST-00174,4381402,MERCH-0098,Kaduna,2026-07-20 17:11:00.136131,0,none
TXN-004144,CUST-00478,3182455,MERCH-0042,Benin City,2026-09-02 16:13:00.332556,0,none
TXN-002879,CUST-00014,1175432,MERCH-0060,Lagos,2026-07-29 13:43:00.357550,0,none
TXN-006494,CUST-00130,1870613,MERCH-0068,Kano,2026-09-28 12:43:00.437768,0,none
TXN-005241,CUST-00123,766943,MERCH-0018,Kano,2026-09-30 09:31:00.967389,0,none
TXN-009746,CUST-00280,1167005,MERCH-0087,Enugu,2026-08-29 14:27:00.934178,0,none
TXN-006938,CUST-00095,2481996,MERCH-0099,Abuja,2026-09-04 13:43:00.540226,0,none
TXN-007241,CUST-00252,3980411,MERCH-0069,Lagos,2026-09-18 12:13:00.076232,0,none
TXN-002594,CUST-00229,3303701,MERCH-0093,Ibadan,2026-07-14 11:06:00.662067,0,none
TXN-002394,CUST-00466,1135074,MERCH-0033,Lagos,2026-08-05 17:58:00.597977,0,none
TXN-000524,CUST-00342,2264397,MERCH-0008,Benin City,2026-09-12 16:31:00.872546,0,none
TXN-006377,CUST-00009,2034664,MERCH-0082,Abuja,2026-08-12 15:14:00.673378,0,none
TXN-006982,CUST-00259,4475172,MERCH-0049,Enugu,2026-08-21 17:09:00.627537,0,none
TXN-006678,CUST-00320,1617982,MERCH-0019,Abuja,2026-08-10 16:17:00.283618,0,none
TXN-003901,CUST-00446,1033531,MERCH-0062,Kano,2026-07-17 13:19:00.937374,0,none
TXN-009983,CUST-00196,5763973,MERCH-0034,Kaduna,2026-07-28 13:57:00.055979,0,none
TXN-005586,CUST-00126,4436629,MERCH-0059,Benin City,2026-08-21 18:03:00.513479,0,none
TXN-009697,CUST-00320,1753935,MERCH-0032,Abuja,2026-07-24 18:03:00.664932,0,none
TXN-007957,CUST-00333,2505870,MERCH-0028,Kaduna,2026-08-23 12:21:00.686880,0,none
TXN-007571,CUST-00488,2158094,MERCH-0024,Benin City,2026-10-03 09:48:00.698330,0,none
TXN-006778,CUST-00418,598026,MERCH-0020,Kaduna,2026-07-15 08:19:00.216942,0,none
TXN-000672,CUST-00219,4555230,MERCH-0005,Ibadan,2026-07-31 18:03:00.108668,0,none
TXN-004189,CUST-00119,1983037,MERCH-0019,Port Harcourt,2026-07-31 09:36:00.278344,0,none
TXN-000667,CUST-00223,4076527,MERCH-0062,Lagos,2026-07-26 13:29:00.546919,0,none
TXN-003267,CUST-00062,2619474,MERCH-0044,Enugu,2026-09-01 13:06:00.872076,0,none
TXN-001888,CUST-00093,2652033,MERCH-0042,Port Harcourt,2026-09-02 12:18:00.488365,0,none
TXN-008473,CUST-00069,3325586,MERCH-0026,Lagos,2026-09-25 17:18:00.523399,0,none
TXN-009092,CUST-00239,27816570,MERCH-0052,Kano,2026-09-26 14:15:00.770057,1,amount_anomaly
TXN-007688,CUST-00057,3352368,MERCH-0021,Benin City,2026-09-02 10:48:00.931791,0,none
TXN-006032,CUST-00073,2400399,MERCH-0032,Enugu,2026-08-06 16:24:00.943814,0,none
TXN-006091,CUST-00478,5297166,MERCH-0042,Benin City,2026-08-04 17:06:00.567383,0,none
TXN-006239,CUST-00222,3286194,MERCH-0054,Port Harcourt,2026-08-20 15:14:00.902087,0,none
TXN-007351,CUST-00485,1731500,MERCH-0061,Abuja,2026-08-04 09:51:00.167414,0,none
TXN-007831,CUST-00042,545719,MERCH-0032,Enugu,2026-09-04 09:27:00.469800,0,none
TXN-000761,CUST-00300,2904800,MERCH-0089,Ibadan,2026-07-22 19:59:00.393499,1,velocity_burst
TXN-006255,CUST-00332,1273557,MERCH-0084,Kano,2026-09-28 16:19:00.108158,0,none
TXN-001907,CUST-00151,634149,MERCH-0052,Enugu,2026-07-18 13:40:00.365519,0,none
TXN-003819,CUST-00456,3279911,MERCH-0098,Kaduna,2026-09-02 09:19:00.951318,0,none
TXN-006270,CUST-00068,3361351,MERCH-0096,Port Harcourt,2026-09-05 07:29:00.171260,1,velocity_burst
TXN-004301,CUST-00062,3928864,MERCH-0044,Enugu,2026-09-11 17:43:00.376650,1,velocity_burst
TXN-005570,CUST-00290,4713417,MERCH-0032,Kano,2026-07-15 18:28:00.815203,0,none
TXN-007942,CUST-00468,3673332,MERCH-0050,Ibadan,2026-10-02 07:33:00.251498,0,none
TXN-004165,CUST-00364,1388764,MERCH-0016,Ibadan,2026-08-13 16:07:00.087039,0,none
TXN-005972,CUST-00019,5114124,MERCH-0071,Abuja,2026-10-04 06:23:00.799704,0,none
TXN-003580,CUST-00024,638939,MERCH-0060,Abuja,2026-09-24 12:26:00.584446,0,none
TXN-002833,CUST-00110,3600474,MERCH-0053,Port Harcourt,2026-08-20 08:58:00.198258,0,none
TXN-005450,CUST-00204,1812807,MERCH-0045,Port Harcourt,2026-10-02 13:52:00.975103,0,none
TXN-003473,CUST-00073,2001660,MERCH-0032,Enugu,2026-09-28 17:04:00.550691,0,none
TXN-006328,CUST-00399,1256791,MERCH-0017,Kano,2026-08-18 19:25:00.523160,0,none
TXN-000138,CUST-00071,4178185,MERCH-0014,Ibadan,2026-08-20 22:58:00.498818,1,geo_anomaly
TXN-007044,CUST-00172,2891999,MERCH-0048,Ibadan,2026-07-29 11:09:00.847834,0,none
TXN-004893,CUST-00137,1548694,MERCH-0096,Kaduna,2026-08-19 08:12:00.183575,0,none
TXN-002181,CUST-00048,4768408,MERCH-0039,Ibadan,2026-08-09 13:09:00.445644,0,none
TXN-007731,CUST-00497,1595576,MERCH-0038,Kaduna,2026-09-10 16:41:00.690645,0,none
TXN-003178,CUST-00251,2319035,MERCH-0001,Benin City,2026-08-19 21:33:00.621540,0,none
TXN-004855,CUST-00385,3557456,MERCH-0054,Abuja,2026-09-03 09:11:00.598827,0,none
TXN-004638,CUST-00421,4075574,MERCH-0022,Ibadan,2026-08-15 18:58:00.721478,0,none
TXN-005116,CUST-00409,1020166,MERCH-0023,Kano,2026-08-29 12:05:00.780457,0,none
TXN-009637,CUST-00154,5882508,MERCH-0044,Enugu,2026-10-03 14:49:00.165778,0,none
TXN-007649,CUST-00319,5387228,MERCH-0074,Benin City,2026-09-20 10:07:00.119035,0,none
TXN-004262,CUST-00227,2491207,MERCH-0088,Kano,2026-07-29 14:50:00.666107,0,none
TXN-001332,CUST-00046,909690,MERCH-0045,Port Harcourt,2026-08-31 11:45:00.657725,0,none
TXN-007003,CUST-00304,762967,MERCH-0071,Abuja,2026-08-16 11:25:00.395312,0,none
TXN-009551,CUST-00051,144144990,MERCH-0061,Enugu,2026-09-14 18:30:00.775765,1,amount_anomaly
TXN-006942,CUST-00228,6411174,MERCH-0072,Port Harcourt,2026-07-18 14:35:00.297304,0,none
TXN-008018,CUST-00257,5399436,MERCH-0076,Kano,2026-09-04 09:26:00.579040,0,none
TXN-006242,CUST-00399,1236951,MERCH-0025,Kano,2026-08-23 14:11:00.502323,0,none
TXN-009522,CUST-00231,2307333,MERCH-0090,Kaduna,2026-09-08 09:08:00.716286,0,none
TXN-BURST-TXN-009651-2,CUST-00378,3606796,MERCH-0019,Kano,2026-07-13 08:56:30.502407,1,velocity_burst
TXN-006882,CUST-00334,1554612,MERCH-0041,Kano,2026-08-26 13:29:00.226050,0,none
TXN-004531,CUST-00040,783321,MERCH-0017,Kano,2026-08-22 15:54:00.839856,1,velocity_burst
TXN-004674,CUST-00171,691112,MERCH-0031,Kaduna,2026-09-27 18:12:00.671990,0,none
TXN-006997,CUST-00367,1624131,MERCH-0074,Benin City,2026-09-13 14:49:00.626783,0,none
TXN-001253,CUST-00037,2016434,MERCH-0063,Port Harcourt,2026-08-14 11:46:00.385645,0,none
TXN-003375,CUST-00243,413899,MERCH-0020,Port Harcourt,2026-10-05 19:31:00.218497,0,none
TXN-002815,CUST-00479,1494808,MERCH-0009,Abuja,2026-08-09 15:44:00.698006,0,none
TXN-004720,CUST-00348,3231912,MERCH-0006,Abuja,2026-07-08 12:58:00.806937,0,none
TXN-006545,CUST-00238,2989138,MERCH-0021,Abuja,2026-09-25 12:42:00.754212,1,geo_anomaly
TXN-004859,CUST-00068,3499592,MERCH-0096,Port Harcourt,2026-08-28 20:24:00.112807,0,none
TXN-007902,CUST-00346,3553331,MERCH-0073,Abuja,2026-07-18 03:59:00.203042,1,off_hours
TXN-008581,CUST-00123,1115631,MERCH-0050,Kano,2026-07-21 09:40:00.592285,0,none
TXN-008428,CUST-00233,262102,MERCH-0088,Ibadan,2026-09-10 09:10:00.359725,0,none
TXN-001078,CUST-00483,3710037,MERCH-0069,Enugu,2026-07-16 17:08:00.979640,0,none
TXN-004364,CUST-00355,130723,MERCH-0094,Benin City,2026-07-25 13:38:00.187372,0,none
TXN-000771,CUST-00458,3605454,MERCH-0025,Kano,2026-08-16 19:47:00.334400,0,none
TXN-008866,CUST-00491,3143598,MERCH-0043,Abuja,2026-07-11 10:40:00.128110,0,none
TXN-000250,CUST-00417,724254,MERCH-0088,Abuja,2026-07-12 19:27:00.761325,0,none
TXN-007240,CUST-00224,1606787,MERCH-0015,Enugu,2026-07-15 15:08:00.214954,0,none
TXN-003420,CUST-00349,4455816,MERCH-0071,Kaduna,2026-09-08 13:24:00.875415,0,none
TXN-004977,CUST-00177,1695536,MERCH-0091,Benin City,2026-09-12 11:41:00.856100,0,none
TXN-004545,CUST-00149,4169458,MERCH-0017,Port Harcourt,2026-07-26 06:21:00.411450,0,none
TXN-005566,CUST-00375,2139640,MERCH-0025,Abuja,2026-07-20 13:52:00.632537,1,geo_anomaly
TXN-007940,CUST-00160,1005652,MERCH-0079,Lagos,2026-09-14 13:03:00.130072,0,none
TXN-000717,CUST-00395,2399972,MERCH-0058,Enugu,2026-07-15 21:44:00.560310,0,none
TXN-BURST-TXN-000109-1,CUST-00305,3116284,MERCH-0085,Enugu,2026-09-12 12:40:00.586306,1,velocity_burst
TXN-002049,CUST-00329,228298458,MERCH-0044,Ibadan,2026-08-03 09:53:00.095974,1,amount_anomaly
TXN-005998,CUST-00131,2637732,MERCH-0085,Benin City,2026-08-29 17:42:00.728891,0,none
TXN-006601,CUST-00048,4135511,MERCH-0043,Ibadan,2026-08-26 15:20:00.059272,0,none
TXN-007246,CUST-00409,1202322,MERCH-0073,Kano,2026-07-21 16:29:00.998972,0,none
TXN-004179,CUST-00424,3817503,MERCH-0061,Abuja,2026-07-11 09:24:00.730310,0,none
TXN-004810,CUST-00153,4539995,MERCH-0076,Kaduna,2026-07-15 07:08:00.790475,0,none
TXN-009913,CUST-00374,1644595,MERCH-0050,Ibadan,2026-07-18 17:18:00.025904,0,none
TXN-007141,CUST-00293,4734400,MERCH-0041,Ibadan,2026-08-10 12:22:00.268807,0,none
TXN-007191,CUST-00039,2658106,MERCH-0015,Kano,2026-08-09 21:50:00.533180,0,none
TXN-001461,CUST-00124,2204862,MERCH-0020,Kaduna,2026-08-23 15:49:00.805725,0,none
TXN-005990,CUST-00010,3948405,MERCH-0035,Ibadan,2026-08-11 17:37:00.309984,0,none
TXN-002001,CUST-00051,1572326,MERCH-0066,Enugu,2026-08-25 21:40:00.467060,0,none
TXN-008176,CUST-00324,1715114,MERCH-0037,Ibadan,2026-07-07 15:58:00.644741,1,geo_anomaly
TXN-000405,CUST-00361,2582520,MERCH-0016,Ibadan,2026-10-02 14:57:00.802102,0,none
TXN-000385,CUST-00100,2097424,MERCH-0061,Kano,2026-08-31 13:08:00.017010,0,none
TXN-009789,CUST-00305,201295586,MERCH-0051,Enugu,2026-07-11 10:12:00.738338,1,amount_anomaly
TXN-009829,CUST-00204,1199297,MERCH-0026,Port Harcourt,2026-07-08 16:56:00.389968,0,none
TXN-001634,CUST-00010,3615985,MERCH-0052,Ibadan,2026-07-19 12:28:00.542572,0,none
TXN-009899,CUST-00437,2619862,MERCH-0035,Kano,2026-09-30 07:23:00.972550,0,none
TXN-004785,CUST-00494,2529414,MERCH-0078,Kaduna,2026-08-18 18:11:00.708034,0,none
TXN-009798,CUST-00219,3683400,MERCH-0005,Ibadan,2026-10-03 19:08:00.669484,0,none
TXN-006971,CUST-00387,2188077,MERCH-0041,Ibadan,2026-08-18 09:39:00.070928,0,none
TXN-003926,CUST-00092,2708736,MERCH-0084,Lagos,2026-08-11 13:56:00.376234,0,none
TXN-004159,CUST-00409,627580,MERCH-0018,Kano,2026-09-10 11:48:00.770407,0,none
TXN-007450,CUST-00048,3724453,MERCH-0065,Ibadan,2026-08-31 18:14:00.020729,0,none
TXN-008416,CUST-00267,912583,MERCH-0054,Kano,2026-09-15 13:47:00.902310,0,none
TXN-002194,CUST-00187,3249874,MERCH-0100,Enugu,2026-07-28 01:34:00.650038,1,off_hours
TXN-001016,CUST-00158,3630037,MERCH-0081,Benin City,2026-08-15 16:04:00.851420,0,none
TXN-005125,CUST-00383,2194954,MERCH-0041,Ibadan,2026-09-17 09:15:00.582334,0,none
TXN-007419,CUST-00171,762032,MERCH-0093,Kaduna,2026-09-13 17:48:00.176992,0,none
TXN-007410,CUST-00233,566026,MERCH-0088,Ibadan,2026-09-24 09:43:00.218214,0,none
TXN-008990,CUST-00164,3887326,MERCH-0083,Enugu,2026-08-22 17:35:00.358697,0,none
TXN-002872,CUST-00370,4379775,MERCH-0081,Enugu,2026-07-12 17:29:00.765499,1,geo_anomaly
TXN-000010,CUST-00212,3471573,MERCH-0041,Enugu,2026-08-26 09:19:00.975910,0,none
TXN-001839,CUST-00175,1843967,MERCH-0045,Kano,2026-09-19 15:59:00.085566,0,none
TXN-004805,CUST-00153,3503779,MERCH-0056,Kaduna,2026-09-25 06:13:00.407328,0,none
TXN-000256,CUST-00254,1583341,MERCH-0058,Lagos,2026-09-30 17:03:00.471961,0,none
TXN-007027,CUST-00016,3709959,MERCH-0082,Port Harcourt,2026-08-26 21:12:00.517842,0,none
TXN-005714,CUST-00324,3559041,MERCH-0042,Enugu,2026-09-06 13:00:00.294762,0,none
TXN-003325,CUST-00206,2400187,MERCH-0011,Kano,2026-08-26 12:23:00.397977,0,none
TXN-007715,CUST-00385,2001313,MERCH-0022,Abuja,2026-07-29 14:58:00.749549,0,none
TXN-001582,CUST-00103,2648781,MERCH-0031,Benin City,2026-09-03 13:31:00.702710,0,none
TXN-000925,CUST-00256,5723109,MERCH-0042,Kano,2026-08-29 11:26:00.853463,0,none
TXN-002780,CUST-00055,2404653,MERCH-0055,Enugu,2026-09-20 09:37:00.508080,0,none
TXN-007892,CUST-00149,68302269,MERCH-0069,Port Harcourt,2026-07-24 18:24:00.817770,1,amount_anomaly
TXN-006133,CUST-00407,2222772,MERCH-0094,Ibadan,2026-07-17 12:12:00.239679,0,none
TXN-005321,CUST-00371,4488028,MERCH-0065,Benin City,2026-07-26 16:00:00.225160,0,none
TXN-007313,CUST-00087,3878643,MERCH-0059,Kaduna,2026-09-06 15:42:00.429503,0,none
TXN-007103,CUST-00418,1080312,MERCH-0042,Kaduna,2026-08-08 20:55:00.253281,0,none
TXN-006043,CUST-00267,904632,MERCH-0020,Kano,2026-09-19 18:54:00.654646,0,none
TXN-003776,CUST-00179,2635237,MERCH-0016,Kano,2026-07-29 15:42:00.049212,0,none
TXN-004836,CUST-00476,1947637,MERCH-0079,Lagos,2026-09-15 13:25:00.326669,0,none
TXN-004965,CUST-00107,3876644,MERCH-0063,Abuja,2026-09-14 15:28:00.355787,0,none
TXN-000540,CUST-00081,1795048,MERCH-0097,Kano,2026-07-10 06:25:00.116298,0,none
TXN-007484,CUST-00063,2417478,MERCH-0085,Enugu,2026-07-27 17:11:00.007545,0,none
TXN-002746,CUST-00063,1971170,MERCH-0076,Enugu,2026-09-10 01:39:00.267672,1,off_hours
TXN-003720,CUST-00491,1756315,MERCH-0058,Abuja,2026-09-09 16:03:00.592844,0,none
TXN-006820,CUST-00035,2923340,MERCH-0071,Kano,2026-08-18 20:45:00.556535,0,none
TXN-009338,CUST-00487,1501012,MERCH-0011,Kano,2026-09-29 18:22:00.063635,0,none
TXN-004469,CUST-00141,5493680,MERCH-0085,Ibadan,2026-09-27 18:50:00.346224,0,none
TXN-000668,CUST-00347,3236743,MERCH-0074,Kano,2026-09-18 17:43:00.445987,0,none
TXN-007576,CUST-00456,5090415,MERCH-0085,Kaduna,2026-09-16 13:41:00.602919,0,none
TXN-008550,CUST-00182,829869,MERCH-0061,Benin City,2026-08-20 18:27:00.536633,0,none
TXN-005064,CUST-00444,2174963,MERCH-0035,Kano,2026-07-21 12:42:00.723568,0,none
TXN-001354,CUST-00130,1236543,MERCH-0015,Kano,2026-07-16 07:09:00.912422,0,none
TXN-007115,CUST-00222,4920296,MERCH-0075,Port Harcourt,2026-07-10 06:34:00.145252,0,none
TXN-BURST-TXN-003305-1,CUST-00286,3792914,MERCH-0056,Kaduna,2026-09-16 09:50:00.011305,1,velocity_burst
TXN-008663,CUST-00199,1989183,MERCH-0018,Kano,2026-09-28 12:48:00.394156,0,none
TXN-002704,CUST-00164,4480697,MERCH-0013,Enugu,2026-09-30 17:27:00.672742,0,none
TXN-003331,CUST-00460,6665310,MERCH-0056,Kano,2026-09-28 14:38:00.547782,0,none
TXN-008054,CUST-00069,3107708,MERCH-0081,Lagos,2026-09-04 14:22:00.085298,0,none
TXN-009589,CUST-00428,1913284,MERCH-0012,Ibadan,2026-08-31 17:14:00.869515,0,none
TXN-003585,CUST-00047,4410375,MERCH-0091,Abuja,2026-07-12 18:00:00.017736,0,none
TXN-009782,CUST-00065,3972829,MERCH-0033,Ibadan,2026-07-27 19:56:00.759896,0,none
TXN-005646,CUST-00230,4667844,MERCH-0037,Enugu,2026-08-02 19:55:00.668216,0,none
TXN-003377,CUST-00041,3080742,MERCH-0096,Ibadan,2026-07-18 13:59:00.391412,0,none
TXN-001257,CUST-00128,2380534,MERCH-0077,Ibadan,2026-08-21 19:00:00.220578,0,none
TXN-006191,CUST-00245,3406833,MERCH-0010,Abuja,2026-08-17 14:34:00.355525,0,none
TXN-009443,CUST-00067,2063785,MERCH-0086,Lagos,2026-08-07 13:11:00.260618,0,none
TXN-005349,CUST-00104,3586417,MERCH-0091,Ibadan,2026-08-03 13:55:00.157479,0,none
TXN-004176,CUST-00116,1510956,MERCH-0099,Ibadan,2026-08-07 17:26:00.847363,0,none
TXN-004911,CUST-00078,4999182,MERCH-0041,Benin City,2026-08-20 08:02:00.918557,0,none
TXN-001853,CUST-00223,3077631,MERCH-0068,Lagos,2026-09-23 12:13:00.630738,0,none
TXN-006317,CUST-00434,1372981,MERCH-0022,Ibadan,2026-08-15 15:32:00.037567,0,none
TXN-BURST-TXN-005025-1,CUST-00008,3386291,MERCH-0035,Port Harcourt,2026-10-03 15:42:00.549284,1,velocity_burst
TXN-002106,CUST-00338,1365395,MERCH-0088,Benin City,2026-09-02 14:45:00.216443,0,none
TXN-000134,CUST-00314,691233,MERCH-0099,Port Harcourt,2026-10-03 18:43:00.657759,0,none
TXN-005030,CUST-00129,3556992,MERCH-0046,Kano,2026-08-12 13:30:00.717368,0,none
TXN-000929,CUST-00486,2695834,MERCH-0094,Kano,2026-08-01 17:06:00.264466,0,none
TXN-000824,CUST-00237,2044230,MERCH-0068,Port Harcourt,2026-09-22 11:28:00.742148,0,none
TXN-007577,CUST-00256,6622787,MERCH-0087,Kano,2026-08-06 19:19:00.703495,0,none
TXN-001532,CUST-00227,1931169,MERCH-0083,Kano,2026-08-26 15:32:00.106913,0,none
TXN-001215,CUST-00302,2229940,MERCH-0045,Benin City,2026-08-31 11:37:00.983864,0,none
TXN-000505,CUST-00387,397444,MERCH-0038,Ibadan,2026-08-03 12:58:00.518527,0,none
TXN-006531,CUST-00091,3410639,MERCH-0087,Lagos,2026-07-28 12:34:00.261271,0,none
TXN-003073,CUST-00350,2011532,MERCH-0093,Enugu,2026-08-01 19:17:00.053170,0,none
TXN-009577,CUST-00169,4256194,MERCH-0044,Abuja,2026-09-25 19:38:00.473464,0,none
TXN-009087,CUST-00189,885331,MERCH-0042,Port Harcourt,2026-09-08 17:01:00.124897,0,none
TXN-008648,CUST-00150,6248657,MERCH-0006,Ibadan,2026-10-05 13:19:00.173153,0,none
TXN-006620,CUST-00348,1941868,MERCH-0002,Abuja,2026-07-25 12:02:00.233862,0,none
TXN-009274,CUST-00028,4575766,MERCH-0034,Enugu,2026-08-27 12:07:00.629879,0,none
TXN-003710,CUST-00182,1284145,MERCH-0006,Benin City,2026-08-08 18:14:00.644702,0,none
TXN-009928,CUST-00465,4956584,MERCH-0002,Kaduna,2026-09-04 10:12:00.504922,0,none
TXN-004850,CUST-00451,1025075,MERCH-0036,Kano,2026-09-11 15:05:00.896062,0,none
TXN-004749,CUST-00272,5283083,MERCH-0036,Kaduna,2026-07-18 10:48:00.049659,0,none
TXN-004269,CUST-00379,1443714,MERCH-0048,Kano,2026-07-14 12:05:00.804382,0,none
TXN-BURST-TXN-008836-0,CUST-00065,3707704,MERCH-0097,Ibadan,2026-09-16 13:59:30.687468,1,velocity_burst
TXN-008906,CUST-00264,667542,MERCH-0031,Kaduna,2026-09-15 11:55:00.092090,0,none
TXN-004187,CUST-00031,1392661,MERCH-0032,Kano,2026-09-28 14:29:00.879531,0,none
TXN-005302,CUST-00374,3301498,MERCH-0074,Ibadan,2026-09-28 14:58:00.688733,0,none
TXN-002924,CUST-00053,1948223,MERCH-0032,Ibadan,2026-08-28 08:45:00.703135,0,none
TXN-006589,CUST-00202,3975061,MERCH-0100,Abuja,2026-09-19 14:44:00.871697,0,none
TXN-001811,CUST-00430,2032275,MERCH-0081,Lagos,2026-09-09 13:10:00.693734,0,none
TXN-003487,CUST-00419,803725,MERCH-0004,Ibadan,2026-08-21 21:28:00.993201,0,none
TXN-007420,CUST-00365,1586465,MERCH-0081,Ibadan,2026-10-03 17:09:00.722215,0,none
TXN-003142,CUST-00047,3456872,MERCH-0067,Abuja,2026-09-15 13:26:00.230717,0,none
TXN-009348,CUST-00351,6150932,MERCH-0067,Abuja,2026-09-17 13:34:00.750638,0,none
TXN-001325,CUST-00403,3389692,MERCH-0074,Abuja,2026-09-29 16:02:00.275539,0,none
TXN-004313,CUST-00008,4784322,MERCH-0086,Port Harcourt,2026-07-19 11:51:00.445976,0,none
TXN-007495,CUST-00205,1151248,MERCH-0020,Port Harcourt,2026-09-04 13:52:00.847372,0,none
TXN-008703,CUST-00380,1364128,MERCH-0082,Enugu,2026-08-21 14:52:00.997911,0,none
TXN-008692,CUST-00356,5346914,MERCH-0006,Enugu,2026-07-28 10:48:00.447017,0,none
TXN-009845,CUST-00134,3421919,MERCH-0078,Kaduna,2026-07-16 12:50:00.719974,1,geo_anomaly
TXN-009581,CUST-00237,1437582,MERCH-0070,Port Harcourt,2026-09-30 19:32:00.048929,0,none
TXN-005542,CUST-00382,2218452,MERCH-0041,Port Harcourt,2026-08-20 07:19:00.201535,0,none
TXN-006173,CUST-00183,4414667,MERCH-0085,Enugu,2026-07-24 15:16:00.847743,0,none
TXN-001541,CUST-00333,4532218,MERCH-0057,Kaduna,2026-08-25 16:30:00.342597,0,none
TXN-009410,CUST-00106,3616713,MERCH-0089,Kano,2026-07-29 16:10:00.646714,0,none
TXN-002682,CUST-00121,3219778,MERCH-0014,Kaduna,2026-07-23 11:39:00.421224,0,none
TXN-BURST-TXN-006297-0,CUST-00281,1267071,MERCH-0013,Kano,2026-08-15 14:24:30.921469,1,velocity_burst
TXN-006314,CUST-00013,4864730,MERCH-0066,Enugu,2026-08-27 13:18:00.941889,0,none
TXN-001192,CUST-00473,3418480,MERCH-0068,Port Harcourt,2026-07-07 12:07:00.006722,0,none
TXN-005294,CUST-00065,3756687,MERCH-0033,Ibadan,2026-09-21 14:45:00.165620,0,none
TXN-001543,CUST-00380,930821,MERCH-0018,Enugu,2026-08-24 19:13:00.140514,0,none
TXN-007057,CUST-00105,1393915,MERCH-0057,Lagos,2026-07-28 21:13:00.825329,0,none
TXN-002540,CUST-00341,3558223,MERCH-0027,Kano,2026-07-31 15:33:00.115210,0,none
TXN-000954,CUST-00231,1709336,MERCH-0035,Kaduna,2026-08-30 13:13:00.257288,0,none
TXN-007242,CUST-00061,2911252,MERCH-0062,Enugu,2026-08-23 12:11:00.375506,0,none
TXN-006732,CUST-00129,2306563,MERCH-0042,Kano,2026-08-21 10:33:00.880704,0,none
TXN-004847,CUST-00453,1118061,MERCH-0016,Kaduna,2026-07-31 18:54:00.819200,0,none
TXN-006802,CUST-00020,2217032,MERCH-0089,Kano,2026-08-26 20:01:00.059816,0,none
TXN-008011,CUST-00467,2694786,MERCH-0046,Lagos,2026-08-03 18:57:00.304138,0,none
TXN-004331,CUST-00162,1078549,MERCH-0092,Kano,2026-07-28 14:58:00.657367,0,none
TXN-008925,CUST-00069,3041049,MERCH-0076,Lagos,2026-07-13 17:28:00.486572,0,none
TXN-005335,CUST-00352,3042915,MERCH-0002,Kaduna,2026-08-11 18:41:00.458569,0,none
TXN-007331,CUST-00114,4107914,MERCH-0038,Enugu,2026-07-11 07:22:00.939635,0,none
TXN-009349,CUST-00307,1425035,MERCH-0015,Abuja,2026-09-18 18:27:00.728691,0,none
TXN-004730,CUST-00170,3749388,MERCH-0089,Kano,2026-09-24 13:15:00.415952,0,none
TXN-006542,CUST-00498,6441716,MERCH-0051,Kano,2026-08-22 17:55:00.325776,0,none
TXN-005306,CUST-00272,4690239,MERCH-0053,Kaduna,2026-07-16 07:18:00.316708,0,none
TXN-005162,CUST-00014,1827491,MERCH-0049,Lagos,2026-09-16 13:55:00.051335,0,none
TXN-007861,CUST-00066,1282319,MERCH-0097,Lagos,2026-09-05 12:10:00.632122,0,none
TXN-002157,CUST-00363,2842885,MERCH-0072,Enugu,2026-09-13 12:38:00.695535,0,none
TXN-001063,CUST-00449,1561640,MERCH-0090,Ibadan,2026-09-27 12:31:00.357784,0,none
TXN-001168,CUST-00339,336239,MERCH-0006,Abuja,2026-09-22 10:38:00.262681,0,none
TXN-003637,CUST-00152,3590830,MERCH-0022,Enugu,2026-07-17 10:58:00.874526,0,none
TXN-007652,CUST-00481,2878859,MERCH-0023,Lagos,2026-08-15 18:07:00.413490,0,none
TXN-005589,CUST-00121,4444099,MERCH-0061,Kaduna,2026-09-04 11:43:00.561370,0,none
TXN-007193,CUST-00356,6915085,MERCH-0048,Benin City,2026-08-03 19:30:00.965710,1,geo_anomaly
TXN-004492,CUST-00083,4424298,MERCH-0007,Abuja,2026-09-11 16:05:00.770692,0,none
TXN-007267,CUST-00046,439958,MERCH-0041,Port Harcourt,2026-08-31 13:50:00.994750,0,none
TXN-004981,CUST-00460,5538044,MERCH-0071,Kano,2026-09-11 18:36:00.845265,0,none
TXN-008336,CUST-00058,2773759,MERCH-0057,Ibadan,2026-07-28 10:35:00.898874,0,none
TXN-BURST-TXN-008614-0,CUST-00091,3647244,MERCH-0087,Lagos,2026-09-30 13:32:30.730741,1,velocity_burst
TXN-004947,CUST-00317,1531742,MERCH-0012,Ibadan,2026-08-20 14:45:00.388995,0,none
TXN-002783,CUST-00444,2771859,MERCH-0012,Kano,2026-07-31 11:46:00.216660,0,none
TXN-000718,CUST-00448,3838849,MERCH-0041,Kaduna,2026-10-03 09:45:00.628486,0,none
TXN-002503,CUST-00006,3375356,MERCH-0074,Abuja,2026-09-02 17:13:00.976588,0,none
TXN-004361,CUST-00457,2870913,MERCH-0014,Lagos,2026-08-07 09:55:00.534051,0,none
TXN-004172,CUST-00489,2447845,MERCH-0073,Port Harcourt,2026-09-19 15:17:00.105312,0,none
TXN-008083,CUST-00375,2748962,MERCH-0004,Kano,2026-07-20 20:34:00.106510,0,none
TXN-BURST-TXN-003097-0,CUST-00346,3895358,MERCH-0059,Abuja,2026-09-02 11:58:30.871860,1,velocity_burst
TXN-000396,CUST-00376,3050708,MERCH-0030,Kaduna,2026-08-31 07:27:00.349106,0,none
TXN-007187,CUST-00125,3657914,MERCH-0057,Enugu,2026-07-14 06:38:00.839112,0,none
TXN-BURST-TXN-004224-1,CUST-00456,5844309,MERCH-0029,Kaduna,2026-08-18 13:56:00.255576,1,velocity_burst
TXN-004493,CUST-00045,6008288,MERCH-0034,Enugu,2026-09-07 08:26:00.940966,0,none
TXN-001366,CUST-00267,941027,MERCH-0026,Kano,2026-08-02 08:28:00.145512,0,none
TXN-009868,CUST-00076,2395647,MERCH-0012,Kaduna,2026-09-12 13:13:00.918426,0,none
TXN-008788,CUST-00437,1414486,MERCH-0078,Kano,2026-08-30 20:38:00.486228,0,none
TXN-005918,CUST-00166,881525,MERCH-0090,Kano,2026-08-27 11:30:00.449798,0,none
TXN-004969,CUST-00107,3126645,MERCH-0081,Abuja,2026-09-18 15:35:00.153360,0,none
TXN-002915,CUST-00259,5170646,MERCH-0039,Enugu,2026-07-17 19:06:00.384510,0,none
TXN-005645,CUST-00425,6603470,MERCH-0018,Enugu,2026-07-12 21:22:00.423834,0,none
TXN-003767,CUST-00102,4246050,MERCH-0020,Lagos,2026-08-29 17:27:00.945442,0,none
TXN-003441,CUST-00347,3655819,MERCH-0074,Kano,2026-07-15 18:49:00.209481,0,none
TXN-007358,CUST-00252,3357854,MERCH-0032,Lagos,2026-07-31 13:23:00.738696,0,none
TXN-006807,CUST-00475,2398043,MERCH-0080,Abuja,2026-08-16 14:44:00.846720,0,none
TXN-002144,CUST-00053,2989449,MERCH-0079,Ibadan,2026-08-19 16:30:00.056447,0,none
TXN-005105,CUST-00434,1227161,MERCH-0076,Ibadan,2026-07-17 09:41:00.149257,0,none
TXN-005074,CUST-00148,893762,MERCH-0033,Lagos,2026-07-31 19:17:00.198308,0,none
TXN-001572,CUST-00358,1231901,MERCH-0090,Enugu,2026-08-23 16:37:00.917191,0,none
TXN-004080,CUST-00383,1136309,MERCH-0096,Ibadan,2026-07-11 10:36:00.732741,0,none
TXN-001123,CUST-00061,4412002,MERCH-0062,Enugu,2026-09-09 10:35:00.035222,0,none
TXN-002787,CUST-00374,2822681,MERCH-0050,Ibadan,2026-08-06 10:27:00.673996,0,none
TXN-002968,CUST-00294,3179011,MERCH-0015,Ibadan,2026-08-09 09:45:00.369514,0,none
TXN-002505,CUST-00471,2159680,MERCH-0072,Abuja,2026-08-14 21:02:00.635491,0,none
TXN-005989,CUST-00441,5464067,MERCH-0013,Abuja,2026-08-24 12:35:00.130840,0,none
TXN-008868,CUST-00360,1578425,MERCH-0016,Abuja,2026-08-12 15:19:00.973354,0,none
TXN-007165,CUST-00193,1280220,MERCH-0050,Kano,2026-07-28 09:50:00.693256,0,none
TXN-000729,CUST-00191,3964344,MERCH-0086,Benin City,2026-09-09 16:15:00.722488,0,none
TXN-007588,CUST-00061,4341975,MERCH-0049,Enugu,2026-07-28 13:27:00.057029,0,none
TXN-007544,CUST-00187,5059238,MERCH-0100,Enugu,2026-07-13 17:51:00.824823,0,none
TXN-000413,CUST-00397,4916330,MERCH-0050,Benin City,2026-08-11 18:07:00.068334,0,none
TXN-009709,CUST-00007,784335,MERCH-0049,Abuja,2026-08-02 12:04:00.212324,0,none
TXN-005746,CUST-00107,2289606,MERCH-0098,Abuja,2026-09-16 19:56:00.475444,0,none
TXN-007669,CUST-00026,898154,MERCH-0032,Kaduna,2026-09-04 18:33:00.749833,0,none
TXN-000826,CUST-00364,1371011,MERCH-0008,Ibadan,2026-08-28 12:05:00.690832,0,none
TXN-003268,CUST-00211,1113465,MERCH-0038,Kaduna,2026-07-16 09:09:00.820323,0,none
TXN-003975,CUST-00205,1879539,MERCH-0022,Port Harcourt,2026-09-08 14:18:00.579524,0,none
TXN-008809,CUST-00369,1915822,MERCH-0062,Lagos,2026-07-15 21:56:00.706573,0,none
TXN-008307,CUST-00252,2652749,MERCH-0030,Lagos,2026-09-26 19:24:00.775988,0,none
TXN-000418,CUST-00257,5393830,MERCH-0095,Kano,2026-09-08 20:07:00.840697,0,none
TXN-009818,CUST-00223,2972140,MERCH-0030,Lagos,2026-07-11 12:38:00.252777,0,none
TXN-006749,CUST-00409,1352448,MERCH-0018,Kano,2026-08-24 13:44:00.604561,0,none
TXN-008968,CUST-00361,2657497,MERCH-0012,Ibadan,2026-07-18 17:19:00.107721,0,none
TXN-002083,CUST-00334,952177,MERCH-0055,Kano,2026-09-03 20:41:00.428521,0,none
TXN-008946,CUST-00368,6272392,MERCH-0024,Enugu,2026-08-23 16:50:00.046626,0,none
TXN-003374,CUST-00464,1561580,MERCH-0015,Benin City,2026-09-11 07:06:00.583569,0,none
TXN-005727,CUST-00451,1513190,MERCH-0043,Kano,2026-10-04 12:36:00.074634,0,none
TXN-004108,CUST-00500,1361897,MERCH-0034,Kaduna,2026-07-08 07:02:00.477398,0,none
TXN-004381,CUST-00441,2472832,MERCH-0033,Abuja,2026-07-26 18:13:00.516801,0,none
TXN-007724,CUST-00142,764605,MERCH-0044,Port Harcourt,2026-09-05 01:22:00.512517,1,off_hours
TXN-001067,CUST-00277,4188834,MERCH-0030,Kaduna,2026-08-01 19:05:00.467595,0,none
TXN-003914,CUST-00033,3551748,MERCH-0002,Kano,2026-08-20 13:10:00.542534,0,none
TXN-005537,CUST-00218,1938997,MERCH-0044,Abuja,2026-08-06 20:25:00.862483,0,none
TXN-008003,CUST-00228,6200721,MERCH-0072,Port Harcourt,2026-09-16 18:31:00.856673,0,none
TXN-005388,CUST-00365,1248505,MERCH-0083,Ibadan,2026-08-28 10:49:00.579450,0,none
TXN-005733,CUST-00282,2248544,MERCH-0042,Abuja,2026-09-06 14:47:00.574309,0,none
TXN-002739,CUST-00051,4298541,MERCH-0066,Enugu,2026-09-03 11:42:00.781030,0,none
TXN-005053,CUST-00059,1189846,MERCH-0020,Benin City,2026-09-15 10:14:00.508932,0,none
TXN-004001,CUST-00478,4006729,MERCH-0038,Benin City,2026-07-13 11:38:00.170800,0,none
TXN-009761,CUST-00006,5572809,MERCH-0074,Abuja,2026-07-26 22:43:00.522756,0,none
TXN-002428,CUST-00082,3190614,MERCH-0044,Lagos,2026-09-19 21:58:00.262212,0,none
TXN-006834,CUST-00474,6594315,MERCH-0052,Kano,2026-09-23 14:05:00.951492,0,none
TXN-001688,CUST-00444,1982791,MERCH-0048,Kano,2026-07-29 14:57:00.601110,1,velocity_burst
TXN-000852,CUST-00064,1068148,MERCH-0034,Enugu,2026-07-15 09:58:00.276164,0,none
TXN-006304,CUST-00470,2676704,MERCH-0066,Benin City,2026-08-16 17:28:00.434970,0,none
TXN-009088,CUST-00293,3522630,MERCH-0089,Ibadan,2026-08-30 10:32:00.986539,0,none
TXN-005879,CUST-00481,5642250,MERCH-0010,Lagos,2026-08-23 12:21:00.323543,0,none
TXN-008528,CUST-00047,967237,MERCH-0056,Abuja,2026-09-29 19:22:00.189103,0,none
TXN-002840,CUST-00408,1071400,MERCH-0067,Abuja,2026-09-27 14:06:00.925025,0,none
TXN-004612,CUST-00383,1377671,MERCH-0031,Ibadan,2026-08-22 19:59:00.047539,0,none
TXN-009541,CUST-00238,1221720,MERCH-0059,Kaduna,2026-08-29 15:11:00.331635,0,none
TXN-009208,CUST-00054,5968184,MERCH-0090,Abuja,2026-09-24 11:26:00.561065,0,none
TXN-009824,CUST-00373,2811703,MERCH-0032,Kaduna,2026-10-05 21:48:00.172142,0,none
TXN-002490,CUST-00364,1064969,MERCH-0008,Ibadan,2026-09-29 16:07:00.126307,0,none
TXN-006906,CUST-00265,5168963,MERCH-0013,Kaduna,2026-08-26 10:25:00.842619,0,none
TXN-007391,CUST-00486,2055552,MERCH-0002,Kano,2026-09-08 18:08:00.537981,0,none
TXN-002850,CUST-00222,6485879,MERCH-0015,Port Harcourt,2026-08-14 17:04:00.698754,0,none
TXN-006666,CUST-00053,2410047,MERCH-0079,Ibadan,2026-09-17 07:30:00.453585,0,none
TXN-005882,CUST-00076,1613801,MERCH-0089,Kaduna,2026-10-01 17:25:00.572927,0,none
TXN-004453,CUST-00086,2175658,MERCH-0023,Abuja,2026-09-06 20:21:00.352639,0,none
TXN-007422,CUST-00232,1818197,MERCH-0082,Port Harcourt,2026-08-08 21:17:00.774245,0,none
TXN-009828,CUST-00256,4206991,MERCH-0099,Kano,2026-08-26 10:06:00.048096,1,velocity_burst
TXN-006485,CUST-00204,2019936,MERCH-0067,Port Harcourt,2026-08-29 16:10:00.296326,0,none
TXN-002480,CUST-00278,3732135,MERCH-0036,Ibadan,2026-07-25 13:27:00.538667,0,none
TXN-006618,CUST-00012,2229016,MERCH-0034,Kaduna,2026-08-02 09:29:00.872678,0,none
TXN-002142,CUST-00228,6133799,MERCH-0039,Port Harcourt,2026-09-09 17:17:00.433003,0,none
TXN-005189,CUST-00465,5448551,MERCH-0014,Kaduna,2026-09-14 17:35:00.309464,0,none
TXN-BURST-TXN-001285-2,CUST-00045,5008657,MERCH-0034,Enugu,2026-09-16 13:36:30.570686,1,velocity_burst
TXN-002745,CUST-00392,1528076,MERCH-0038,Kaduna,2026-09-17 13:32:00.131299,0,none
TXN-007254,CUST-00491,1922062,MERCH-0063,Abuja,2026-08-28 17:35:00.155510,0,none
TXN-003507,CUST-00160,1022719,MERCH-0079,Lagos,2026-09-26 20:04:00.324503,0,none
TXN-001680,CUST-00424,3552832,MERCH-0088,Abuja,2026-09-02 10:59:00.739678,0,none
TXN-004250,CUST-00226,5697510,MERCH-0049,Kano,2026-08-08 14:54:00.682122,0,none
TXN-003148,CUST-00248,5571225,MERCH-0096,Kaduna,2026-07-18 18:09:00.709364,0,none
TXN-008131,CUST-00500,4313478,MERCH-0048,Kaduna,2026-07-26 16:30:00.505979,0,none
TXN-007005,CUST-00107,3647539,MERCH-0092,Abuja,2026-09-17 13:16:00.688637,0,none
TXN-000581,CUST-00425,2702265,MERCH-0026,Enugu,2026-08-10 12:31:00.652208,0,none
TXN-009663,CUST-00304,717748,MERCH-0032,Abuja,2026-08-05 15:11:00.392755,0,none
TXN-004071,CUST-00252,3188446,MERCH-0030,Lagos,2026-08-18 18:00:00.530108,0,none
TXN-003344,CUST-00476,1000421,MERCH-0032,Lagos,2026-07-22 19:02:00.643733,0,none
TXN-007405,CUST-00352,1948225,MERCH-0002,Kaduna,2026-08-30 18:46:00.957726,0,none
TXN-003673,CUST-00331,2941930,MERCH-0097,Abuja,2026-07-09 10:09:00.841540,0,none
TXN-000560,CUST-00178,4671141,MERCH-0003,Kaduna,2026-10-02 14:32:00.088542,0,none
TXN-005238,CUST-00024,2048332,MERCH-0094,Abuja,2026-10-04 17:49:00.588079,0,none
TXN-007806,CUST-00337,4670848,MERCH-0068,Kaduna,2026-08-29 18:19:00.857856,0,none
TXN-000513,CUST-00146,2222197,MERCH-0045,Kaduna,2026-08-22 12:35:00.555401,0,none
TXN-001082,CUST-00479,1570599,MERCH-0028,Abuja,2026-07-26 11:33:00.169502,0,none
TXN-001665,CUST-00460,3768730,MERCH-0062,Kano,2026-09-11 06:10:00.498833,0,none
TXN-009205,CUST-00007,607067,MERCH-0030,Abuja,2026-09-05 13:12:00.347275,0,none
TXN-001932,CUST-00017,1786353,MERCH-0063,Ibadan,2026-08-08 17:05:00.243813,0,none
TXN-BURST-TXN-000619-0,CUST-00417,589471,MERCH-0037,Abuja,2026-07-16 16:08:30.881848,1,velocity_burst
TXN-001151,CUST-00485,2867916,MERCH-0029,Abuja,2026-09-09 19:50:00.843580,0,none
TXN-002839,CUST-00337,3820369,MERCH-0068,Kaduna,2026-08-11 19:13:00.459951,0,none
TXN-005950,CUST-00106,4425841,MERCH-0089,Kano,2026-07-24 18:54:00.782988,0,none
TXN-008309,CUST-00450,2520049,MERCH-0083,Benin City,2026-09-14 21:46:00.989663,0,none
TXN-008933,CUST-00259,5539486,MERCH-0020,Enugu,2026-09-16 20:47:00.830498,0,none
TXN-BURST-TXN-003453-1,CUST-00221,1534194,MERCH-0044,Benin City,2026-09-11 15:35:00.933601,1,velocity_burst
TXN-005178,CUST-00060,826608,MERCH-0060,Ibadan,2026-07-26 14:42:00.325094,0,none
TXN-000831,CUST-00446,1360869,MERCH-0054,Kano,2026-09-15 15:12:00.862775,0,none
TXN-008312,CUST-00331,2331647,MERCH-0049,Abuja,2026-08-28 13:15:00.925218,0,none
TXN-004753,CUST-00162,925629,MERCH-0011,Kano,2026-09-15 15:06:00.266841,0,none
TXN-BURST-TXN-003067-1,CUST-00400,1580127,MERCH-0050,Enugu,2026-09-20 16:40:00.507455,1,velocity_burst
TXN-BURST-TXN-001688-1,CUST-00444,1982791,MERCH-0048,Kano,2026-07-29 14:58:00.601110,1,velocity_burst
TXN-000636,CUST-00499,3153717,MERCH-0019,Lagos,2026-07-26 14:47:00.559960,0,none
TXN-004466,CUST-00088,3108300,MERCH-0020,Abuja,2026-08-14 13:06:00.833707,0,none
TXN-006800,CUST-00115,2791992,MERCH-0078,Enugu,2026-07-17 17:27:00.884087,0,none
TXN-007988,CUST-00302,3877617,MERCH-0062,Enugu,2026-09-11 20:03:00.373482,1,geo_anomaly
TXN-007080,CUST-00418,979117,MERCH-0092,Kaduna,2026-09-29 13:02:00.132480,0,none
TXN-006967,CUST-00346,3399168,MERCH-0008,Abuja,2026-10-03 10:03:00.519007,0,none
TXN-004143,CUST-00374,2650357,MERCH-0023,Ibadan,2026-08-16 14:55:00.704060,0,none
TXN-007028,CUST-00332,1530185,MERCH-0022,Kano,2026-08-21 16:33:00.713656,0,none
TXN-009184,CUST-00350,2663499,MERCH-0048,Enugu,2026-08-13 16:47:00.890287,0,none
TXN-000877,CUST-00110,3625147,MERCH-0053,Port Harcourt,2026-08-21 20:47:00.420896,0,none
TXN-004870,CUST-00277,4280671,MERCH-0030,Kaduna,2026-07-12 19:34:00.075610,0,none
TXN-005316,CUST-00138,745588,MERCH-0043,Benin City,2026-07-22 16:52:00.165427,0,none
TXN-005223,CUST-00194,4481765,MERCH-0018,Kaduna,2026-10-03 15:03:00.555294,0,none
TXN-000005,CUST-00240,6604673,MERCH-0024,Benin City,2026-08-19 16:28:00.353388,1,geo_anomaly
TXN-003052,CUST-00334,1754102,MERCH-0041,Kano,2026-09-29 11:36:00.399947,0,none
TXN-005692,CUST-00279,2522879,MERCH-0076,Lagos,2026-08-03 18:50:00.024525,0,none
TXN-003125,CUST-00022,2683234,MERCH-0009,Ibadan,2026-08-23 15:41:00.787521,0,none
TXN-002492,CUST-00337,1748218,MERCH-0068,Kaduna,2026-08-16 09:36:00.857979,0,none
TXN-003855,CUST-00322,4933466,MERCH-0066,Enugu,2026-07-14 18:11:00.316707,0,none
TXN-004778,CUST-00096,4118673,MERCH-0047,Lagos,2026-08-20 09:38:00.604872,0,none
TXN-009908,CUST-00469,907967,MERCH-0029,Benin City,2026-08-28 06:49:00.921427,0,none
TXN-007510,CUST-00451,1385690,MERCH-0007,Kano,2026-08-19 09:34:00.667612,0,none
TXN-006458,CUST-00095,2387584,MERCH-0066,Abuja,2026-08-23 14:48:00.013660,0,none
TXN-006294,CUST-00394,1365494,MERCH-0012,Kaduna,2026-09-28 17:28:00.222948,0,none
TXN-001149,CUST-00179,4020523,MERCH-0054,Kano,2026-09-16 13:38:00.784197,0,none
TXN-000575,CUST-00140,5234963,MERCH-0015,Kano,2026-08-15 17:35:00.232646,0,none
TXN-003770,CUST-00115,1888635,MERCH-0037,Enugu,2026-07-22 12:03:00.733397,0,none
TXN-004147,CUST-00008,4047914,MERCH-0027,Port Harcourt,2026-07-31 10:26:00.220756,0,none
TXN-000854,CUST-00471,5272829,MERCH-0021,Abuja,2026-08-04 07:19:00.461100,0,none
TXN-005920,CUST-00041,3220358,MERCH-0080,Ibadan,2026-09-17 11:40:00.619184,0,none
TXN-009359,CUST-00341,3303310,MERCH-0027,Kano,2026-07-24 06:16:00.120221,0,none
TXN-006615,CUST-00194,3048729,MERCH-0074,Kaduna,2026-08-10 14:56:00.603858,0,none
TXN-006003,CUST-00019,4800222,MERCH-0071,Abuja,2026-08-27 09:01:00.605919,0,none
TXN-009164,CUST-00379,1468060,MERCH-0091,Kano,2026-08-02 10:36:00.691738,0,none
TXN-004496,CUST-00057,4243494,MERCH-0034,Benin City,2026-08-18 21:26:00.346669,0,none
TXN-008174,CUST-00385,2651471,MERCH-0050,Abuja,2026-07-08 11:51:00.577002,0,none
TXN-006656,CUST-00157,2012528,MERCH-0088,Abuja,2026-08-12 18:53:00.558682,0,none
TXN-002369,CUST-00392,2257150,MERCH-0038,Kaduna,2026-08-02 16:05:00.639528,0,none
TXN-004781,CUST-00109,4374317,MERCH-0008,Abuja,2026-08-29 20:25:00.058833,0,none
TXN-007993,CUST-00400,880403,MERCH-0009,Enugu,2026-10-02 18:07:00.049226,0,none
TXN-002951,CUST-00484,1464202,MERCH-0039,Lagos,2026-10-04 22:13:00.495336,0,none
TXN-005626,CUST-00143,904977,MERCH-0028,Enugu,2026-08-10 10:31:00.538755,0,none
TXN-006972,CUST-00210,81532272,MERCH-0041,Benin City,2026-09-18 15:46:00.038032,1,amount_anomaly
TXN-008717,CUST-00354,2174764,MERCH-0001,Kaduna,2026-08-18 17:07:00.563546,0,none
TXN-001842,CUST-00495,1869068,MERCH-0094,Port Harcourt,2026-09-18 12:50:00.852472,0,none
TXN-005987,CUST-00274,1675003,MERCH-0011,Ibadan,2026-08-05 13:39:00.395801,0,none
TXN-000538,CUST-00292,4426209,MERCH-0078,Enugu,2026-08-17 16:42:00.778606,0,none
TXN-002807,CUST-00269,4267825,MERCH-0070,Kaduna,2026-07-17 11:18:00.996509,0,none
TXN-005802,CUST-00427,2972011,MERCH-0001,Abuja,2026-07-24 09:05:00.000833,0,none
TXN-005597,CUST-00182,1237417,MERCH-0006,Benin City,2026-08-12 11:49:00.885395,0,none
TXN-007207,CUST-00077,2764601,MERCH-0068,Ibadan,2026-07-26 12:40:00.911597,0,none
TXN-007344,CUST-00251,1885286,MERCH-0029,Benin City,2026-07-29 08:30:00.805332,0,none
TXN-007561,CUST-00420,3063223,MERCH-0093,Port Harcourt,2026-08-05 21:16:00.247236,0,none
TXN-008097,CUST-00330,1703625,MERCH-0094,Enugu,2026-08-06 13:28:00.006142,0,none
TXN-000785,CUST-00403,3348647,MERCH-0074,Abuja,2026-07-11 17:05:00.946936,0,none
TXN-001410,CUST-00108,754472,MERCH-0013,Lagos,2026-09-28 13:56:00.396310,0,none
TXN-000155,CUST-00208,4857596,MERCH-0008,Port Harcourt,2026-07-08 18:20:00.045630,0,none
TXN-007807,CUST-00373,4447813,MERCH-0021,Kaduna,2026-08-11 13:56:00.806202,0,none
TXN-003010,CUST-00483,3425283,MERCH-0097,Enugu,2026-07-10 10:46:00.427039,0,none
TXN-001687,CUST-00221,2197177,MERCH-0076,Benin City,2026-09-02 11:32:00.365868,0,none
TXN-004015,CUST-00254,3235719,MERCH-0058,Lagos,2026-07-13 17:34:00.276529,0,none
TXN-007456,CUST-00017,1935495,MERCH-0042,Ibadan,2026-09-29 19:12:00.822684,0,none
TXN-003864,CUST-00454,100991722,MERCH-0039,Abuja,2026-09-14 10:31:00.980829,1,amount_anomaly
TXN-002734,CUST-00394,1238856,MERCH-0083,Kaduna,2026-08-07 18:03:00.153663,0,none
TXN-001896,CUST-00028,4876579,MERCH-0049,Enugu,2026-09-11 15:16:00.694072,0,none
TXN-005443,CUST-00065,3431376,MERCH-0097,Ibadan,2026-07-11 14:59:00.206103,0,none
TXN-000570,CUST-00422,773866,MERCH-0084,Kaduna,2026-07-26 18:10:00.793230,0,none
TXN-006710,CUST-00453,1520877,MERCH-0064,Kaduna,2026-08-04 11:42:00.960566,0,none
TXN-005855,CUST-00161,3811340,MERCH-0078,Enugu,2026-07-24 13:47:00.873402,0,none
TXN-001817,CUST-00192,5835874,MERCH-0078,Benin City,2026-07-12 10:28:00.226328,0,none
TXN-008320,CUST-00487,1528728,MERCH-0051,Kano,2026-07-19 17:30:00.450028,0,none
TXN-003395,CUST-00462,3005250,MERCH-0018,Ibadan,2026-07-20 19:18:00.018456,0,none
TXN-003328,CUST-00017,2519916,MERCH-0003,Ibadan,2026-09-19 11:44:00.267704,0,none
TXN-BURST-TXN-009547-0,CUST-00216,5382974,MERCH-0007,Benin City,2026-08-28 17:07:30.243526,1,velocity_burst
TXN-006103,CUST-00041,2028384,MERCH-0080,Ibadan,2026-08-16 06:14:00.535205,0,none
TXN-002976,CUST-00317,3109742,MERCH-0012,Ibadan,2026-07-29 11:56:00.741960,0,none
TXN-000981,CUST-00473,5116172,MERCH-0010,Port Harcourt,2026-08-04 19:20:00.130672,0,none
TXN-000191,CUST-00212,2174861,MERCH-0098,Enugu,2026-09-14 07:06:00.332489,0,none
TXN-009332,CUST-00130,2224252,MERCH-0100,Kano,2026-09-29 11:56:00.047924,0,none
TXN-005089,CUST-00115,2346459,MERCH-0096,Enugu,2026-09-13 18:57:00.821206,0,none
TXN-000700,CUST-00032,1232824,MERCH-0092,Abuja,2026-08-12 10:27:00.726197,0,none
TXN-BURST-TXN-003067-2,CUST-00400,1580127,MERCH-0050,Enugu,2026-09-20 16:40:30.507455,1,velocity_burst
TXN-000607,CUST-00043,4355910,MERCH-0059,Abuja,2026-08-16 19:50:00.310955,0,none
TXN-000302,CUST-00473,4968027,MERCH-0029,Port Harcourt,2026-07-25 13:24:00.991175,0,none
TXN-003421,CUST-00120,4019932,MERCH-0016,Enugu,2026-09-15 18:45:00.511421,0,none
TXN-BURST-TXN-003769-0,CUST-00452,2619229,MERCH-0059,Ibadan,2026-08-09 18:44:30.517067,1,velocity_burst
TXN-001061,CUST-00359,6035746,MERCH-0018,Benin City,2026-07-30 17:12:00.334633,0,none
TXN-003445,CUST-00039,1841920,MERCH-0091,Kano,2026-08-04 13:27:00.334477,0,none
TXN-001070,CUST-00369,2266981,MERCH-0008,Lagos,2026-09-05 18:30:00.437639,0,none
TXN-002206,CUST-00339,422732,MERCH-0028,Abuja,2026-08-18 14:34:00.483527,0,none
TXN-009436,CUST-00221,2118096,MERCH-0076,Benin City,2026-09-30 03:37:00.102758,1,off_hours
TXN-007340,CUST-00421,7901408,MERCH-0013,Ibadan,2026-07-12 18:39:00.921557,0,none
TXN-008209,CUST-00328,4589695,MERCH-0017,Enugu,2026-09-10 13:55:00.051488,0,none
TXN-007680,CUST-00472,462081,MERCH-0006,Port Harcourt,2026-08-19 13:57:00.068033,0,none
TXN-004643,CUST-00007,821314,MERCH-0049,Abuja,2026-09-03 09:03:00.410971,0,none
TXN-007684,CUST-00091,4249735,MERCH-0030,Lagos,2026-07-21 17:11:00.989012,0,none
TXN-009008,CUST-00384,485217,MERCH-0032,Kano,2026-07-14 18:40:00.477077,0,none
TXN-007997,CUST-00252,3236648,MERCH-0045,Lagos,2026-09-27 18:02:00.610906,0,none
TXN-005601,CUST-00165,2054373,MERCH-0085,Port Harcourt,2026-09-25 16:23:00.888348,0,none
TXN-009152,CUST-00404,901321,MERCH-0052,Kaduna,2026-10-05 13:13:00.856687,0,none
TXN-007023,CUST-00198,1033487,MERCH-0021,Kaduna,2026-08-23 12:19:00.973078,0,none
TXN-004894,CUST-00002,3963138,MERCH-0065,Abuja,2026-07-12 14:48:00.813808,0,none
TXN-000226,CUST-00296,3978683,MERCH-0010,Kano,2026-09-16 17:57:00.820958,0,none
TXN-003355,CUST-00286,2670297,MERCH-0058,Kaduna,2026-07-18 08:20:00.016587,0,none
TXN-005896,CUST-00303,3844085,MERCH-0039,Abuja,2026-07-08 10:06:00.488039,0,none
TXN-008755,CUST-00444,1917681,MERCH-0080,Kano,2026-09-04 19:43:00.281134,0,none
TXN-003437,CUST-00284,2785994,MERCH-0035,Abuja,2026-09-18 17:05:00.385144,0,none
TXN-001694,CUST-00069,3667839,MERCH-0081,Lagos,2026-08-27 12:46:00.884934,0,none
TXN-006894,CUST-00216,4773419,MERCH-0072,Benin City,2026-08-11 16:27:00.995957,0,none
TXN-001046,CUST-00405,148985850,MERCH-0096,Lagos,2026-07-13 09:13:00.758055,1,amount_anomaly
TXN-003447,CUST-00138,1656273,MERCH-0046,Benin City,2026-08-24 16:58:00.145099,0,none
TXN-008051,CUST-00011,2530013,MERCH-0084,Abuja,2026-10-01 18:16:00.320537,0,none
TXN-009147,CUST-00155,1619295,MERCH-0094,Kano,2026-07-15 12:08:00.775975,0,none
TXN-BURST-TXN-009520-2,CUST-00439,1954488,MERCH-0038,Ibadan,2026-07-08 17:31:30.649688,1,velocity_burst
TXN-004736,CUST-00413,794382,MERCH-0100,Port Harcourt,2026-07-27 09:09:00.221497,0,none
TXN-004497,CUST-00426,4652963,MERCH-0100,Benin City,2026-09-22 12:25:00.157806,0,none
TXN-001219,CUST-00317,2200672,MERCH-0012,Ibadan,2026-08-19 10:02:00.411422,0,none
TXN-006016,CUST-00110,3586634,MERCH-0053,Port Harcourt,2026-09-04 20:05:00.539179,0,none
TXN-009720,CUST-00396,3064245,MERCH-0020,Kaduna,2026-07-11 14:26:00.899024,0,none
TXN-003988,CUST-00225,5429172,MERCH-0094,Kano,2026-08-04 17:54:00.472480,0,none
TXN-004912,CUST-00363,4115757,MERCH-0058,Enugu,2026-09-25 11:52:00.143097,0,none
TXN-009493,CUST-00324,3489583,MERCH-0074,Enugu,2026-09-13 19:17:00.397918,0,none
TXN-004494,CUST-00495,1563606,MERCH-0094,Port Harcourt,2026-07-23 18:09:00.178344,0,none
TXN-006945,CUST-00488,3272959,MERCH-0021,Benin City,2026-09-12 22:17:00.755214,0,none
TXN-005700,CUST-00254,2587811,MERCH-0005,Lagos,2026-09-23 10:39:00.847744,0,none
TXN-008353,CUST-00369,2406520,MERCH-0036,Lagos,2026-07-25 11:38:00.509935,0,none
TXN-000957,CUST-00020,3125809,MERCH-0070,Kano,2026-09-10 15:42:00.824480,0,none
TXN-002870,CUST-00106,3626413,MERCH-0044,Kano,2026-08-08 10:44:00.594291,0,none
TXN-004434,CUST-00383,1395402,MERCH-0041,Ibadan,2026-07-30 19:14:00.311559,0,none
TXN-004974,CUST-00200,602066,MERCH-0048,Kaduna,2026-09-22 15:58:00.798901,0,none
TXN-002962,CUST-00271,608987,MERCH-0082,Kano,2026-07-14 13:21:00.737367,0,none
TXN-002201,CUST-00225,2691229,MERCH-0079,Kano,2026-10-01 07:35:00.862038,0,none
TXN-000099,CUST-00305,3868148,MERCH-0095,Enugu,2026-09-22 11:50:00.026999,0,none
TXN-BURST-TXN-004707-1,CUST-00260,3558422,MERCH-0068,Kaduna,2026-08-31 14:03:00.752818,1,velocity_burst
TXN-002558,CUST-00275,5256861,MERCH-0098,Enugu,2026-08-10 14:54:00.818506,0,none
TXN-008446,CUST-00326,1714223,MERCH-0089,Lagos,2026-08-28 10:17:00.943540,0,none
TXN-004200,CUST-00373,4232777,MERCH-0085,Kaduna,2026-07-25 18:47:00.031160,0,none
TXN-009638,CUST-00075,2461877,MERCH-0093,Benin City,2026-08-29 16:31:00.105079,0,none
TXN-005540,CUST-00221,2127513,MERCH-0065,Benin City,2026-09-10 09:50:00.082911,0,none
TXN-001649,CUST-00292,2274265,MERCH-0077,Enugu,2026-09-07 16:29:00.117327,0,none
TXN-009889,CUST-00310,2674156,MERCH-0055,Abuja,2026-08-31 13:10:00.910293,0,none
TXN-006198,CUST-00424,5961523,MERCH-0010,Abuja,2026-08-12 19:10:00.136003,0,none
TXN-006296,CUST-00131,3186231,MERCH-0079,Benin City,2026-09-15 14:38:00.346574,0,none
TXN-004500,CUST-00089,1081375,MERCH-0096,Kano,2026-07-14 10:27:00.191898,0,none
TXN-001155,CUST-00137,1547927,MERCH-0013,Kaduna,2026-09-21 17:49:00.704803,0,none
TXN-002256,CUST-00200,1115972,MERCH-0009,Kaduna,2026-08-22 11:23:00.141950,0,none
TXN-009875,CUST-00242,665280,MERCH-0008,Port Harcourt,2026-08-27 10:33:00.562745,0,none
TXN-003171,CUST-00083,4680565,MERCH-0073,Abuja,2026-07-14 16:48:00.328534,0,none
TXN-007401,CUST-00348,2748285,MERCH-0002,Abuja,2026-09-17 16:59:00.723188,0,none
TXN-007159,CUST-00184,1414713,MERCH-0023,Abuja,2026-08-26 13:11:00.982022,0,none
TXN-003109,CUST-00182,1206519,MERCH-0061,Benin City,2026-08-30 11:44:00.814322,0,none
TXN-004549,CUST-00341,3207182,MERCH-0027,Kano,2026-09-05 17:50:00.583513,0,none
TXN-005424,CUST-00089,504769,MERCH-0057,Kano,2026-07-12 16:14:00.119897,0,none
TXN-002050,CUST-00192,5573944,MERCH-0078,Benin City,2026-08-19 16:27:00.175025,0,none
TXN-009209,CUST-00241,625941,MERCH-0097,Ibadan,2026-08-19 14:08:00.000107,0,none
TXN-008816,CUST-00224,1625456,MERCH-0057,Enugu,2026-08-06 07:25:00.763638,0,none
TXN-BURST-TXN-003652-2,CUST-00138,1750490,MERCH-0016,Benin City,2026-09-22 15:51:30.408416,1,velocity_burst
TXN-000263,CUST-00314,1009794,MERCH-0022,Port Harcourt,2026-10-03 12:03:00.773721,0,none
TXN-004062,CUST-00339,777808,MERCH-0006,Abuja,2026-08-15 11:52:00.416759,0,none
TXN-005535,CUST-00369,2289510,MERCH-0062,Lagos,2026-08-01 20:27:00.058573,0,none
TXN-006617,CUST-00095,3853706,MERCH-0052,Abuja,2026-09-29 13:43:00.979999,0,none
TXN-008121,CUST-00422,2010540,MERCH-0012,Kaduna,2026-07-14 17:05:00.010616,0,none
TXN-008156,CUST-00405,2940651,MERCH-0061,Lagos,2026-09-10 10:11:00.723926,0,none
TXN-001803,CUST-00142,1099290,MERCH-0073,Port Harcourt,2026-09-28 10:10:00.206487,0,none
TXN-004737,CUST-00187,5683455,MERCH-0084,Enugu,2026-07-27 10:44:00.545379,0,none
TXN-002386,CUST-00493,3919252,MERCH-0087,Ibadan,2026-09-13 09:20:00.304161,0,none
TXN-006695,CUST-00316,798346,MERCH-0055,Benin City,2026-08-29 13:17:00.527223,0,none
TXN-005760,CUST-00445,1129129,MERCH-0035,Kano,2026-07-13 19:24:00.169193,0,none
TXN-001960,CUST-00091,4348157,MERCH-0087,Lagos,2026-08-06 16:41:00.666964,0,none
TXN-002977,CUST-00098,2195399,MERCH-0021,Kaduna,2026-10-04 15:49:00.329601,0,none
TXN-008681,CUST-00350,2156234,MERCH-0074,Enugu,2026-08-04 03:12:00.139078,1,off_hours
TXN-001844,CUST-00429,4989269,MERCH-0048,Enugu,2026-09-09 19:57:00.834605,0,none
TXN-001735,CUST-00238,3972603,MERCH-0059,Kaduna,2026-09-29 18:25:00.241951,0,none
TXN-002912,CUST-00492,2268138,MERCH-0041,Port Harcourt,2026-08-26 20:05:00.172069,0,none
TXN-008339,CUST-00436,2828162,MERCH-0033,Abuja,2026-08-21 18:38:00.436170,0,none
TXN-001987,CUST-00087,159908796,MERCH-0059,Kaduna,2026-07-28 14:00:00.351635,1,amount_anomaly
TXN-009562,CUST-00278,4992362,MERCH-0088,Ibadan,2026-09-03 16:29:00.130541,0,none
TXN-006547,CUST-00364,628166,MERCH-0016,Ibadan,2026-07-25 09:58:00.691456,0,none
TXN-007099,CUST-00328,4618175,MERCH-0028,Enugu,2026-07-17 08:20:00.315184,0,none
TXN-002812,CUST-00083,2999873,MERCH-0020,Abuja,2026-09-19 12:28:00.882436,0,none
TXN-000660,CUST-00199,2472358,MERCH-0018,Kano,2026-07-31 14:41:00.428696,0,none
TXN-009987,CUST-00169,6727327,MERCH-0099,Abuja,2026-08-18 14:58:00.333608,0,none
TXN-002512,CUST-00426,4164925,MERCH-0041,Benin City,2026-07-26 17:24:00.342520,0,none
TXN-004283,CUST-00411,2704080,MERCH-0051,Ibadan,2026-09-02 09:45:00.106235,0,none
TXN-009340,CUST-00471,2945444,MERCH-0021,Abuja,2026-08-05 18:20:00.725917,0,none
TXN-008801,CUST-00062,2447919,MERCH-0050,Enugu,2026-08-15 16:29:00.427969,0,none
TXN-006288,CUST-00018,3402746,MERCH-0031,Abuja,2026-08-26 15:09:00.043613,0,none
TXN-001931,CUST-00381,1992391,MERCH-0029,Kaduna,2026-09-04 19:16:00.829703,1,velocity_burst
TXN-007126,CUST-00277,3719962,MERCH-0068,Kaduna,2026-09-02 14:25:00.502798,0,none
TXN-000198,CUST-00321,3067346,MERCH-0074,Benin City,2026-09-07 20:54:00.909573,0,none
TXN-007778,CUST-00230,5494821,MERCH-0006,Enugu,2026-09-25 10:33:00.536265,0,none
TXN-002932,CUST-00095,1660221,MERCH-0099,Abuja,2026-07-25 08:51:00.538001,0,none
TXN-008005,CUST-00013,1121366,MERCH-0066,Enugu,2026-07-12 12:50:00.352527,0,none
TXN-002328,CUST-00011,2828606,MERCH-0083,Abuja,2026-08-03 20:36:00.163763,0,none
TXN-004390,CUST-00005,3826009,MERCH-0034,Abuja,2026-08-20 15:54:00.782685,0,none
TXN-008959,CUST-00306,5031200,MERCH-0001,Ibadan,2026-07-20 15:31:00.056317,0,none
TXN-004219,CUST-00073,2874237,MERCH-0058,Enugu,2026-07-16 10:01:00.850398,0,none
TXN-000203,CUST-00059,1049450,MERCH-0050,Benin City,2026-09-09 09:12:00.619746,0,none
TXN-003511,CUST-00152,3343088,MERCH-0080,Enugu,2026-07-29 17:28:00.098867,0,none
TXN-004932,CUST-00206,4686350,MERCH-0006,Kano,2026-08-23 10:55:00.791036,0,none
TXN-005536,CUST-00132,1754233,MERCH-0052,Port Harcourt,2026-07-16 08:48:00.331596,0,none
TXN-009926,CUST-00003,1795490,MERCH-0001,Lagos,2026-07-10 10:20:00.526536,0,none
TXN-005792,CUST-00204,2198574,MERCH-0033,Port Harcourt,2026-08-22 18:32:00.878455,0,none
TXN-001708,CUST-00307,1645470,MERCH-0042,Abuja,2026-08-25 18:34:00.584443,0,none
TXN-005173,CUST-00076,2920178,MERCH-0038,Kaduna,2026-10-04 04:34:00.623545,1,off_hours
TXN-005250,CUST-00412,3698659,MERCH-0045,Kaduna,2026-08-10 09:47:00.968343,0,none
TXN-006529,CUST-00419,818960,MERCH-0064,Ibadan,2026-09-26 12:29:00.928404,0,none
TXN-BURST-TXN-004707-0,CUST-00260,3558422,MERCH-0068,Kaduna,2026-08-31 14:02:30.752818,1,velocity_burst
TXN-005856,CUST-00410,2790037,MERCH-0007,Ibadan,2026-07-09 11:56:00.509683,0,none
TXN-008165,CUST-00385,2298018,MERCH-0001,Abuja,2026-08-11 08:28:00.127515,0,none
TXN-000855,CUST-00313,3626637,MERCH-0057,Kaduna,2026-10-04 17:03:00.901252,0,none
TXN-004738,CUST-00103,4794840,MERCH-0050,Benin City,2026-07-09 14:36:00.409910,0,none
TXN-000699,CUST-00303,3710041,MERCH-0006,Abuja,2026-07-24 12:45:00.128887,0,none
TXN-003697,CUST-00398,2224149,MERCH-0092,Ibadan,2026-08-29 17:41:00.906297,0,none
TXN-001637,CUST-00278,4747236,MERCH-0070,Ibadan,2026-07-25 23:59:00.471244,1,off_hours
TXN-007281,CUST-00092,1883416,MERCH-0067,Lagos,2026-09-04 13:12:00.671412,0,none
TXN-007555,CUST-00157,1838129,MERCH-0058,Abuja,2026-09-06 10:03:00.028885,0,none
TXN-003582,CUST-00190,2673012,MERCH-0055,Abuja,2026-07-10 16:11:00.856694,0,none
TXN-001292,CUST-00340,2696280,MERCH-0065,Lagos,2026-08-31 17:53:00.028526,0,none
TXN-006586,CUST-00175,4976708,MERCH-0004,Kano,2026-09-03 14:21:00.860905,0,none
TXN-001854,CUST-00176,3590667,MERCH-0092,Benin City,2026-08-09 17:53:00.169132,0,none
TXN-005233,CUST-00278,5243479,MERCH-0088,Ibadan,2026-09-16 13:43:00.840318,0,none
TXN-003764,CUST-00418,852476,MERCH-0084,Kaduna,2026-09-06 14:56:00.552241,0,none
TXN-003305,CUST-00286,3792914,MERCH-0056,Kaduna,2026-09-16 09:49:00.011305,1,velocity_burst
TXN-001496,CUST-00497,2114299,MERCH-0038,Kaduna,2026-08-23 17:00:00.662662,0,none
TXN-007995,CUST-00157,2415000,MERCH-0088,Abuja,2026-07-24 09:00:00.948277,0,none
TXN-001999,CUST-00463,3670355,MERCH-0080,Port Harcourt,2026-07-26 13:15:00.775683,0,none
TXN-000664,CUST-00103,4859204,MERCH-0050,Benin City,2026-08-28 16:56:00.659859,0,none
TXN-003749,CUST-00458,3453686,MERCH-0028,Kano,2026-07-17 18:11:00.225910,0,none
TXN-004414,CUST-00136,1189426,MERCH-0088,Enugu,2026-08-30 01:40:00.825654,1,off_hours
TXN-005531,CUST-00070,852412,MERCH-0073,Ibadan,2026-08-01 14:29:00.947112,0,none
TXN-005576,CUST-00455,4110635,MERCH-0029,Ibadan,2026-09-20 19:19:00.478285,0,none
TXN-008902,CUST-00043,3145664,MERCH-0059,Abuja,2026-09-29 21:21:00.185295,0,none
TXN-007527,CUST-00072,2307570,MERCH-0060,Kaduna,2026-09-21 13:21:00.974445,0,none
TXN-009475,CUST-00031,1257475,MERCH-0031,Kano,2026-08-25 17:38:00.696804,0,none
TXN-005865,CUST-00326,2002413,MERCH-0055,Lagos,2026-09-21 19:47:00.575352,0,none
TXN-006777,CUST-00382,991714,MERCH-0099,Port Harcourt,2026-09-08 15:22:00.269989,0,none
TXN-001307,CUST-00335,1669924,MERCH-0078,Abuja,2026-09-02 10:51:00.778206,0,none
TXN-007393,CUST-00448,6098023,MERCH-0041,Kaduna,2026-07-27 13:58:00.629086,0,none
TXN-005593,CUST-00290,3311889,MERCH-0033,Kano,2026-08-28 11:47:00.312936,0,none
TXN-009722,CUST-00458,2471168,MERCH-0028,Kano,2026-09-09 10:28:00.726757,0,none
TXN-001664,CUST-00311,1021964,MERCH-0024,Kaduna,2026-08-14 15:26:00.405824,0,none
TXN-005451,CUST-00167,4800501,MERCH-0024,Abuja,2026-08-24 19:43:00.808936,0,none
TXN-BURST-TXN-008295-2,CUST-00498,5036452,MERCH-0051,Kano,2026-09-11 22:56:30.857348,1,velocity_burst
TXN-BURST-TXN-008614-2,CUST-00091,3647244,MERCH-0087,Lagos,2026-09-30 13:33:30.730741,1,velocity_burst
TXN-003628,CUST-00202,3842293,MERCH-0082,Abuja,2026-09-29 21:56:00.181932,0,none
TXN-002694,CUST-00237,1270686,MERCH-0018,Port Harcourt,2026-07-16 12:10:00.663316,0,none
TXN-009790,CUST-00500,1872330,MERCH-0006,Kaduna,2026-07-31 08:28:00.000526,0,none
TXN-005916,CUST-00483,3678637,MERCH-0009,Enugu,2026-07-29 21:58:00.740501,0,none
TXN-003158,CUST-00376,2569752,MERCH-0008,Kaduna,2026-08-25 19:20:00.416614,0,none
TXN-009915,CUST-00203,2186421,MERCH-0067,Kano,2026-08-30 14:12:00.114840,0,none
TXN-006669,CUST-00306,2828983,MERCH-0097,Ibadan,2026-07-17 14:26:00.421628,0,none
TXN-001060,CUST-00220,3630490,MERCH-0042,Benin City,2026-08-29 20:54:00.176624,0,none
TXN-004637,CUST-00097,5166711,MERCH-0090,Kaduna,2026-09-19 15:42:00.508832,0,none
TXN-003243,CUST-00053,2186349,MERCH-0032,Ibadan,2026-08-08 12:05:00.079863,0,none
TXN-001679,CUST-00248,2287548,MERCH-0075,Kaduna,2026-08-13 13:36:00.063131,0,none
TXN-006893,CUST-00356,4725184,MERCH-0053,Enugu,2026-09-20 14:19:00.256117,1,velocity_burst
TXN-006375,CUST-00383,1932187,MERCH-0096,Ibadan,2026-09-01 11:52:00.398967,0,none
TXN-007575,CUST-00097,4238598,MERCH-0057,Kaduna,2026-09-27 15:13:00.180112,0,none
TXN-001758,CUST-00213,5449276,MERCH-0040,Kano,2026-09-02 10:47:00.682291,0,none
TXN-006020,CUST-00326,925863,MERCH-0026,Lagos,2026-09-10 16:14:00.714766,0,none
TXN-005117,CUST-00373,5467992,MERCH-0085,Kaduna,2026-08-03 15:38:00.629946,0,none
TXN-008756,CUST-00255,1914971,MERCH-0028,Lagos,2026-07-17 19:39:00.281260,0,none
TXN-007409,CUST-00426,2277637,MERCH-0024,Benin City,2026-07-25 21:32:00.028155,0,none
TXN-002791,CUST-00316,930352,MERCH-0084,Benin City,2026-10-01 13:41:00.125476,0,none
TXN-000864,CUST-00125,3618433,MERCH-0031,Enugu,2026-10-03 18:02:00.403387,0,none
TXN-007859,CUST-00053,2179355,MERCH-0079,Ibadan,2026-09-18 10:03:00.174099,0,none
TXN-001485,CUST-00137,1090877,MERCH-0013,Kaduna,2026-09-03 09:56:00.749732,0,none
TXN-007036,CUST-00186,1306575,MERCH-0006,Lagos,2026-09-02 17:43:00.480054,0,none
TXN-007722,CUST-00412,1827470,MERCH-0012,Kaduna,2026-08-10 16:45:00.097368,0,none
TXN-005978,CUST-00208,3611254,MERCH-0010,Port Harcourt,2026-08-15 11:55:00.668241,0,none
TXN-005135,CUST-00156,1867656,MERCH-0023,Ibadan,2026-07-31 09:59:00.722005,0,none
TXN-000207,CUST-00172,2314756,MERCH-0060,Ibadan,2026-09-18 07:53:00.061783,0,none
TXN-004489,CUST-00021,4678898,MERCH-0058,Port Harcourt,2026-10-01 08:47:00.418220,0,none
TXN-006939,CUST-00061,4486404,MERCH-0039,Enugu,2026-09-29 13:52:00.679529,0,none
TXN-009063,CUST-00163,1654435,MERCH-0067,Lagos,2026-08-30 16:48:00.864272,0,none
TXN-006911,CUST-00046,1266469,MERCH-0094,Port Harcourt,2026-09-02 15:56:00.250283,0,none
TXN-000503,CUST-00420,3833078,MERCH-0074,Port Harcourt,2026-08-16 20:12:00.396335,0,none
TXN-007386,CUST-00141,4118284,MERCH-0089,Ibadan,2026-09-29 22:53:00.444893,0,none
TXN-001029,CUST-00219,4748925,MERCH-0018,Ibadan,2026-08-23 19:56:00.401288,0,none
TXN-003841,CUST-00368,5095880,MERCH-0046,Enugu,2026-09-10 15:03:00.301726,0,none
TXN-008111,CUST-00310,2320009,MERCH-0050,Abuja,2026-07-16 19:38:00.641131,0,none
TXN-005057,CUST-00307,1333484,MERCH-0015,Abuja,2026-07-18 14:21:00.104198,0,none
TXN-009763,CUST-00465,4861915,MERCH-0014,Kaduna,2026-07-18 12:23:00.052879,0,none
TXN-008155,CUST-00095,2357493,MERCH-0066,Abuja,2026-08-06 09:14:00.144368,0,none
TXN-002732,CUST-00461,1358019,MERCH-0089,Kano,2026-08-20 06:32:00.836891,0,none
TXN-008997,CUST-00122,4245730,MERCH-0060,Lagos,2026-08-10 17:21:00.526095,0,none
TXN-002455,CUST-00055,3664635,MERCH-0029,Enugu,2026-08-20 07:54:00.780177,0,none
TXN-007216,CUST-00257,4640586,MERCH-0076,Kano,2026-08-17 08:46:00.475731,0,none
TXN-003105,CUST-00122,3572180,MERCH-0084,Lagos,2026-08-07 10:01:00.874292,0,none
TXN-008393,CUST-00270,3436501,MERCH-0053,Lagos,2026-08-12 13:09:00.878752,0,none
TXN-006279,CUST-00308,6582118,MERCH-0045,Kaduna,2026-07-29 16:35:00.094161,0,none
TXN-003100,CUST-00407,1524413,MERCH-0035,Ibadan,2026-10-02 09:53:00.304480,0,none
TXN-006185,CUST-00222,692161,MERCH-0075,Port Harcourt,2026-09-05 16:08:00.666452,0,none
TXN-003562,CUST-00202,3989592,MERCH-0082,Abuja,2026-08-13 16:24:00.397404,0,none
TXN-005893,CUST-00262,393079,MERCH-0076,Ibadan,2026-09-12 14:44:00.672527,0,none
TXN-000392,CUST-00429,3567601,MERCH-0026,Enugu,2026-08-23 13:00:00.313335,0,none
TXN-006737,CUST-00362,3354643,MERCH-0092,Lagos,2026-09-04 15:01:00.074962,0,none
TXN-005619,CUST-00214,2728282,MERCH-0037,Kaduna,2026-08-24 10:23:00.636756,0,none
TXN-005259,CUST-00389,2884837,MERCH-0022,Abuja,2026-08-10 12:35:00.748439,0,none
TXN-009688,CUST-00255,1961363,MERCH-0030,Lagos,2026-08-09 12:40:00.534727,0,none
TXN-002696,CUST-00353,1406050,MERCH-0032,Benin City,2026-08-29 08:25:00.607089,0,none
TXN-002028,CUST-00182,1337846,MERCH-0006,Benin City,2026-07-29 22:08:00.543100,0,none
TXN-005464,CUST-00431,2886841,MERCH-0065,Ibadan,2026-08-01 16:27:00.361647,0,none
TXN-002569,CUST-00089,1490282,MERCH-0073,Kano,2026-08-30 16:15:00.890390,0,none
TXN-008007,CUST-00017,2717056,MERCH-0063,Ibadan,2026-08-11 17:05:00.608455,0,none
TXN-000065,CUST-00114,4141503,MERCH-0046,Enugu,2026-09-11 16:31:00.106521,0,none
TXN-002063,CUST-00346,2817347,MERCH-0073,Abuja,2026-07-24 13:49:00.735188,0,none
TXN-005277,CUST-00104,4386604,MERCH-0084,Ibadan,2026-10-01 15:04:00.569774,0,none
TXN-007209,CUST-00497,1087178,MERCH-0076,Kaduna,2026-07-14 16:01:00.766850,0,none
TXN-008685,CUST-00192,5869532,MERCH-0078,Benin City,2026-09-11 12:40:00.320699,0,none
TXN-008572,CUST-00350,2701846,MERCH-0041,Enugu,2026-07-23 10:15:00.253774,0,none
TXN-006332,CUST-00041,1741147,MERCH-0021,Ibadan,2026-07-16 11:33:00.887312,0,none
TXN-004860,CUST-00181,3237115,MERCH-0074,Kano,2026-08-14 14:06:00.707605,0,none
TXN-004888,CUST-00433,6477360,MERCH-0025,Benin City,2026-07-21 09:02:00.192173,0,none
TXN-009269,CUST-00211,2396174,MERCH-0013,Kaduna,2026-08-03 15:53:00.269364,0,none
TXN-000879,CUST-00423,4469617,MERCH-0043,Ibadan,2026-09-27 12:01:00.659083,0,none
TXN-008530,CUST-00289,4397413,MERCH-0064,Kano,2026-07-24 19:37:00.878852,0,none
TXN-007917,CUST-00188,4108836,MERCH-0048,Abuja,2026-09-30 12:32:00.880561,0,none
TXN-006864,CUST-00367,1433084,MERCH-0074,Benin City,2026-08-06 20:22:00.106631,0,none
TXN-007893,CUST-00072,2589908,MERCH-0069,Kaduna,2026-08-02 09:29:00.656550,0,none
TXN-006440,CUST-00253,3106744,MERCH-0079,Kano,2026-07-26 14:40:00.132786,0,none
TXN-007870,CUST-00225,4451277,MERCH-0091,Kano,2026-08-13 19:56:00.249546,0,none
TXN-001017,CUST-00210,5787726,MERCH-0066,Benin City,2026-08-07 15:59:00.421197,0,none
TXN-009468,CUST-00266,2441755,MERCH-0073,Kaduna,2026-08-19 07:03:00.361121,0,none
TXN-007630,CUST-00142,1187453,MERCH-0073,Port Harcourt,2026-08-28 12:53:00.289335,0,none
TXN-000996,CUST-00028,3564259,MERCH-0034,Enugu,2026-08-12 12:51:00.398440,0,none
TXN-BURST-TXN-004112-2,CUST-00325,5283028,MERCH-0081,Kano,2026-07-12 18:18:30.932992,1,velocity_burst
TXN-004298,CUST-00269,4057729,MERCH-0063,Kaduna,2026-07-17 14:58:00.224998,0,none
TXN-000162,CUST-00217,733240,MERCH-0036,Port Harcourt,2026-08-24 18:58:00.345122,0,none
TXN-005676,CUST-00267,682300,MERCH-0026,Kano,2026-08-30 19:21:00.508456,0,none
TXN-006874,CUST-00310,2508603,MERCH-0054,Abuja,2026-07-08 19:08:00.210448,0,none
TXN-009693,CUST-00388,1817097,MERCH-0021,Port Harcourt,2026-08-05 17:51:00.248966,0,none
TXN-007990,CUST-00255,2409777,MERCH-0030,Lagos,2026-07-27 10:23:00.073833,0,none
TXN-003844,CUST-00453,973288,MERCH-0003,Kaduna,2026-09-14 16:46:00.229230,0,none
TXN-001022,CUST-00245,2891751,MERCH-0047,Abuja,2026-09-20 22:23:00.634050,0,none
TXN-003074,CUST-00453,1044675,MERCH-0016,Kaduna,2026-09-02 19:57:00.499484,0,none
TXN-007556,CUST-00311,1911565,MERCH-0018,Kaduna,2026-09-05 13:18:00.917588,0,none
TXN-003944,CUST-00488,2431392,MERCH-0079,Benin City,2026-08-29 16:24:00.032156,0,none
TXN-001586,CUST-00415,636904,MERCH-0092,Kano,2026-08-06 07:23:00.543576,0,none
TXN-BURST-TXN-003652-0,CUST-00138,1750490,MERCH-0016,Benin City,2026-09-22 15:50:30.408416,1,velocity_burst
TXN-003153,CUST-00492,2213417,MERCH-0041,Port Harcourt,2026-09-08 17:43:00.100071,0,none
TXN-008227,CUST-00289,3171874,MERCH-0009,Kano,2026-09-12 18:13:00.155259,0,none
TXN-000776,CUST-00071,3876362,MERCH-0082,Enugu,2026-08-01 20:42:00.174388,0,none
TXN-009671,CUST-00344,1564452,MERCH-0034,Kano,2026-09-09 18:08:00.231054,0,none
TXN-007100,CUST-00267,728618,MERCH-0020,Kano,2026-09-22 11:13:00.931458,0,none
TXN-005487,CUST-00331,2389095,MERCH-0100,Abuja,2026-07-12 12:21:00.580121,0,none
TXN-006236,CUST-00338,1599721,MERCH-0047,Benin City,2026-09-24 20:58:00.170823,0,none
TXN-009556,CUST-00154,4613364,MERCH-0044,Enugu,2026-09-27 11:53:00.781227,0,none
TXN-007042,CUST-00073,1798813,MERCH-0032,Enugu,2026-08-11 17:22:00.531255,0,none
TXN-002613,CUST-00469,1165347,MERCH-0080,Benin City,2026-07-08 10:05:00.929606,0,none
TXN-007514,CUST-00344,2283536,MERCH-0002,Kano,2026-08-27 18:17:00.420899,0,none
TXN-BURST-TXN-006197-2,CUST-00440,3157025,MERCH-0086,Kaduna,2026-08-31 11:20:30.721578,1,velocity_burst
TXN-008434,CUST-00153,3072192,MERCH-0056,Kaduna,2026-09-05 14:49:00.031837,0,none
TXN-BURST-TXN-006671-1,CUST-00047,5783293,MERCH-0006,Abuja,2026-09-16 10:44:00.342043,1,velocity_burst
TXN-008793,CUST-00489,1430490,MERCH-0073,Port Harcourt,2026-08-30 19:44:00.668805,0,none
TXN-005394,CUST-00328,3801655,MERCH-0091,Enugu,2026-08-01 08:58:00.229112,0,none
TXN-008839,CUST-00221,2405613,MERCH-0044,Benin City,2026-10-03 14:42:00.146837,0,none
TXN-003891,CUST-00152,1808123,MERCH-0042,Enugu,2026-09-02 19:24:00.782096,0,none
TXN-003557,CUST-00199,3284800,MERCH-0026,Kano,2026-09-30 13:30:00.882749,0,none
TXN-001529,CUST-00214,1916510,MERCH-0007,Kaduna,2026-07-23 16:36:00.582455,0,none
TXN-001268,CUST-00053,1885118,MERCH-0061,Ibadan,2026-07-12 12:04:00.528617,0,none
TXN-007735,CUST-00469,552816,MERCH-0080,Benin City,2026-08-12 14:39:00.746786,0,none
TXN-001900,CUST-00389,3249026,MERCH-0084,Abuja,2026-07-17 20:05:00.315993,0,none
TXN-004659,CUST-00119,5624809,MERCH-0097,Port Harcourt,2026-07-20 19:38:00.531197,0,none
TXN-003006,CUST-00299,1531183,MERCH-0067,Enugu,2026-09-24 16:26:00.905697,0,none
TXN-002735,CUST-00255,76589340,MERCH-0008,Lagos,2026-08-16 15:49:00.632333,1,amount_anomaly
TXN-000190,CUST-00356,4203715,MERCH-0067,Enugu,2026-07-13 11:33:00.397184,0,none
TXN-009999,CUST-00266,3153395,MERCH-0006,Kaduna,2026-10-02 11:43:00.226725,0,none
TXN-009168,CUST-00115,3315821,MERCH-0100,Enugu,2026-08-23 13:54:00.305958,0,none
TXN-002748,CUST-00484,21069556,MERCH-0088,Lagos,2026-09-11 19:01:00.251275,1,amount_anomaly
TXN-002048,CUST-00383,2416072,MERCH-0096,Ibadan,2026-07-20 11:07:00.047777,0,none
TXN-007850,CUST-00042,620066,MERCH-0035,Enugu,2026-08-13 07:01:00.546253,0,none
TXN-002559,CUST-00486,2491558,MERCH-0087,Kano,2026-09-02 17:21:00.349203,0,none
TXN-009275,CUST-00228,4711953,MERCH-0072,Port Harcourt,2026-10-05 19:14:00.570626,0,none
TXN-008667,CUST-00468,6246001,MERCH-0086,Ibadan,2026-07-09 12:57:00.726209,0,none
TXN-006397,CUST-00435,2648368,MERCH-0077,Lagos,2026-07-14 11:14:00.684772,0,none
TXN-003386,CUST-00090,4121018,MERCH-0064,Abuja,2026-07-27 10:07:00.904515,0,none
TXN-004556,CUST-00024,1307844,MERCH-0007,Abuja,2026-09-26 16:48:00.444232,0,none
TXN-001185,CUST-00416,3869955,MERCH-0075,Benin City,2026-07-31 15:10:00.252331,0,none
TXN-006421,CUST-00107,3768325,MERCH-0070,Abuja,2026-07-26 17:00:00.614432,0,none
TXN-005052,CUST-00388,1453727,MERCH-0049,Port Harcourt,2026-08-25 19:04:00.498188,0,none
TXN-005312,CUST-00435,4330587,MERCH-0089,Lagos,2026-08-04 20:51:00.733120,0,none
TXN-002434,CUST-00392,2596503,MERCH-0012,Kaduna,2026-08-09 13:01:00.298632,0,none
TXN-006950,CUST-00087,2908061,MERCH-0059,Kaduna,2026-08-28 13:55:00.275324,0,none
TXN-000770,CUST-00302,4134988,MERCH-0061,Benin City,2026-08-26 08:59:00.256836,0,none
TXN-001686,CUST-00052,2923241,MERCH-0097,Abuja,2026-08-12 10:53:00.498800,0,none
TXN-008323,CUST-00326,1872320,MERCH-0089,Lagos,2026-07-14 07:27:00.673578,0,none
TXN-005579,CUST-00333,3595874,MERCH-0012,Kaduna,2026-07-17 19:46:00.693429,0,none
TXN-004427,CUST-00453,1093793,MERCH-0096,Kaduna,2026-09-25 14:50:00.766523,0,none
TXN-000467,CUST-00154,7574035,MERCH-0043,Enugu,2026-09-14 09:41:00.566749,0,none
TXN-006266,CUST-00143,1898731,MERCH-0068,Enugu,2026-09-19 10:01:00.091498,0,none
TXN-005735,CUST-00493,2911250,MERCH-0043,Ibadan,2026-08-04 15:01:00.516645,0,none
TXN-005192,CUST-00262,676263,MERCH-0025,Kaduna,2026-09-17 08:24:00.664092,1,geo_anomaly
TXN-005391,CUST-00133,1134496,MERCH-0019,Kaduna,2026-09-18 13:01:00.883422,0,none
TXN-000861,CUST-00053,3196595,MERCH-0079,Ibadan,2026-08-09 10:57:00.410243,0,none
TXN-007271,CUST-00478,4785999,MERCH-0038,Benin City,2026-07-26 17:36:00.376046,0,none
